token,tf_chi_square
台積,8346.639398217405
台積電,6594.962956062187
積電,5159.705602358333
張忠謀,1909.7040586776131
理器,433.5926062517399
奈米,425.97011309622457
晶圓,272.1476799057616
半導體,251.41018009166632
半導,233.58125084946911
英特,172.55081021681417
體產業,143.75960967319403
權證,110.26745915541532
權值,106.14938031470497
代工,89.70256705495261
認售,87.95028819312402
市值,85.37330712820832
除息,57.779640806235975
億至,46.70094303522481
南京,41.08144174508759
財測,33.62609349721339
填息,33.086901691559696
調薪,31.743172204843855
股盤,26.449591470758634
高台,25.040771326196403
高通,24.482541010501127
蘋概,17.611319556722762
股息,15.825083116471117
大立光,14.881747348935662
大立,14.188964353769839
本季,12.053978211311783
點大關,9.508561848156308
聯發,8.682186786195182
聯電,6.410784296485351
認購,6.01076397016349
產出,4.3035629157597395
台股,3.7568049181703715
翻紅,3.290262887773121
美系,3.031752426502457
量產,2.9842774639846046
機台,2.6479191886055786
跳空,2.627049799541493
外資,2.5208772943390976
發科,2.469389815914872
尾盤,1.6645064416638327
金融股,1.3498829853544663
陸資,1.1377250110788815
在點,1.124774631523682
法說,0.9678644008155757
交投,0.8602879340998595
超台,0.6311420644400557
晶片,0.5970681388310349
多空,0.4780303094327224
盤勢,0.4635146642759797
投資案,0.4398248140718944
交大,0.4330440186029188
期指,0.40564498770469004
波段,0.38495914699465744
平盤,0.3187495388323339
年線,0.2808233155003164
值新,0.23244720578242548
可成,0.18679334967457398
漲元,0.1668762447847653
股王,0.16633896206761445
賣超,0.13221755102046362
上攻,0.10463569513622001
參股,0.07252966666841841
訂單,0.046707152417799984
失守,0.02142744727068197
封測,0.0164500848710867
封裝,0.0045147743928714065
股漲,-0.0016237382883015751
季線,-0.003810177529969174
年薪,-0.004916533434859096
說會,-0.009250145541559628
聯發科,-0.014893205542600164
權息,-0.019858530555647486
刷新,-0.031175136723156582
小跌,-0.03419790471290621
市占率,-0.03985841917865216
創歷史,-0.053782249112709055
之上,-0.09942316876556645
加薪,-0.12780622126539645
股指,-0.21007406409227486
利用率,-0.2967930726124368
電路,-0.30544367777788317
開高,-0.3411345630538634
運算,-0.40301752178775613
多頭,-0.42083855592884084
群益,-0.4507106971125695
偏多,-0.5341927262313387
買盤,-0.5397527843437249
大盤,-0.669668285381427
領頭,-0.6849181476324034
攀高,-0.7916950183731838
科技股,-0.9427048715345242
股表現,-1.0352209219856425
熱錢,-1.094290609820143
投審會,-1.211442271364776
大關,-1.2368832351688328
開低,-1.359326890532825
加權,-1.3694517053797688
至點,-1.5758555247768489
追加,-1.5971091838295601
拉升,-1.6375958196344615
減碼,-1.6439260997486624
萬片,-1.8153829587649977
終場,-1.8902939246105215
純益元,-2.0175374586797403
至元,-2.0252517059473374
盤面,-2.0823043170906455
賣壓,-2.083779635630994
哈佛,-2.115818291337743
為點,-2.2783461179030082
施振榮,-2.287779140809022
第季業績,-2.3170494784355937
護盤,-2.4955814239815535
第季營,-2.5192438059200386
高峰期,-2.604192982208457
第季合,-2.730877536564852
亮麗,-2.7479096520694424
道瓊,-2.9181551854166523
轉強,-2.9996243327729926
抗跌,-3.144704820338506
亞股,-3.360205757541091
張數,-3.3932554308046825
小漲,-3.3995228987170725
股跌,-3.4547298481318
資本,-3.5394420709945207
收在點,-3.5480263363345874
到點,-3.6133736341394345
調升,-3.720460933611473
效能,-3.752699882752506
本益比,-3.815524780695844
龍頭,-3.846207105591716
超億元,-3.876462823941516
股為,-3.9372294565464
走揚,-3.9439474699153116
中小型,-4.034422397322871
互見,-4.0573535959367995
最先,-4.122536290832534
萬張,-4.153934281381065
盤整,-4.215565049879864
協理,-4.283923714219956
多方,-4.322454572687241
師認,-4.344363757381039
可維持,-4.43003894888505
網通,-4.549021316626964
守住,-4.608823250705615
繳出,-4.822851732588238
季增,-4.83730391599208
改寫,-4.8848257936353425
缺貨,-4.982378950177028
先進,-5.0002679822105645
創個,-5.247517059114
選股,-5.311696253325991
匯出,-5.311900850496227
發明,-5.373607535364133
上季,-5.392586046648157
配發,-5.430533601401758
廣達,-5.573411796485356
走弱,-5.651488328764991
狹幅,-5.70673597666676
精測,-5.7706834795366175
第二季,-5.781515794376984
生技股,-5.7905657658170835
上年,-5.9086909557824265
萬口,-6.089064798948027
好消息,-6.095345819634462
回補,-6.110751096391491
轉趨,-6.160765315027728
對台,-6.273487612188299
及第,-6.412879202109717
自營,-6.42632033627782
相繼,-6.5002372292002395
扶植,-6.520508516088534
十大,-6.630306072968048
衝上,-6.743245354424546
接棒,-6.743245354424546
碩士,-6.760602177532972
中性,-6.81525242405546
高薪,-6.8873971733801085
推手,-6.935625415759738
出具,-7.014952664675291
創新產業,-7.044600776908742
將較,-7.047371124976005
學歷,-7.075127409958418
日舉,-7.10464036096541
第二名,-7.261355330757282
矛盾,-7.276574995615866
熱絡,-7.462727588311965
日均,-7.52818513462596
收斂,-7.568347536564853
匯損,-7.620580959270352
成分股,-7.843805080640382
下探,-7.865809813605576
搶進,-7.910962167142951
歐系,-7.9231658280468
味道,-7.956564114818514
英業,-8.066240495794629
工業局,-8.093110834341918
建言,-8.137543801705297
回檔,-8.189070113240035
止跌,-8.201579525748176
指期,-8.22577649262537
補足,-8.23072876462594
概念股,-8.407045525258347
定案,-8.407045525258347
外電,-8.534835200320526
雙鏡頭,-8.884166224817154
權重,-8.934189871558193
耳機,-8.9742997103501
告一段落,-9.01229876222213
反轉,-9.032531972556473
應鏈,-9.06233139165837
放量,-9.13195257077658
物聯,-9.247254752122654
財務長,-9.278590959119269
題材,-9.427457197097521
欠佳,-9.533813490187722
台幣元,-9.582015131120864
季節,-9.700374705873184
走勢,-9.751028606656021
華為,-9.831252102430506
勁揚,-9.839340835566427
美商,-9.88587838905055
台灣產業,-9.91932169508181
創年,-10.018305298366965
面上,-10.075024316666903
這股,-10.10070836320131
悲觀,-10.107171319632231
僅次,-10.109166839907985
憑證,-10.25908478960541
億股,-10.315159796485355
新鮮人,-10.315159796485355
雖有,-10.338286655211569
短線,-10.470196949477769
生產線,-10.51179074077764
產業界,-10.516245944053122
用以,-10.586034019678783
產線,-10.669923026326694
發放,-10.68365810625352
明朗,-10.70430985481136
假設,-10.793534699194755
月營,-10.844471142043611
東會,-10.86372554520798
美律,-10.911201589902097
新科,-10.948457559746952
休市,-10.984632679114515
向下,-10.999418857901771
氣體,-11.059731444728033
出台,-11.084035440647819
暢旺,-11.113783886037076
添枝,-11.113783886037076
業界,-11.130447365569422
一舉,-11.168190038438057
日光,-11.194005735553699
轉正,-11.194005735553699
突出,-11.256258734576582
前三名,-11.318156999943401
關卡,-11.341270402465238
廠區,-11.376257009170162
動向,-11.399790337400125
拉高,-11.46781581647017
首選,-11.515509669746171
營運表現,-11.563220503016696
國泰金,-11.571128100328202
稅額,-11.62113637308647
一根,-11.645016017998207
記憶體,-11.716001816545823
達元,-11.720154711876567
逐季,-11.723415269709049
奠定,-11.75726565905618
外型,-11.892176955766704
高漲,-11.892176955766704
已過,-11.918725415759738
盤中,-12.012665819181896
廠房,-12.04234858666278
企業界,-12.054772581670065
強勁,-12.056784969627946
機殼,-12.118948438641594
前名,-12.1635198906884
金河,-12.179998625579325
應求,-12.225426585144815
入股,-12.24320695261929
正吳,-12.30122788707488
聘用,-12.30884523821824
縮短,-12.30884523821824
二年,-12.319999395254401
主軸,-12.323349853406617
結算,-12.433649650434672
就近,-12.449715746870858
股本,-12.4556839040392
普爾,-12.462758196975877
高科技,-12.513616398743832
組件,-12.529758308496787
跌勢,-12.620036881710368
八大,-12.675343571011867
強勢,-12.788501630018267
不高,-12.795419547218184
下單,-12.795419547218184
日盛,-12.816003102286173
生技產業,-12.87794459563399
歐股,-12.899935024376568
好手,-12.977643878223077
應付,-13.043127006107037
供應商,-13.136528236940672
據悉,-13.145228367395795
那斯達克,-13.312701175182315
最重,-13.33319482007279
鴻夏戀,-13.371976212496023
感測器,-13.381439569634463
價差,-13.414168363199845
量身,-13.457047148074397
大股,-13.526703585113525
黑天,-13.539697722458419
換機,-13.542146339121764
設廠,-13.546700939277118
上旬,-13.627273426458444
較佳,-13.648847474179767
總金額,-13.678726862367515
融券,-13.712428056966854
撤出,-13.712428056966854
藍圖,-13.732905792944754
偏向,-13.853031363029373
走升,-13.875735894868262
不行,-13.882818564578074
高檔,-13.88919156195739
財金,-13.901123189414747
中裕,-13.901123189414747
調節,-13.927899114140855
前季,-13.945933869542486
驚喜,-13.96805376462594
號稱,-13.96805376462594
先是,-13.96805376462594
發展署,-13.96805376462594
濃厚,-13.979646302471231
財產權,-13.98528148905844
牽動,-14.036544355876499
調高,-14.063932741587468
泰車,-14.06947234757554
擅長,-14.120866261458303
已久,-14.138602406535012
沉重,-14.204043677777884
超標,-14.22285766245369
降為,-14.22391520443068
二氧化碳,-14.22391520443068
上市公司,-14.230942753269387
月合,-14.301810325539687
將達,-14.36022342196041
雙贏,-14.365137205782426
災損,-14.370509436733354
單日,-14.435820390468027
會持續,-14.480003752034271
大典,-14.480003752034271
歷來,-14.667728926494318
獲利表現,-14.6728092857445
位居,-14.724582892423108
金元,-14.744127599354687
加持,-14.777491578571667
高市,-14.791937321783536
感測,-14.797056444728032
全球股市,-14.809330436624638
將維持,-14.82865631206585
接器,-14.859091030108312
否決,-14.859091030108312
環評,-14.873409572985757
滿載,-14.883710132471633
本國,-14.909189542223544
模組,-14.942227003891315
東陽,-14.954264017449873
最強,-15.011899149878046
走強,-15.030710980541118
大舉,-15.033257486825537
驗證,-15.037795389440253
季度,-15.07039305584757
旗艦,-15.088533602083551
水位,-15.094856543845042
擁抱,-15.106834874261725
生產力,-15.121360160614104
看台,-15.166753571410359
普通股,-15.180354737617877
一如,-15.205152190185593
下周一,-15.205152190185593
交出,-15.251363417473494
九成,-15.251363417473494
數的,-15.291707218831325
這套,-15.291707218831325
醞釀,-15.291707218831325
新設,-15.291707218831325
今晨,-15.335169953101003
可持續,-15.335169953101003
年減,-15.372251461156571
輪胎,-15.378277740511155
不足以,-15.378277740511155
將從,-15.420665307580702
階層,-15.420809599137137
對手,-15.437471781704458
主體,-15.46486355993473
閣員,-15.46486355993473
領導者,-15.551464485080166
訊號,-15.59215262805458
轉讓,-15.63808032712594
高點,-15.642117768290534
減量,-15.677855520652463
所幸,-15.747758085319784
紫光,-15.75822169365699
連日,-15.763579011415768
囊括,-15.811356022237492
偏高,-15.84438587016057
恐將,-15.8463316560936
不致,-15.849322864487643
氣勢,-15.854288841904888
論文,-15.854288841904888
占率,-15.88537270022832
安裝,-15.935086847598411
首款,-15.958771593353749
更名,-15.984689196222165
緩步,-16.014054504271602
出走,-16.014054504271602
力成,-16.014054504271602
評選,-16.10667429238768
浮現,-16.122470497465123
水資源,-16.158078447156225
大環境,-16.158078447156225
四天,-16.158078447156225
排行,-16.158078447156225
內將,-16.158078447156225
揣測,-16.158078447156225
南台,-16.17188377086224
頻傳,-16.192497306858918
不畏,-16.192497306858918
新能源,-16.192497306858918
萬支,-16.203691338332394
更為,-16.24479367579393
並進,-16.268743992298127
窘境,-16.33152241833928
則有,-16.33152241833928
估值,-16.380042647687365
富邦金,-16.415413148389508
意志,-16.418264511974108
過半,-16.438658319634463
往前,-16.450080905159506
延宕,-16.462672465217565
消化,-16.51130184945222
聰明,-16.526673580592615
首個,-16.526673580592615
這年,-16.535979582426403
單一,-16.548748589801754
上周五,-16.582875917832673
傑出,-16.593591892628048
日系,-16.608667372198873
毫不,-16.614212783355065
華亞科,-16.62189665287352
造就,-16.62189665287352
二手,-16.62189665287352
滑落,-16.625915480274717
步入,-16.630867641252017
籌碼,-16.646342927623206
應會,-16.678569310000093
繳稅,-16.698863441491383
新手,-16.701759328793578
在外,-16.720235389456064
發燒,-16.765363231141993
協力,-16.765363231141993
印刷,-16.76559434285558
周三,-16.788129566957636
在手,-16.799173257548034
壽險業,-16.799173257548034
回流,-16.807618882226006
更進,-16.85216972733936
兩周,-16.85216972733936
平穩,-16.87687407115132
拖延,-16.87687407115132
中學,-16.883366817090646
經濟委員會,-16.883366817090646
稅後淨利,-16.91731189034284
栽培,-16.938988650650355
將出,-16.938988650650355
大通,-16.938988650650355
清單,-16.938988650650355
以個,-16.938988650650355
毛治國,-16.964442083802616
第位,-16.96574485340662
為元,-16.96574485340662
憂慮,-17.018042987100355
暴漲,-17.051750905406788
監察人,-17.051750905406788
國稅局,-17.051834141149936
年將,-17.05201707052624
連帶,-17.080443831058776
群創,-17.098474649342347
驅動,-17.112451913959077
切入,-17.112451913959077
蝴蝶,-17.139598943042802
萬噸,-17.15889126184013
基本面,-17.19510716408991
排定,-17.22718761455658
多台,-17.292403411439178
新廠,-17.33575336002665
組裝,-17.34483075452504
南亞科,-17.37482936714498
盈餘元,-17.37482936714498
重量,-17.376596531579622
熱議,-17.402385014625942
角落,-17.402385014625942
百元,-17.460067205782426
多來,-17.460067205782426
九月,-17.46015516084105
六個,-17.4820357811926
八成,-17.498982311203495
近個,-17.504152317662953
逆勢,-17.516246836611515
活絡,-17.547057120212834
台廠,-17.57620904338209
競價,-17.57760860488212
握有,-17.633970402731492
響應,-17.633970402731492
王雪紅,-17.633970402731492
百萬,-17.633970402731492
買賣,-17.65426519331754
國際油,-17.740403944243983
期收,-17.740403944243983
延至,-17.796774986233878
升溫,-17.796774986233878
思維,-17.807830424463155
一環,-17.826558500098564
資歷,-17.84049169382095
裁撤,-17.84049169382095
未達,-17.84049169382095
投顧,-17.931001018331646
日商,-17.98023363158481
可為,-17.981734219747484
用水,-17.989551594073006
進去,-18.01577798753482
落成,-18.01577798753482
類別,-18.10170602306283
博覽會,-18.10170602306283
標案,-18.10343018043605
永和,-18.10343018043605
籌資,-18.10343018043605
擴大到,-18.10343018043605
五個,-18.142707006594637
受影響,-18.142707006594637
台達,-18.16347179484751
一顆,-18.171331491498318
業的,-18.22812613639765
剛剛,-18.24266986020418
七成,-18.26176487270166
大漲,-18.317970003885648
暴跌,-18.328541062464005
可靠,-18.329669254349536
開花,-18.329669254349536
日股,-18.350992890395148
邏輯,-18.353026924224856
數為,-18.366422078356557
億元季,-18.380463676595312
反觀,-18.403200914997033
換算,-18.41667888054665
雙雙,-18.428843215820244
該案,-18.454097583809617
無薪,-18.454097583809617
一線,-18.464178880354968
跨入,-18.487863208474103
飆漲,-18.495414250687308
看準,-18.51634450532384
帶頭,-18.541778744975986
仍須,-18.602634114217796
台灣區,-18.604584611000483
控股,-18.65871629809226
燈號,-18.677768035224798
億萬元,-18.68532947841122
類股,-18.69108520044684
美股,-18.69531164536345
盈餘為,-18.71715776829741
優異,-18.754606738050363
學子,-18.775255926822446
淡季,-18.789569676130835
淘汰,-18.804855499976004
董監事,-18.851876613733207
七月,-18.86158784369935
硬碟,-18.892558626374495
擺脫,-18.895965008859182
財委會,-18.99773938671428
手臂,-19.02602351952282
台新,-19.02602351952282
中有,-19.02602351952282
清華大學,-19.067980813382764
書籍,-19.067980813382764
受益,-19.069408915052076
高價,-19.10838646385168
場域,-19.113111088492168
兩成,-19.113111088492168
消費性,-19.126072390961728
降至,-19.126515258037177
趕緊,-19.155699751421693
漂亮,-19.20020793421751
中華郵政,-19.207052324250757
湧現,-19.207052324250757
名譽,-19.207052324250757
二成,-19.243962295396997
將由,-19.244779646423343
分局,-19.250810847925965
跌停,-19.280846756700466
驚訝,-19.28731395800995
空襲,-19.3311530171594
自來,-19.34025455009674
減產,-19.360619188605575
十足,-19.379864755934307
這兩個,-19.42592609887332
櫃買,-19.4322653977701
數成長,-19.482070159461976
一支,-19.511614434096867
加深,-19.52889349253731
蔡明忠,-19.548686131677513
無力,-19.594370518802776
新一波,-19.59731940081558
前院,-19.639180694505917
應商,-19.661543883062354
財長,-19.682119487310043
投資金額,-19.73589888371614
推升,-19.744018954162666
仍有,-19.744220709902248
談及,-19.769873264691302
徐國勇,-19.812723815076808
擴充,-19.851120381263186
超高,-19.854532568769276
搶修,-19.85763179711588
除此之外,-19.89730510741527
管線,-19.89730510741527
星期,-19.89730510741527
核一廠,-19.94539503155356
紡織,-19.97161658337462
開議,-19.985111616674097
外傳,-19.985111616674097
低薪,-20.02608841499703
未見,-20.033162915759736
彭博資訊,-20.03427124796992
從業,-20.07166557298524
合資,-20.100495043650923
居多,-20.111890021162925
這批,-20.120935398260976
猜測,-20.120935398260976
格局,-20.146551121208287
利空,-20.155936988186944
種子,-20.158150470936796
而定,-20.158858244678456
一台,-20.185570722111596
化工,-20.197707225804837
打入,-20.20141672640262
疲軟,-20.20141672640262
意在,-20.20871242834077
心聲,-20.20871242834077
減年,-20.244687836017558
承接,-20.245407267480307
防水,-20.246059095767528
前一天,-20.246059095767528
回穩,-20.250792725390458
流向,-20.28353988839597
亞太區,-20.28353988839597
建中,-20.287262971606904
穩固,-20.296493956025742
天內,-20.331237007391973
不景氣,-20.371637206137947
普當,-20.384279932072037
第一季,-20.39243935231736
最深,-20.42048500341204
起跑,-20.472070307952073
名列,-20.474639879470782
創投,-20.504370320681538
第一天,-20.504370320681538
等國,-20.50770989641704
信貸,-20.5411292436906
三家,-20.580026281464296
總量,-20.62702236609549
接駁,-20.647664068606854
仍將,-20.659465458910503
震盪,-20.675426834536992
轉投資,-20.735467359792434
返國,-20.735467359792434
衡量,-20.735467359792434
學界,-20.764156072584903
耐震,-20.769431373833942
分配,-20.77553974659285
萎縮,-20.796925685324283
大大,-20.850773769501252
電量,-20.85668720578243
低利率,-20.85668720578243
科系,-20.86684105169169
低價,-20.878328915396967
好轉,-20.88607141311541
送交,-20.91108653492074
七年,-20.937402514743273
書記,-20.943950580064712
版圖,-20.998902329235303
議案,-21.031221421756957
分布,-21.037337701232886
大專,-21.04739214486826
上游,-21.052736742854165
庫存,-21.056628116104037
半小時,-21.056707086083193
暴增,-21.056707086083193
必然,-21.056707086083193
爆出,-21.11069273974019
降溫,-21.11069273974019
將舉,-21.118499656924406
不妨,-21.118499656924406
省長,-21.118499656924406
將面,-21.122612069885378
頻頻,-21.166521274376567
抱持,-21.166521274376567
指紋,-21.17296962923202
重回,-21.226309784388135
房產,-21.26237401466652
巨擘,-21.380377998427488
避開,-21.457401324830364
產學,-21.46324099272332
大安,-21.50216290890251
仍維持,-21.507153790344834
多出,-21.549238674826334
完畢,-21.554999214386843
減幅,-21.61372472588446
戰力,-21.61372472588446
耐心,-21.61372472588446
下修,-21.634613978948178
人均,-21.64232031115493
下游,-21.649599325594366
之路,-21.670116156053787
第二天,-21.701571975927383
負起,-21.701571975927383
走高,-21.710195834950223
天下,-21.711001516451052
注入,-21.711001516451052
大戰,-21.717541824087938
怎樣,-21.80427559518105
他並,-21.80427559518105
展台,-21.831020508436378
期刊,-21.831020508436378
周四,-21.84145253656485
慣例,-21.877277686387302
野村,-21.877277686387302
邁進,-21.881638484918092
不振,-21.890837432523345
面試,-21.90432474978295
基期,-21.95899628684915
增溫,-21.98436889620468
上空,-21.99167305965973
用人,-21.99167305965973
交叉,-22.061733045058567
剛好,-22.15130961579784
手遊,-22.22873288476797
負成長,-22.238092413333458
終結,-22.253757583339766
自由化,-22.253757583339766
聚落,-22.324884754819525
電子期,-22.341132081079078
一期,-22.347823438641594
專利,-22.43026270334522
各大,-22.434001394198315
途徑,-22.498497731804054
周刊,-22.57479262950346
已知,-22.580244500924245
一股,-22.58531820086714
過關,-22.59537280227858
手中,-22.627858760175297
工研院,-22.64223959249953
再起,-22.657352163295894
溫暖,-22.672147880980805
興起,-22.69069340259374
國安,-22.716533628215586
夫婦,-22.75898669134635
零組件,-22.80792002505735
缺口,-22.831232092109673
注重,-22.831526054202403
工藝,-22.843913888644376
上下,-22.847763894999684
電信業者,-22.865511238192205
洪水,-22.931810300488763
改成,-22.952929248911683
先行,-22.990465638623885
健身,-23.016754756315617
評比,-23.019709965894613
存底,-23.040353246969424
第六,-23.040353246969424
計價,-23.040353246969424
可期,-23.071577259241746
目光,-23.107612852859678
零星,-23.107612852859678
新創,-23.114721595683342
過往,-23.12778317726721
中止,-23.193314934196025
進來,-23.193314934196025
各有,-23.193314934196025
第天,-23.21014569117511
美金,-23.29644244362209
前天,-23.302660617549762
周休,-23.367107418340545
一批,-23.367107418340545
清明,-23.390108020667128
光電,-23.438618509226025
隨機,-23.438618509226025
歐派,-23.454016472222353
瘋狂,-23.45925599076658
多重,-23.54093396997484
百度,-23.547174519899905
產品線,-23.565019930528486
外面,-23.565019930528486
震央,-23.63509608713003
路透,-23.640142531689538
備受,-23.72809464023283
大事,-23.739954302810386
萬件,-23.76259546746223
跨足,-23.81094821940414
靈活,-23.81094821940414
這條,-23.81094821940414
高階,-23.815073628815657
總經,-23.827429786260122
不具,-23.85974494612386
滲透率,-23.888686972558496
問卷,-23.888686972558496
漲價,-23.8988787271372
方針,-23.914910735200824
將與,-23.94551891351015
依舊,-23.946146167740828
衝刺,-23.987217480360787
微幅,-24.008545005580515
矽谷,-24.021032327976243
廢棄物,-24.07361315746596
獎學金,-24.0747484852385
混合,-24.0747484852385
畢業生,-24.114561187608654
共計,-24.160019391587443
慘重,-24.177385889865953
極大,-24.177385889865953
群聯,-24.23656946394796
頒發,-24.23656946394796
一倍,-24.23656946394796
美國聯,-24.246057971605016
接班,-24.264888218529716
難免,-24.410557922839534
道理,-24.426522207001252
一筆,-24.44409408809539
震撼,-24.454677594209326
轉虧,-24.46043681609119
大校,-24.483893622479947
漲勢,-24.50277113415861
流動性,-24.546301240449946
淨利,-24.584577163521526
稍微,-24.61494934802572
一代,-24.651976237272187
矚目,-24.67159816847388
磋商,-24.690381594229358
一季,-24.69954573103361
熱銷,-24.718067611872804
選人川,-24.778340128541313
支應,-24.866301323892504
全球化,-24.870520692260403
蘋果,-24.89775539539564
縮減,-24.951612672138292
這波,-24.951660624940004
合成,-24.95584975439414
有如,-24.965091231025994
供水,-24.965091231025994
例子,-24.965091231025994
下挫,-24.97787392358564
徵詢,-25.02464441088754
美日,-25.042231600059722
充足,-25.106814571140838
顯得,-25.106814571140838
全都,-25.1111614448582
早盤,-25.122575264451502
正好,-25.130200632793667
下個,-25.140191587394987
國安局,-25.140191587394987
上演,-25.156672113833253
火力,-25.19387970582535
配套措施,-25.22774897222235
外觀,-25.22774897222235
首批,-25.22774897222235
擴散,-25.233660318431106
有別,-25.28095198777941
洽談,-25.306146369542486
驕傲,-25.31531110672698
登陸,-25.384942267006974
變數,-25.411334608836423
最為,-25.4586150341272
第一家,-25.468121811048917
文教,-25.493966399951653
交易日,-25.495189425019202
排名第,-25.543889298915737
依序,-25.554604645355255
激增,-25.578025605789364
明會,-25.612587372671484
意圖,-25.62931144472803
力推,-25.6394594091255
新版,-25.65806788506252
熱門,-25.665310668437453
框架,-25.66560633875568
將可,-25.716418610679934
物理,-25.717045681329772
年輕,-25.74605439191724
原訂,-25.75588919126798
五成,-25.763539801300713
攸關,-25.803532587174182
量化,-25.8340433061906
超出,-25.8340433061906
履歷,-25.840781421834873
微笑,-25.92203460645157
招牌,-25.92203460645157
一分,-25.928375695874294
簡化,-25.928375695874294
好奇,-25.928375695874294
日月,-25.977780756152537
主角,-25.977780756152537
院校,-25.999268874071145
董監,-26.01597440823765
震度,-26.098024280476622
早餐,-26.148911564634695
塑化,-26.181953892630748
當下,-26.186022612631845
退場,-26.25156675410171
第一步,-26.274023247549717
停滯,-26.278796807454437
觀望,-26.289204495907907
敲定,-26.32299898918159
增添,-26.403841151125715
天數,-26.40855879636076
支出,-26.417744081487267
管理局,-26.436236236344506
首見,-26.450031345110265
毛額,-26.450031345110265
多款,-26.45403326462773
新春,-26.45403326462773
貨量,-26.46508504919696
租稅,-26.50068321035368
評等,-26.50068321035368
東元,-26.53803876805687
文學,-26.541657844375468
並與,-26.541657844375468
走低,-26.581965180555883
引領,-26.583363385117824
中興,-26.587856116301882
耕耘,-26.587856116301882
國泰,-26.59010445713269
紀律,-26.62604841436718
準則,-26.6292866119562
更具,-26.67457542257416
極為,-26.71691953313696
用地,-26.756730407217045
績效,-26.759062552913544
點數,-26.802074300190256
可惜,-26.804556574056875
加大,-26.844733998572206
利多,-26.88850160862745
傳聞,-26.930130745260374
半數,-26.93661020405562
第一位,-26.978108851005302
紅色,-27.023814102352713
有力,-27.06749208211903
首日,-27.129646541292885
為題,-27.15415191869279
概況,-27.15415191869279
態勢,-27.171704041995817
這幾年,-27.19824002192231
葉倫,-27.19824002192231
實上,-27.242802415031758
隨後,-27.26484434290034
裡面,-27.285461951200002
多月,-27.297694948359535
徵才,-27.33266685614716
首波,-27.386343946229342
增年,-27.417271283877465
表面,-27.418232173585974
工業區,-27.418232173585974
增至,-27.41879781178091
新機,-27.425495112301014
每週,-27.505797267594826
好事,-27.505797267594826
窗口,-27.506263028896527
陣營,-27.5372873706239
忽略,-27.5372873706239
終端,-27.549895241697886
三天,-27.633995657418243
崛起,-27.636094163255805
不動,-27.693439474008333
跌破,-27.697630015219712
當作,-27.72165949412296
四大,-27.726822987165665
推估,-27.759327006229015
看出,-27.765637129156147
太大,-27.768826600479716
美分,-27.797615516666824
挑選,-27.856510565920892
市況,-27.87336123745841
物料,-27.890734197917766
電競,-27.944198242583838
宿舍,-27.944198242583838
收元,-27.97535953975822
終身,-27.99025266565217
可是,-28.036523780995843
重心,-28.036523780995843
將為,-28.05801238205038
中期,-28.070720387036125
如期,-28.070720387036125
中投,-28.070720387036125
控股公司,-28.073088711752998
強大,-28.07656359320049
行情,-28.115712049169424
高盛,-28.122323150144872
首例,-28.12253472181908
創歷,-28.293955328236958
企業家,-28.294985483080957
中將,-28.332574284132605
這將,-28.33555234066081
友達,-28.33845294444471
推測,-28.379787993661573
誘因,-28.38668010464944
國際化,-28.421900369417823
探討,-28.421900369417823
全額,-28.508257518373185
經理人,-28.532482327011262
釋出,-28.57092848137782
新款,-28.57092848137782
疲弱,-28.60144047056317
增幅,-28.645572297785954
實地,-28.645829825320924
走跌,-28.64595339655692
中立,-28.728782803374425
大致,-28.730274411564853
自台灣,-28.733549627132543
點名,-28.738899936994496
將於,-28.76910511708616
助益,-28.809114269049743
當成,-28.839600977715584
蓬勃,-28.8564270815399
不得不,-28.8564270815399
激勵,-28.861343825127005
有家,-28.894221412302123
童子,-28.90899950348087
強力,-28.93626857764772
逆價,-28.996729525739102
節省,-29.01336579099351
驚人,-29.02658856139538
之所以,-29.03108650303772
唯有,-29.03108650303772
收成,-29.0441599129822
發光,-29.08446290297665
港股,-29.152766710690592
擬定,-29.179215154643696
拍板,-29.199435836999815
回台,-29.20576633304394
接單,-29.258244281822993
偏好,-29.324655267178336
稅制,-29.347682911040398
兩項,-29.347682911040398
動盪,-29.347682911040398
報價,-29.358260905400254
糾紛,-29.372317476191736
將進,-29.387156852125155
其餘,-29.391273184790187
部副,-29.435429455944387
無人機,-29.44789809555311
外國人,-29.555186052381103
層面,-29.555186052381103
迫使,-29.619573632141982
輔助,-29.64255328653074
精密,-29.66533620125773
神經,-29.70765036855247
海嘯,-29.775410614314456
梅姬,-29.795728754394858
回收,-29.811904675848776
謹慎,-29.85866288896596
行事,-29.874210151304116
不公,-29.882597572666093
出手,-29.961975718308448
拜訪,-29.97189042269598
接見,-30.04974437363961
集結,-30.059973679651506
適時,-30.07946155016879
高速,-30.159147243372757
第一名,-30.195578002477202
國內外,-30.248918110191287
外流,-30.25425787012498
登上,-30.3042613256493
身亡,-30.400849425177178
不了,-30.413502047872083
一部,-30.488633184284765
說過,-30.500413694215524
擴增,-30.531988578121908
回溫,-30.539191010667366
知名度,-30.576419898108057
原定,-30.576419898108057
社會責任,-30.58850635790177
願景,-30.66420954513213
體質,-30.66420954513213
電機,-30.670339906202006
付費,-30.75200210405046
里程碑,-30.778756632007333
眼鏡,-30.787307746324696
聯想,-30.839797553762356
意義,-30.85279345703681
產值,-30.87642816075249
塑膠,-30.916842737247773
供需,-30.926525475157707
本業,-30.9536253138411
大展,-31.01632429233557
現貨,-31.089642658856572
僅有,-31.12851146804508
歐美,-31.16445391086114
性能,-31.27616065425188
運轉,-31.278817439802054
曙光,-31.303414856359684
日本央行,-31.304187342970717
攤位,-31.304187342970717
受限,-31.362787567676904
以利,-31.366629802381105
延燒,-31.38140761442371
周末,-31.39087294003418
握手,-31.46951502437657
設有,-31.46951502437657
首家,-31.476552075039805
還未,-31.47833524483769
儲存,-31.51337512830781
加重,-31.53588470522047
搭載,-31.582398418637528
周一,-31.603969122339876
以此,-31.62295912094923
翻轉,-31.645734076270845
獲准,-31.733845697209826
跡象,-31.765124246764167
位數,-31.769206796019773
會將,-31.79562818205295
其它,-31.805732456966286
加快,-31.83919074536278
職缺,-31.88421619779182
自家,-31.947299736314193
避險,-32.01497805065222
介面,-32.05606261099284
總數,-32.086305907366125
稅後淨,-32.12754013328362
垂直,-32.1570624482374
這一,-32.17442434104057
核准,-32.20415031978884
旅展,-32.244901439722256
同事,-32.244901439722256
緩慢,-32.26568130592832
趨緩,-32.27278318358702
波及,-32.353184291372955
未有,-32.49400880380713
開業,-32.508433711036886
疏散,-32.508433711036886
之中,-32.57631273613191
瞄準,-32.70316258999424
黨候,-32.70316258999424
親自,-32.721158245238335
親節,-32.79129015047894
優化,-32.856697871939275
差不多,-32.878283633396975
逼近,-32.94286114152021
利基,-32.964415990658544
打工,-32.96581352541901
晚宴,-32.967549061271384
亮眼,-33.043760574746415
活化,-33.05334716118523
有利於,-33.115037453390656
認列,-33.13533266805577
資策,-33.14381296486172
伺服器,-33.171286258877224
每位,-33.20206104007291
模型,-33.23194676666682
玩笑,-33.23194676666682
前三季,-33.27840880495878
一一,-33.38703509432916
附加,-33.40069726574913
補償,-33.44392937870239
用電,-33.47490838347691
已將,-33.47490838347691
實習,-33.47752991847083
大宗,-33.53996698293543
鏡頭,-33.59834651509607
放大,-33.62015102028101
化解,-33.64833140253614
邁入,-33.64833140253614
常常,-33.6506619258626
基本上,-33.666185416207234
流出,-33.672633927554514
降到,-33.68134479672557
應有,-33.71436379203449
科技部,-33.727708635221056
太多,-33.79115528952238
劇烈,-33.80156951283333
高壓,-33.848917104073806
大增,-33.874296617098906
撤離,-33.92888416760523
成交,-33.934525511408665
輸入,-33.937060440218445
廈門,-33.97599543792249
純益,-33.97803129593296
谷底,-33.993210022249755
價位,-33.993210022249755
氛圍,-34.06818356614611
完美,-34.15044047847845
兩大,-34.17612435020609
指派,-34.1779771564172
中華電,-34.18793499115906
對策,-34.26587083296656
缺席,-34.26587083296656
銀行業,-34.275548353820206
專門,-34.279197886085605
第五,-34.32490440279857
單月,-34.34215000942718
金牌,-34.37779427685675
零件,-34.399037076503916
第年,-34.45437522911316
一成,-34.498260994928756
人工智慧,-34.52513213447344
兼顧,-34.541968946423616
歌手,-34.554095670367275
中旬,-34.584806822878356
擴展,-34.58663519864701
顯見,-34.589766080142624
如下,-34.629565999449035
流失,-34.64224802026312
已達,-34.65964747807007
稅收,-34.73040146216487
雙向,-34.73040146216487
一座,-34.74652931053569
文化局,-34.79327839470005
本週,-34.804770029251884
預計將,-34.818555988593026
心態,-34.87797714373025
連結,-34.889618880663555
水泥,-34.89904796729758
美光,-34.93567358898403
高出,-34.93567358898403
一口,-34.94691716084379
把握,-34.9640715623852
所長,-34.9690979111268
新車,-35.08302600125867
日經,-35.15521720976424
導入,-35.283603175541614
增資,-35.284783527501375
歐元區,-35.41808619333992
收回,-35.459364799166906
重挫,-35.477161845948594
眾多,-35.50571548260827
倍增,-35.58453099486674
區間,-35.63829327475728
成共識,-35.6724580569997
空中,-35.700159304087464
學位,-35.73928330595013
腫瘤,-35.78832528561019
站上,-35.831162730505916
人家,-35.848318090705796
一波,-35.8591868166669
真實,-35.876492267006974
車用,-35.8812551971768
接軌,-35.89589304871543
學系,-35.96346843949497
高等,-35.96466024162677
短短,-36.04695914699466
特地,-36.052829202877376
善用,-36.11212272785776
放緩,-36.142412012750334
證交所,-36.2068453040354
表態,-36.285414013189275
高興,-36.29451701309095
減輕,-36.31734194136158
披露,-36.31734194136158
架構,-36.36945004875313
適逢,-36.405514784368236
前夕,-36.45467298209983
吸收,-36.50720791630492
重返,-36.50785471486991
打開,-36.51512526163913
開票,-36.67003901561509
動力,-36.721756510688664
元件,-36.73926653705007
石化,-36.74634559101592
單純,-36.815685026910074
登台,-36.84639319312246
安定,-36.860138578398015
分散,-36.920374990925225
連鎖,-36.94398256547639
外商,-36.99159401761548
八年,-36.99587492325685
吸引力,-36.99587492325685
首要,-36.99587492325685
低調,-36.99587492325685
人氣,-37.00870596084002
偏低,-37.07710141780921
走上,-37.08355748995197
等等,-37.09536953050286
仍會,-37.13451887469965
夫人,-37.182039182502045
意味著,-37.28729469967016
這塊,-37.28729469967016
訪時,-37.34343346416564
瓦斯,-37.34343346416564
動態,-37.35539660546029
債權,-37.38085495269989
交由,-37.38085495269989
充電,-37.43431553659482
午盤,-37.464190388728944
刻意,-37.46824091574619
匯入,-37.46824091574619
生涯,-37.519363744784755
盈餘,-37.572491676104676
眼睛,-37.60733148680233
新建,-37.61547756297898
評價,-37.62878509057939
福祉,-37.64003203994566
觀賞,-37.64003203994566
產能,-37.68525941264287
向上,-37.727168776329975
勇敢,-37.871244993288265
風潮,-37.90459421847249
深港,-37.992783329123576
淨值,-38.22315327093617
契機,-38.22315327093617
今年初,-38.226222176984336
強度,-38.226222176984336
熱潮,-38.226222176984336
四個,-38.226222176984336
曾任,-38.25735573887645
宏碁,-38.28157112429886
收點,-38.32135849795561
下一代,-38.32771494461768
靠近,-38.345548217022255
之處,-38.39912231045129
革新,-38.43374152387387
停工,-38.48279255989099
無關,-38.487101827593776
恐慌,-38.57457559081715
有待,-38.57508793161351
四成,-38.57508793161351
整理,-38.68863456081162
值得注意,-38.72178275136266
觸控,-38.748858125150974
好像,-38.748858125150974
期許,-38.7510649592859
行人,-38.7510649592859
榮譽,-38.7510649592859
時程,-38.821218504389506
轉變,-38.82987687108458
原有,-38.86691606364231
開展,-38.92704834963576
發會,-38.932581115999746
英國脫,-38.950612121553775
華爾街,-39.003452029235966
估算,-39.003452029235966
朝向,-39.003452029235966
新一代,-39.003452029235966
一片,-39.02322886819373
書面,-39.0511174458984
新制,-39.103038027513364
慢慢,-39.1054584926046
青睞,-39.144134093765786
預告,-39.191035201113735
周二,-39.21672623086207
算是,-39.3041872727701
股利,-39.35637794335501
準會,-39.385806478691755
總監,-39.47911942782743
淮南,-39.49212400207728
特斯拉,-39.62750387971231
拖累,-39.654354354516755
發酵,-39.69076531507792
各個,-39.71905035677925
幾天,-39.7567371491587
教室,-39.7567371491587
鄭麗君,-39.829023517540264
循環,-39.82976571100053
並不,-39.91650772360673
普及,-39.93314967538823
轉向,-40.05217682999406
還沒,-40.05673361929088
進出,-40.07109039714521
減碳,-40.07109039714521
開啟,-40.26055144443903
提款,-40.305942636560275
選情,-40.33513575271659
慶祝,-40.374193893462035
匯市,-40.41742485668154
並有,-40.423153745692865
三成,-40.43291422353686
光是,-40.44148036421619
新年,-40.44148036421619
見度,-40.460754632692705
學童,-40.50520526615458
巴拉圭,-40.55061664934762
本地,-40.55061664934762
營業額,-40.57932512491763
邀集,-40.592987912051484
社團,-40.63882909619066
精彩,-40.63882909619066
審核,-40.75375105300506
憂心,-40.80538624853065
流通,-40.944140615904146
筆電,-40.944140615904146
今年底,-40.94654242253931
籌備,-40.951291314758095
遴選,-40.99168591137163
物聯網,-41.007911090584166
或許,-41.03931910364329
清查,-41.07990185140843
辨識,-41.132949962243174
活力,-41.20752803406792
科學家,-41.25633578643094
成分,-41.277123868324225
時將,-41.31668395148154
引爆,-41.451612619846216
強震,-41.466381974983236
失業,-41.491760880835855
李大維,-41.520991766367665
軌道,-41.538862747667885
合計,-41.61750821000034
供電,-41.64654972721768
不大,-41.69651254786432
分歧,-41.69651254786432
選區,-41.69743242534112
回歸,-41.71337441156486
腳步,-41.756657830793934
摩根,-41.87041946525684
手續費,-41.87387571942962
暗示,-41.90998783891742
美好,-41.91967097040836
事先,-42.085623517574895
購案,-42.095757097259956
陪伴,-42.138545535019425
密集,-42.14971923947803
升至,-42.15027037043325
帶領,-42.19939052361075
中長,-42.22138547948038
看看,-42.26126731111884
損害,-42.30082339191915
日止,-42.3768524694113
毛利,-42.41698812790946
研判,-42.52474802933304
硬體,-42.67890015159628
點分,-42.71762249532792
留意,-42.729270250706406
比起,-42.78824652836694
校友,-42.78824652836694
重啟,-42.82723225295685
支撐,-42.98685083576322
何時,-43.022682550817386
搶攻,-43.022682550817386
跌點,-43.028770337785865
前進,-43.051762529427236
為主,-43.08820919241659
一向,-43.107881062276284
落幕,-43.15556241929088
清理,-43.19728142521747
爆料,-43.19728142521747
額度,-43.19731779157675
人大,-43.19731779157675
第個,-43.199819652921775
大廠,-43.271959481816545
二日,-43.285544082855566
說現,-43.37374593578708
通信,-43.403143951854766
宣告,-43.440011256102814
課稅,-43.490994019012405
兩家,-43.52541508100069
小幅,-43.58904505997286
緊密,-43.5935691459488
擴張,-43.59929431523844
單季,-43.61755830638303
多元化,-43.66669973906983
第二次,-43.68075588234148
樂觀,-43.70079996818046
持股,-43.73227978214871
世紀,-43.76882273196554
兩者,-43.94495988524807
承受,-43.99139016921567
邁向,-44.0330301766582
罕見,-44.1938609000454
營造,-44.20917415871988
交付,-44.20917415871988
價元,-44.294368303826005
流量,-44.297247837381164
秘密,-44.43258174005913
雲林縣,-44.43258174005913
話題,-44.45746576953594
防治,-44.45746576953594
調度,-44.4697764473467
排放,-44.486452134600334
轉為,-44.538742217081555
合約,-44.5840107076822
物價,-44.59488805864405
湧入,-44.63571567512157
贊助,-44.645048063177846
引導,-44.649553664969396
畢竟,-44.649553664969396
開拓,-44.737632870959885
凸顯,-44.80896356618658
爸爸,-44.913794541622366
難度,-44.913794541622366
即便,-45.009755488543554
正向,-45.031800389683916
以點,-45.08945607412876
用途,-45.13851685603533
兩位,-45.2591950535426
豐金,-45.336261911564854
控管,-45.336261911564854
限定,-45.35421746460827
部位,-45.36830029805393
率先,-45.390348389821895
起飛,-45.44230521853567
現身,-45.44230521853567
坦承,-45.44230521853567
大力,-45.51204152557793
宏達,-45.52773332829146
接待,-45.59993382584905
大跌,-45.608050540147154
王品,-45.667990512714205
解盲,-45.68782777728875
手法,-45.79466661778157
秘書,-45.79466661778157
實踐,-45.818438983328825
講座,-45.90585849782337
基準,-45.94653776249594
電源,-45.96168704296504
總體,-45.96218052892844
意味,-45.96218052892844
力道,-45.990350617388756
除非,-46.047566747915816
低溫,-46.058948421340126
往年,-46.168134948010994
結盟,-46.23514133314089
審慎,-46.31060515876814
哪些,-46.323239286485105
配備,-46.39103785960007
專區,-46.39798816690908
鋼鐵,-46.50426864215684
售價,-46.56685633108659
進而,-46.65951633347022
手上,-46.726992615335
以元,-46.73421483668109
評鑑,-46.749047187293975
身份,-46.81524597890459
創立,-46.85184765419021
國營,-47.0280581908117
觀點,-47.0280581908117
減緩,-47.099840266759436
開車,-47.1161648899315
早就,-47.182668719995064
規格,-47.20500672132946
落差,-47.256519925748165
最長,-47.292381125982075
私募,-47.292381125982075
增進,-47.292381125982075
考驗,-47.362957663858076
一再,-47.47990860562077
企圖,-47.516528372050395
保守,-47.57656690454579
電台,-47.626094122432384
電動,-47.654859572520245
一部分,-47.70594638952583
有趣,-47.70982621217857
今早,-47.799337324240184
智能,-47.82982147040165
投資者,-47.838850024603474
行列,-47.874322969692045
月台,-47.8910378270203
漲點,-47.96360082723727
無線,-47.97546852293785
電動車,-48.038255932936686
李世光,-48.045200375359904
盡量,-48.08540009096526
上揚,-48.09415941666707
受邀,-48.12125935383501
選項,-48.139102496129
瑞典,-48.17351785487534
兩次,-48.17977766987644
母公司,-48.29908156288949
線上,-48.4038860090503
元首,-48.43787648580972
竟然,-48.43787648580972
重要性,-48.491090732096566
不良,-48.52599779471982
獲獎,-48.61411997909836
有點,-49.014667655118664
威力,-49.02979981295789
彭博,-49.05485276865762
走出,-49.05485276865762
逐年,-49.08130492218406
最受,-49.11689767305489
色彩,-49.14287123374559
華碩,-49.189218862872366
下台,-49.2209985053547
機上,-49.29280666539733
下周,-49.437811873084506
獎金,-49.46305873755365
轉移,-49.49538905062936
下旬,-49.556680257082625
主導,-49.556680257082625
建物,-49.58002074177784
黑色,-49.639593373254755
實驗室,-49.64407949278971
第三方,-49.67165295586675
推進,-49.73260264778501
月薪,-49.759786143782264
個案,-49.77836677533598
看見,-49.81612963573659
所致,-49.819605027559774
抱怨,-49.82056582358703
偏鄉,-49.91103385870929
生存,-49.936054970630146
內外,-50.12349574090468
新高,-50.179907441816894
不確,-50.3877594116507
如同,-50.43400268453552
首季,-50.491942566749245
一開始,-50.56190397555882
秩序,-50.610562524153735
主力,-50.68686437475093
身心,-50.78710745343861
主計,-50.81744713103401
局面,-50.87622458671355
減弱,-50.98089892661175
著名,-50.99373495921352
不知,-51.05218537241044
三星,-51.07009651987335
頒獎,-51.14016761462978
領先,-51.27774052135638
低點,-51.38015156094143
明星,-51.39966258960393
各類,-51.4874603374479
席次,-51.519949502001936
出新,-51.5226167147484
掀起,-51.58009709894404
專注,-51.58009709894404
融合,-51.58009709894404
污染,-51.669854704990534
銷售量,-51.769156003472595
看待,-51.789239049591615
涵蓋,-51.93468605275548
扣除,-51.95369680779479
改選,-51.955561512305074
深刻,-52.02296388802794
編列,-52.0515252909901
主打,-52.20715504387782
詳細,-52.227833982889535
獎項,-52.287799528145534
不及,-52.294761435690674
半年,-52.4363564814923
招募,-52.474904043333666
買氣,-52.478405511546164
但現,-52.49230239817588
不見,-52.595361298022986
防止,-52.668618222084156
接獲,-52.7567771885235
電廠,-52.82044511198409
自動化,-52.876667452621724
男女,-52.90576159218397
機種,-52.92738894265327
聯名,-52.980278436155
夏季,-52.980278436155
差點,-53.032355389456065
日益,-53.07607753611374
太陽,-53.083315688750936
曝光,-53.13506778873321
本來,-53.26288986577282
主流,-53.32828894121395
獨家,-53.32828894121395
允許,-53.34010813050144
一日,-53.423491273389466
募集,-53.46207381280395
預料,-53.503216589916974
某些,-53.5502389561312
差異,-53.60015477494596
未來將,-53.60911314811375
之際,-53.686852884584184
新型,-53.692164262790435
稅前,-53.72657125296249
部份,-53.819109456271825
興建,-54.21000556174555
四年,-54.22263635981935
將是,-54.22898929132239
三大,-54.23687902336833
記憶,-54.25628427463517
之下,-54.301187743896214
院士,-54.311099627319315
離岸,-54.31830810401188
贊成,-54.31830810401188
杭州,-54.31830810401188
談會,-54.31830810401188
動能,-54.51968070771741
上漲,-54.70183360569806
熱烈,-54.83261185882807
加碼,-54.838479462228456
新產品,-54.85519482801322
引擎,-55.00070110860855
產量,-55.18693984278338
這家,-55.26429257444831
職演,-55.28948117189418
勞資,-55.31367887490268
傷亡,-55.36466158316554
不便,-55.401857505909355
自有,-55.44997203731907
計師,-55.4900367487955
歷經,-55.4900367487955
聯網,-55.49751063599945
時機,-55.53765320095943
一系列,-55.54073533029607
本市,-55.55838685475959
到場,-55.57821660091994
優秀,-55.617832548753135
李登輝,-55.62533623492795
將近,-55.62533623492795
機械,-55.65235082401286
民國,-55.71681302260343
深耕,-55.791513972461516
融資,-55.800707884356875
監理,-55.81922740103368
言論,-55.99581183528952
開心,-56.084104488659236
敏感,-56.09308344204681
台化,-56.10647603106704
發表會,-56.13757397596089
失望,-56.15147330489225
總額,-56.15312718640098
既然,-56.172397431146045
各部,-56.18057594079118
現階段,-56.214416213723446
變得,-56.23090357990218
查核,-56.260690661476325
預購,-56.31878562765065
第期,-56.31878562765065
大同,-56.36466872521367
展覽,-56.37186225739139
連假,-56.502267837440186
究竟,-56.54823444360891
用品,-56.70216108672199
穿戴,-56.839739578860005
提問,-56.839739578860005
記錄,-57.101646207014504
風格,-57.12557271750008
擔憂,-57.203942440148296
促使,-57.24486894970389
聚集,-57.253746141989076
歷年,-57.27562041805456
領導人,-57.32023142365828
簡報,-57.40852828337764
補貼,-57.47779987398899
不錯,-57.537273901026055
特性,-57.53821023417232
持平,-57.54624337821594
荷蘭,-57.642545723887004
還能,-57.81799900696174
大規模,-57.8300414418661
轉述,-57.871098294220495
足夠,-57.871098294220495
年初,-57.93089409293081
現況,-58.018432771240604
科大,-58.086206832468136
建置,-58.16440144284506
工商,-58.17136389014653
進駐,-58.193516448811025
直言,-58.22388295635925
專題,-58.252525972584266
生意,-58.37981135779083
經常,-58.42835132330477
傾向,-58.48847707183788
本人,-58.48847707183788
干擾,-58.49887888984359
消失,-58.55641168180995
受理,-58.63126215257007
龐大,-58.806374876934086
報點,-58.85977630945894
對岸,-58.893934303709734
終止,-58.90748372514612
發文,-58.90961539452924
首位,-58.929477791707065
弱勢,-58.93615194062844
還沒有,-58.974923297769884
五年,-59.024687461577926
解讀,-59.06964959908301
機密,-59.08621876603627
第四,-59.19773812164784
時會,-59.30755165811124
受損,-59.30961979407392
性別,-59.351125693424564
更多,-59.43942849708151
變遷,-59.546900458948
流入,-59.57289539134765
相對,-59.576191395017446
另一方面,-59.591457508789716
完善,-59.6047448758844
節能,-59.695831079095846
玻璃,-59.76963917352808
退休金,-59.7926421569112
所屬,-59.7926421569112
商用,-59.81151775282069
進度,-59.86359728219218
衍生,-59.89972451308235
選前,-59.92306309888609
參展,-59.94480390043373
剩下,-59.98793176782165
作家,-60.010997982349245
飲料,-60.11994735930301
年增率,-60.159564110208635
既有,-60.2347338581803
舉例,-60.55794137899727
召集人,-60.605396230668376
演說,-60.693607370527836
被迫,-60.736555170717494
萬台,-60.802463434490164
全體,-60.81199571208141
相互,-60.82538354794664
動作,-60.895895324417786
第名,-60.90715793628117
往往,-60.91273587644173
小型,-60.94555842828719
選出,-60.97726636856953
現有,-61.15475413666701
滿意,-61.171171845357144
開賣,-61.29523346537691
互相,-61.311098598947055
心中,-61.311098598947055
排名,-61.31212159575666
可達,-61.33092047388015
開盤,-61.368815901849516
揭露,-61.413621675284745
據點,-61.47045873597503
前年,-61.48849845409864
總計,-61.557513264014666
祭出,-61.73538467745057
本案,-61.75217771665695
想像,-61.75217771665695
同業,-61.881067098286465
月光,-61.95419458521996
高低,-62.033810721837945
原先,-62.19084992828687
社長,-62.19326820642165
大批,-62.20973470031799
因而,-62.36861051221832
倒塌,-62.36970753700791
將來,-62.37011534107829
不佳,-62.381484034732125
不受,-62.45792786706649
差距,-62.54609041672375
這類,-62.55763487960411
廣泛,-62.57317846658399
曾銘宗,-62.674708886184014
成就,-62.73325960476221
觀念,-62.79510806598179
接手,-62.825501581984156
影響力,-62.850922283927645
打破,-62.850922283927645
檢測,-62.906656588874775
進場,-62.912538034988124
董座,-62.95667048967538
建構,-62.971731614597815
延續,-63.02196970820582
並以,-63.075482427342
正是,-63.11524769702028
依然,-63.1587735508674
容量,-63.1587735508674
端午,-63.297903728095605
金屬,-63.3254996893699
全數,-63.33184772644062
變動,-63.34015513769559
巨大,-63.604831665982026
低迷,-63.67300900005316
經典,-63.732031436450086
顯著,-63.7439341849673
幅度,-63.7574502744302
本周,-63.761519125000596
民生,-63.787122043999545
北美,-63.80166781211829
這份,-63.854861745507556
新竹市,-63.88796696895216
壽險,-63.96920106871514
付出,-64.13419600281105
予以,-64.13419600281105
兩天,-64.14516971265631
為例,-64.18137440195535
解散,-64.20811945889002
照護,-64.20811945889002
上櫃,-64.26072991402692
詞時,-64.3141248964748
觀測,-64.38474950354774
地產,-64.49711863242082
戰爭,-64.52508821465753
面向,-64.53136261185664
簽約,-64.60394589564669
經歷,-64.61320897430434
股東會,-64.63740453438825
出貨量,-64.76120819516854
顯然,-64.76470145686996
知識,-64.79387451173002
財經,-64.81375873292806
能量,-64.91713708695146
兄弟,-64.96569857895568
比照,-65.01686742207377
錄取,-65.09127745998721
少數,-65.36812793207758
等到,-65.36943627655364
小心,-65.36943627655364
環保,-65.54267636590563
負面,-65.55389989045442
角度,-65.8511923344353
列為,-65.9050654125764
發電,-66.06277318084136
消息人士,-66.07532234913029
最多,-66.1069566503321
博士,-66.18196190992569
交易量,-66.25179767105175
群島,-66.25708882746873
看來,-66.28176903266575
聚焦,-66.29880419778748
此舉,-66.34003589489701
一周,-66.36930916223822
拿下,-66.37436757051219
薪水,-66.51864665243617
接到,-66.5926892889978
不變,-66.81653403239761
超越,-66.84310517605638
原來,-66.90457319359979
上限,-66.90555190995082
得知,-67.03429095002951
形容,-67.0637835997684
不易,-67.22039511149963
是不是,-67.3106807053508
韓元,-67.31324396203878
早已,-67.3892035018766
補充,-67.47589698117136
手段,-67.48928194232342
初期,-67.54770058452588
改為,-67.66365330911673
留在,-67.69034837843398
並沒有,-67.69783420814761
材料,-67.71472683222757
焦點,-67.7260599527128
困境,-67.75987156094143
英鎊,-67.83450183751019
熱情,-67.85776833521047
坦言,-67.91650529013464
放款,-67.917507301794
實力,-68.04558652922391
幾年,-68.07111089828497
統一,-68.12049069951772
對外,-68.19817323241881
制定,-68.40299468572466
很快,-68.45755100438126
瑞士,-68.5364237166363
延伸,-68.55839577217121
重諺,-68.61963698727841
拿到,-68.6506764510134
不明,-68.72164173861324
中鋼,-68.74885520379864
替代,-68.89770628556401
潛力,-68.97844465184637
工時,-68.98735030598944
一大,-69.15141510128596
創下,-69.20091836819309
微軟,-69.20848770189686
研討會,-69.24236322346674
理想,-69.34673154063873
加工,-69.54895718055587
毛利率,-69.62114950270808
意識,-69.98973653090118
建仁,-70.03729412487668
年期,-70.07789400199033
迎接,-70.11607020515909
公股,-70.13461552479333
顯示器,-70.20193602132012
實驗,-70.20384105322404
幕僚,-70.2182915639406
獎勵,-70.22286896835688
將成,-70.25777528515951
平板,-70.28462938518503
浩鼎,-70.39438280831722
遭遇,-70.43052916277848
做到,-70.45192129631693
解除,-70.48228186089774
平等,-70.48242957272494
國大陸,-70.5201403338068
細節,-70.57047709525771
成熟,-70.57986707855821
環球,-70.74390987999031
週年,-70.78317268038965
效應,-70.95751415210225
作用,-71.01072599260897
交割,-71.3449161139994
前提,-71.48848433889314
日將,-71.69614251307716
接著,-71.81148445453806
穩健,-71.83221677285032
反彈,-71.88988869065005
宏達電,-72.07158254596982
私人,-72.07626331204115
開出,-72.1170156519366
各自,-72.24352080401495
東西,-72.33383002704566
行業,-72.37016896081755
相比,-72.37142334878298
南下,-72.5465117595521
財富,-72.69409098747626
一條,-72.77190441894638
排隊,-72.77548273406076
任內,-72.81102956873647
定性,-72.8813849171367
成效,-73.01572370364813
大約,-73.04714177175342
財報,-73.0565678783394
當中,-73.16316695219815
資深,-73.18460909586493
已成,-73.18880287222258
成交量,-73.37521626525576
進展,-73.45116569653365
來台,-73.49475957656557
職場,-73.5164312788922
研究院,-73.74067249291004
前景,-73.84668806054019
不必,-73.86914334121248
價為,-73.95732250780662
作收,-74.01442767368539
陸股,-74.01479450542166
有線,-74.01805483827688
有望,-74.06470500012186
推廣,-74.10046138006057
尋找,-74.15910242541473
比重,-74.17858892063597
列入,-74.18104868831615
災情,-74.18879435845366
蔡正元,-74.19458810633047
過度,-74.19496342616945
官網,-74.2218627462088
多個,-74.26912592138119
販售,-74.27712746786324
挹注,-74.42161159496685
失敗,-74.45939005988214
新品,-74.46842736940994
檢視,-74.50613950041371
破壞,-74.63592605272194
或者,-74.63592605272194
激烈,-75.0057341657744
周年,-75.06185046089654
得以,-75.21466297360466
將有,-75.24696408633429
每人,-75.36825039111645
關懷,-75.5186220373465
有利,-75.56046545622443
障礙,-75.95997985860508
暑假,-75.98556665824715
同一,-76.0482521956007
流程,-76.13652478823467
習慣,-76.20863385128595
一半,-76.22353988587763
培養,-76.26298041476504
看好,-76.41110651964064
談到,-76.4854965200858
轉換,-76.53428734744679
親民黨,-76.6474539699319
宣示,-76.91174062732462
固定,-77.05369873330245
幫忙,-77.10753994575235
訂定,-77.13206605331301
學術,-77.13206605331301
脫離,-77.19581554265727
旅館,-77.26413124289319
招生,-77.45720306340515
按照,-77.52234426550461
幹部,-77.54892037426598
教學,-77.59012042665651
工資,-77.72221639316052
印象,-77.76328624040886
調降,-77.7809221107034
時刻,-77.83763859073761
財產,-77.87093312379021
南港,-77.9903068548072
配置,-78.01403572892501
銷量,-78.05704468584526
治理,-78.10959772476645
迄今,-78.19599451457343
程式,-78.23325407327805
疫苗,-78.34058482749707
舞台,-78.45616657814521
演講,-78.52964715018837
對此,-78.67378756094143
定位,-78.80475983435328
普遍,-79.02695859407409
總處,-79.07245143752813
上周,-79.3508848821693
報酬,-79.3620997938832
供應,-79.41546887383392
將以,-79.42634696017515
不敢,-79.57934684455924
扮演,-79.58183316104773
掛牌,-79.58966225801652
組合,-79.60605131946645
能否,-79.63140067209079
高峰,-79.68757415897782
聯準,-80.07027252135798
訴訟,-80.10738165333188
基因,-80.17170595352425
萬名,-80.19572262209186
五大,-80.2644198451758
汙染,-80.28561051013904
閱讀,-80.3724048739793
國立,-80.48375742795066
則是,-80.48554181634024
中華電信,-80.56898488063115
輔導,-80.6123001198286
放棄,-80.66017730596053
以外,-80.67659310366642
這位,-80.72577062603584
中文,-80.8153175066012
同步,-80.8769567087444
應變,-80.96478500093963
去年底,-81.01467527072535
簽訂,-81.14103059012832
出爐,-81.17645220425827
氣氛,-81.24586020624713
競賽,-81.42028613944524
自主,-81.58165364882193
數字,-81.65452149340591
集中,-81.70185812225921
為何,-81.71872659414049
照明,-81.78587768314668
生效,-81.78587768314668
不利,-81.82832867210747
來源,-81.91523590993866
失去,-81.97552145470561
視為,-82.02065607945754
身為,-82.07158759069239
追求,-82.07863315180197
警戒,-82.13961866536631
談話,-82.3707681168293
熟悉,-82.49262368824336
加州,-82.51267157286188
升高,-82.63336790296307
移動,-82.78288772168656
培育,-82.93700832053374
身上,-82.95376403393847
出售,-83.08031842202499
辛苦,-83.13020336477686
外籍,-83.19909308821467
善意,-83.37567497027608
新藥,-83.39486485068224
規則,-83.46396620807874
機車,-83.4644095259719
這段,-83.72944400803452
綠能,-83.74490581943091
深入,-83.83597390223014
收盤,-83.88229430520023
參訪,-83.90987521580763
智慧型,-83.99557526405293
當前,-84.01241980196406
人類,-84.09566880396844
森林,-84.1888669927898
心理,-84.19151419451991
等待,-84.36531546728014
深度,-84.43518270299887
平衡,-84.44957021387854
三個,-84.6485660968927
意願,-84.65673648103464
就算,-84.70006396680947
精品,-84.71821623782965
大部分,-84.77272744632133
三年,-84.91472338618098
迅速,-85.13245934761952
此案,-85.23578202033183
服務業,-85.24757683869944
退出,-85.43079079067003
新聞稿,-85.600490119243
便宜,-85.67434044915746
休息,-85.82202993619352
財政,-85.84463011320456
透明,-85.847902253828
滿足,-85.84977197655728
立刻,-86.02449552010985
不夠,-86.20064888139761
愈來,-86.30475871125053
環保署,-87.0092513361558
面積,-87.01219174335205
法人,-87.05107647121002
攀升,-87.30892406478837
並在,-87.31085710362818
一路,-87.48005696075857
生技,-87.73231553907678
現金,-87.79834542518607
總會,-88.0584534481212
還會,-88.13079419680324
首席,-88.14680268232293
陷入,-88.25814579174707
類似,-88.40857383009303
有限公司,-88.46277231461043
達到,-88.52687012849171
下去,-88.67347913792929
彈性,-88.76178124029451
體系,-88.98590363886666
設定,-89.02668854013683
部落,-89.11499130279401
月初,-89.20245846910477
溫度,-89.21812452166097
當初,-89.29534992396441
提早,-89.30636546763715
不如,-89.33231649457375
存款,-89.40879929961257
電信,-89.41922831920759
處分,-89.5300496372727
研議,-89.64875171852952
綠色,-89.71525264909054
稍早,-89.71525264909054
國防,-89.77939834509651
期望,-90.06360077936783
理解,-90.1746371112784
年齡,-90.18878980638306
察院,-90.35124698643236
紀錄,-90.51371804337649
問到,-90.7044686254636
駕駛,-91.02408305115586
規畫,-91.10196047297687
放在,-91.14887760942011
還說,-91.23907468710848
背景,-91.36648328999671
說法,-91.36648328999671
影像,-91.4701916886093
休假,-91.50124108264659
隨即,-91.56307998652841
家族,-91.77722003469972
商務,-91.94076383537374
優質,-91.99093898511636
直播,-92.11789684268025
暫時,-92.12233278001844
專屬,-92.13021579865784
交換,-92.20568810396254
自身,-92.3823050281985
典禮,-92.38500102883869
雲端,-92.39496525148189
認證,-92.5079764338247
本土,-92.55131377237048
未能,-92.60311785724302
幸福,-92.64723152429778
事宜,-92.74796799449413
採訪,-92.77732843276101
降息,-92.89707527615995
各方,-93.1009746679423
本身,-93.22162385771078
人選,-93.26539847195248
缺乏,-93.29462432226403
深圳,-93.35128193035295
不願,-93.43938454918612
值得,-93.70992026363595
部會,-93.80131058893149
所謂,-94.07176295227164
中油,-94.14422284327112
時期,-94.27813571419465
相同,-94.53974610749067
提及,-94.59006555341803
緊張,-94.7732081375238
多家,-94.81947449095603
名單,-94.81947449095603
跌幅,-94.83653783419192
投信,-94.93998563435026
員會,-95.04257981771416
指標,-95.18902768030162
充滿,-95.33471917912723
一度,-95.33980637073411
超級,-95.37776264013212
案例,-95.42291023664843
並將,-95.44283811943923
券商,-95.48019308993233
關切,-95.5955149085488
升級,-95.66008191272972
福利,-95.68068306599933
空氣,-95.77567781506932
不動產,-95.81833451818372
合理,-96.08814203931983
任期,-96.10168441605485
海峽,-96.27524699751365
爆發,-96.27524699751365
電池,-96.29445262986384
走向,-96.38693206480087
設立,-96.38742752126255
取代,-96.47118734471219
一同,-96.65075072179265
世代,-96.66713468487342
漲幅,-96.70890779714809
明日,-96.78977105778846
預定,-96.85596085461691
辯論,-96.89373884721
期盼,-96.93217578242678
紛紛,-97.11125906029585
螢幕,-97.2471641053265
本月,-97.29532253951763
保留,-97.33734689631231
聲音,-97.42561013110611
資格,-97.68894703339785
公聽會,-97.76939147585608
高溫,-97.76939147585608
澄清,-97.7786652078276
職務,-97.98059357024997
一項,-98.03434289819772
打算,-98.04345874480457
有限,-98.19463439613364
加班,-98.34082617652982
矽品,-98.5036418696301
絕對,-98.81451668242677
近來,-99.02540097811072
富邦,-99.25122429647448
歐元,-99.27918674650951
具備,-99.28815898557941
永續,-99.39740607069417
台塑,-99.80025576256595
民間,-99.89788361050243
遇到,-99.96024537028107
股價,-100.01819819946707
作法,-100.18570458565837
使得,-100.32644255423828
影音,-100.51495460922682
調漲,-100.71823825828537
旺季,-100.80306130876606
都市,-100.9563096757119
幾個,-100.99855624862171
效率,-101.12393873426224
以往,-101.15854149960465
也將,-101.29883486891391
中秋,-101.33243561296227
定期,-101.5671329351245
薪資,-101.6115118017146
候選人,-101.74377734747172
首先,-101.86305298871086
可能性,-101.91870153723454
將持續,-101.93279646311564
雜誌,-101.9617978532235
密切,-102.10437074482088
每桶,-102.28357423199743
藉此,-102.30278414056237
為止,-102.54377408188127
虧損,-102.62577909916922
狀態,-102.74373707886912
本次,-102.7662144631868
暫停,-102.79761249889968
電商,-102.81373295523976
波動,-103.30124855639275
實質,-103.36312568733949
想到,-103.53639438646672
無論,-103.85240190545304
研究所,-103.89206448123228
中間,-103.97891927944413
恐怕,-104.02821017003683
地位,-104.17884781649997
法規,-104.24358106335279
尺寸,-104.43393745071111
形象,-104.83512561492952
保證,-104.8404370767812
確保,-104.86113442017681
陪同,-105.0227472247378
特殊,-105.11537445433822
一段,-105.17103238194858
員工,-105.28283596042264
採用,-105.44346136479302
否則,-105.46350867373287
年代,-105.54173770498204
申報,-105.65723167075761
實境,-105.7392585328234
方便,-105.74337548885329
那麼,-105.8881319653755
生物,-105.95435530957141
版本,-106.06414681248764
攜手,-106.23952426850637
自動,-106.26424919105344
自月,-106.3213415943767
仍然,-106.32817325800666
中山,-106.35503885652072
認同,-106.35503885652072
檢驗,-106.43653231466918
貢獻,-106.44488271018368
部隊,-106.48332782022449
隨時,-106.51778059416924
不好,-106.97855542282241
酒店,-107.06678441968143
元月,-107.15289655656056
難以,-107.24324314734052
助理,-107.39662505379968
接觸,-107.48495410280057
發起,-107.57718669851178
設備,-107.60461587993365
園區,-107.6399707962443
彼此,-108.01861285331381
經費,-108.09525640941085
外國,-108.15848760863213
電力,-108.35762002657755
創辦,-108.41425565625669
增強,-108.46004302491775
想法,-108.4784812932829
接下,-108.53428174277795
股份,-108.6483985883107
人生,-108.72490303694211
疑慮,-108.772144566868
主動,-108.79265599735682
更新,-108.98976446884936
早上,-109.87264604007036
不可,-110.35910269970611
離開,-110.48819770351582
十年,-110.53763365292328
期貨,-110.60161640088879
族群,-110.62461149636162
觀察,-110.68491374666695
計算,-110.83194769642917
通常,-110.84383344964263
稅後純益,-110.8595075335295
距離,-110.89189410206585
越來,-111.11251614663904
第次,-111.19485853741011
新低,-111.28829883280058
尋求,-111.41457100536896
主因,-111.51998555507546
上台,-111.56018714576688
處長,-111.58471484541214
突然,-111.63845480206736
面對,-111.80548186445864
現任,-111.91505793340535
豐富,-112.20622834944413
不應,-112.25486026225889
明確,-112.31404859732771
效益,-112.41294462126368
比較,-112.57818474820964
當天,-112.66612404446246
新光,-112.73402614337424
其次,-112.82913299985603
情勢,-112.99146120060773
一家,-113.00417250494739
充分,-113.07925769712863
宋楚瑜,-113.09646888721782
享有,-113.316027452499
詳見,-113.4586693754647
全世界,-113.51825188931943
重申,-113.69221267410272
全民,-113.78010381394482
正面,-113.78846437037275
位置,-114.00618178533018
參觀,-114.02155691105278
此事,-114.30091711166854
回到,-114.35024890555127
顧問,-114.3729423230498
簡單,-114.37557328869495
股權,-114.44111088397335
一事,-114.83183574749654
評論,-114.95543308754264
貶值,-115.07642046834464
太陽能,-115.25027738350347
現象,-115.27152936578618
水準,-115.4135339495248
同期,-115.43048711380324
不論,-115.51861817960908
昨晚,-115.53804023106144
到底,-115.83620811667772
學院,-115.96496082847486
試驗,-115.97908560706617
承諾,-116.04741201498261
即日起,-116.05329827703393
交易所,-116.07609492690415
朱立倫,-116.15660449669218
以前,-116.2404411061653
衝突,-116.24497096523326
業績,-116.51372097187061
天然,-116.67132287575511
回升,-116.68219110302172
競爭力,-116.77142345199744
突破,-117.36714172623606
郭台銘,-117.56003371013189
當年,-117.59435241260441
春節,-117.92066048517324
致力,-118.36510785337165
似乎,-118.4612294851698
多少,-118.65444717341322
估計,-118.76039682851582
主辦,-118.86785562025588
總部,-118.89598140327871
衰退,-119.0926756950592
操作,-119.1502744301763
納入,-119.24515836996738
一點,-119.40867675442232
理念,-119.58685801347342
比率,-119.67149805590496
精采,-119.86122330163052
瞭解,-119.94022040911203
鴻海,-120.27146123372651
十分,-120.36635480231463
回答,-120.50511295814698
反而,-120.92962925883133
證明,-121.097976938467
增長,-121.11588275799454
經理,-121.15969448961414
虛擬,-121.27206959923001
運輸,-121.37028522838423
科學,-121.56120011286515
對象,-121.65184994804285
玉山,-121.87351422681377
概念,-121.89111685657438
一種,-122.04466228690947
通報,-122.14876057636698
不但,-122.50304423547364
一致,-122.58979470448575
適合,-122.83467017440442
小孩,-122.85550237118913
新興,-122.92367049009573
子公司,-123.10953775289067
速度,-123.16543309940627
上路,-123.47076935490114
引進,-123.55907838951235
計劃,-123.5925725151355
發動,-123.6473875342292
法令,-123.73893553236502
回饋,-123.83418098896881
數量,-123.88539877373367
授權,-123.91562294287769
重建,-124.00062520972489
人物,-124.35386462926998
更好,-124.35763548394885
月份,-124.43843523726775
施政,-124.62859270508712
展示,-124.68606242289928
時報,-124.97575276561082
房價,-125.17015693730929
臨床,-125.41747620214207
產生,-125.49488952986765
刺激,-125.53340496615078
報名,-125.59021613196359
景氣,-125.67704103367223
出貨,-125.79110827056725
財務,-125.9000377264581
詢問,-125.94754637259354
還在,-126.23049539404056
身體,-126.2967119955476
高層,-126.53073184771245
不管,-126.65431002891215
現行,-126.67244687377404
管會,-126.67244687377404
喜歡,-127.0076933090761
更是,-127.16800507316754
就要,-127.19972128384026
兩年,-127.4874467397285
展開,-127.75846810076462
規範,-127.82126230687848
民意,-127.99800355537141
出來,-128.38961087551522
不用,-128.73027195958622
順利,-128.9137731707184
開會,-129.04222206682627
第一次,-129.12276066401563
父母,-129.21107632176265
帳戶,-129.23519531650902
工廠,-129.27985295675768
威脅,-129.33789260746207
決策,-129.54519746632042
認定,-129.67705078063548
南投,-129.74097229933545
儀式,-129.75515039535196
看法,-129.8342741739029
爆炸,-130.4173490151704
像是,-130.58599232062372
特定,-130.89497096788384
測試,-131.1630300387806
通訊,-131.20316090754446
逐步,-131.34183563348785
公園,-131.59563515403153
男性,-131.69010934172465
當選人,-131.91648482438578
畢業,-132.30045117352756
登記,-132.30855332437247
維護,-132.4165690225505
創新,-132.4356986579905
債券,-132.84897769740962
受惠,-132.94661773282743
變成,-133.2182530436626
拓展,-133.28032716037475
發揮,-133.4623595415363
這場,-133.47703413339934
想要,-133.65377865771694
一切,-133.91542768295574
這也,-134.42611579460979
大利,-134.42689069855973
大樓,-134.69400424039154
形成,-135.0512615838397
國人,-135.18179767788808
訊息,-135.30738189610628
公會,-135.48676741177528
運作,-135.61976214825754
組成,-135.746692157924
國外,-136.1497189687548
實現,-136.19597385172514
證實,-136.46102879484215
脫歐,-136.96322750502594
台電,-137.51235591693964
良好,-137.51738565262602
金控,-137.5885386492899
採購,-137.68708537285752
呈現,-137.89241951443606
出任,-137.97470061197888
依照,-138.39640154085993
內閣,-138.48472644693348
開幕,-138.59244787722287
執行長,-138.77235421299673
升值,-138.89923323201376
提前,-139.15988960517615
演出,-139.19490174231572
初步,-139.5896102725193
方法,-139.8129448040469
再次,-140.02848733503487
石油,-140.3485384612297
當然,-140.4917872483121
上升,-140.5504993648211
並且,-140.55989547279157
累計,-140.64177325568767
軟體,-140.67693060949347
起來,-140.82452311124527
創意,-141.23421596720132
假期,-141.39949222235165
陸委會,-141.6957504984897
先前,-141.7410982438203
生態,-141.82326980692372
審議,-141.83083226200557
拒絕,-141.96087346165493
新增,-142.2097989668276
一旦,-142.62430676149432
反映,-142.85960415486824
全年,-142.86790097730923
優先,-142.879166665647
考試,-142.91082857070728
支援,-143.17223768901857
全部,-143.2270174836463
小組,-143.24146774992803
展現,-143.2497696095425
負擔,-143.79438117573332
設置,-143.97600678945173
成績,-144.0377118294103
每月,-144.04935044635405
論壇,-144.24883500839044
有所,-144.36434598015612
所得,-145.02972394851926
展望,-145.06044359618105
收益,-145.15200826939383
地點,-145.29643017934563
衝擊,-145.53437568422413
事實,-145.55217987323994
夥伴,-145.5917219839789
整個,-145.9367075851888
證券,-146.06990531790828
照顧,-146.18254688552688
人壽,-146.2576147874745
共有,-146.2897922989162
關心,-146.2952882433652
累積,-146.4156286464591
大眾,-146.4342778021726
運用,-146.4654197789672
相較,-146.49407282275646
接近,-147.0344894403976
並非,-147.59477960922743
金額,-147.91943892736722
緊急,-148.00282452545957
高達,-148.03435830445673
發出,-148.12437610441282
股東,-148.15693896307516
理由,-148.37758871690733
部門,-148.49950011800087
外匯,-148.77265850417166
日東,-148.85413128000806
發言,-148.85413128000806
加速,-148.89223704144914
任務,-148.90758815591872
建築,-149.3491496501237
確實,-149.36360754343923
最快,-149.58491111155323
達成,-150.72403056835554
困難,-151.02693830116064
下半年,-151.08841233716126
每日,-151.2656238523455
給予,-151.3090333823614
同樣,-151.92984811105137
公益,-151.99830517695958
廣告,-152.36504828667432
晚上,-152.38917758785234
思考,-152.5406948129272
登場,-152.92358206327015
確認,-152.9696832033575
第屆,-153.0579908426884
反應,-153.3192166706015
同仁,-153.4045158228499
更加,-153.51007755433156
新任,-153.94269601529928
根本,-153.9695871344389
協調,-154.029380807059
日圓,-154.47271883599845
東南亞,-154.5102180473344
全力,-154.88252879463542
具體,-155.0095641149716
社群,-155.27439437857214
創業,-155.42788792818516
不足,-155.4445974991416
氣溫,-155.7474958491655
多數,-155.76347545291432
保持,-156.00374614239118
即可,-156.06642237032543
公民,-156.15716973749923
聯邦,-156.2044697835936
適用,-156.25288703898178
中華,-156.37840302107577
東京,-156.6170447213278
真正,-156.7496804336711
項目,-156.90703807211855
購買,-156.9100709468265
持有,-156.91440055841252
大多,-157.18288813153922
解釋,-157.20854933888958
清晨,-157.29954222683594
昨日,-157.93349017269443
電話,-157.9569279287844
唯一,-158.15041652018098
廠商,-158.16806183124342
自年,-158.53481056115433
工具,-158.8874524664537
事務,-158.90372306711586
代理,-158.99208476233005
自然,-159.22823260834124
德國,-159.3282600312157
藉由,-159.37977215664884
綜合,-159.90123578278715
願意,-159.9090130877026
費用,-160.88329191719416
主持,-161.05921083551857
做好,-161.2678806851743
優勢,-161.7653961274474
核心,-162.29096523267071
找到,-162.35306959729888
禁止,-162.94898579309347
變化,-163.13035697185308
反對,-163.66009824828635
輕人,-163.87413311032665
其實,-164.1257441201927
即將,-164.1671572944344
匯率,-164.4713137993271
將在,-164.49026523692777
展出,-164.63239140683447
一位,-164.6476488686748
零售,-165.6036540433815
覺得,-165.78034209434435
房市,-166.30989548356774
短期,-166.46680055443548
凌晨,-166.5887087100884
效果,-166.82283005968011
重視,-166.89539394933283
接任,-166.97150237577824
不再,-167.0252533811083
行銷,-167.1796839121391
美食,-167.41339680412628
收到,-167.52827935961346
強烈,-168.03204952471353
之外,-168.4768881550652
如此,-168.59361313384653
最好,-168.71573317974574
很大,-169.050873345859
然而,-169.25998113955922
今晚,-169.99745156490323
課程,-170.1196996339697
監督,-171.21370145469734
百分,-171.55660895189135
台中市,-171.62810706852545
逐漸,-171.8057306009864
還要,-172.25728302234762
即使,-172.9468312164719
角色,-173.17524014447937
程度,-173.26314420603376
範圍,-173.78720578265649
依據,-173.81494526190556
領袖,-174.3564537250781
大量,-174.401027506387
飯店,-174.7209225855476
新竹,-174.77574614672002
感受,-174.89765579761502
研發,-175.0288305563127
內部,-175.1058255070675
台商,-175.14272491292127
並未,-175.7186792060741
案件,-176.16366740106153
局長,-176.2873400620142
信心,-176.6859652046712
不得,-176.75969856305676
成果,-176.81007217648448
而言,-177.2838601089065
參考,-177.30718224186694
中小,-177.67088345946934
補助,-177.70016701685242
搭配,-177.8550090091167
各項,-177.8767718837218
老師,-178.01895099742015
落實,-178.07886961238074
政黨,-178.10733128148593
貸款,-178.16723708737214
表演,-178.34397210491807
就業,-178.43893767286647
各界,-179.14797655345296
韓國,-179.15365867438751
重點,-179.26690919216605
設施,-179.93636240997773
立院,-180.55316732423213
控制,-180.68229707426408
總裁,-180.78930238833348
大選,-180.82509656686463
肯定,-181.00114431062548
遭到,-181.08337621130082
第三,-181.35174514935642
存在,-181.4089372509272
最佳,-181.43293599219837
時候,-181.49853743928986
主題,-181.5062802463012
下降,-181.5308059347481
特色,-182.12474190791357
發行,-182.31184238265274
交接,-182.93911336687344
澳洲,-183.0082616594112
勞動部,-183.0274820345549
預算,-183.28977596135633
訪問,-183.5869285323867
危機,-183.70290120049066
中信,-183.75378985854545
系列,-183.89985817477287
比例,-183.91822735538722
傳出,-184.47323173909498
領導,-184.49650084570047
停止,-185.20615403235172
爭取,-185.30979815267247
文件,-185.7080729088849
一天,-186.17755723472308
如今,-186.26742532434636
令人,-186.565688611501
擴大,-186.6761497192048
做出,-186.87876909837223
幾乎,-187.6455786288501
情形,-187.93560270473728
南韓,-188.37655250454682
柯林,-188.47533922331672
將會,-188.58282275567248
近日,-188.5959611703451
油價,-189.09389497992458
業務,-189.75579142357915
兩個,-190.5699125042201
勞動,-190.5953883402654
機率,-190.7910464473164
商機,-191.10591120794632
得到,-191.39424567718527
有意,-191.8546797662303
營業,-191.88838016124606
原油,-191.9385891359475
九二,-192.3063027241094
總統候,-192.60182768229626
通知,-192.9804769408205
管制,-193.0717344615132
分鐘,-193.42489400120846
上述,-193.95218955371934
人次,-194.04052734196944
感到,-194.10900894351101
快速,-194.4189342324817
知名,-194.6757653555777
有助,-195.19746189630615
新台幣,-195.86933447002417
完整,-195.92910188286163
品質,-195.93124025809152
辦法,-195.98036849863402
階段,-196.17454558009968
學習,-197.04572480407103
透露,-197.68882951396017
擔心,-197.9788549514269
巴黎,-198.0504362334821
創造,-198.35939472607035
帶來,-198.4007971278436
商業,-199.02638710624888
互動,-199.1598300977412
只能,-199.52932460119652
衛生,-199.5840149918258
關注,-200.20800582677575
經濟部,-200.59481711896555
用戶,-200.85336836678096
連續,-201.14757620732763
隨著,-201.57774956304402
高度,-202.69520549078052
截至,-203.11841842655153
陸續,-203.27253552255573
裝置,-203.27961468282427
下跌,-203.28421136564853
人力,-203.7197165589344
排除,-203.84558101070576
獨立,-203.8734044122214
每個,-204.10581230497002
上半年,-204.29399782045806
左右,-204.36297324912513
帶動,-204.5095888513725
預測,-204.74874240546362
人才,-205.3003858574587
機器,-205.57590935092995
正常,-205.622851354364
結構,-205.91058861323688
幫助,-205.91416880180313
發表,-206.03316051853523
近期,-206.80886339758348
高中,-207.02252074423026
通路,-207.03252583809618
競爭,-208.83589698294682
工業,-210.01398157895608
歡迎,-210.02483318836767
每天,-210.99514851527675
大型,-211.1353048366839
各種,-211.39852565764332
下滑,-211.4194633885444
提名,-211.60408894105234
大會,-211.7017650912316
責任,-212.05507458974878
態度,-212.09931187452324
真的,-212.4458089819599
必要,-212.5219558346707
簽署,-213.0738717344723
堅持,-213.29917040836344
這麼,-213.4687592233191
損失,-213.5951122056106
今日,-213.70426842809167
購物,-213.7252910221869
布局,-213.9063530909923
引述,-214.18324524586086
農業,-214.26352564414745
台大,-214.56001436757174
再度,-214.57848989881114
我國,-214.60474751899062
取消,-214.6629457540655
感謝,-215.31619487850446
尚未,-215.8119481467952
已有,-215.8677737596942
預估,-216.06245453337138
考慮,-216.2297737041823
利益,-217.16570784629172
面臨,-217.94241932025406
年底,-218.13959660695204
今天下午,-218.4399120931866
生產,-218.50818914522787
進步,-218.93992743216867
行程,-218.94392108875468
能源,-219.53951297373834
涉及,-219.85372850219665
進口,-220.89305459621008
電腦,-221.3298542089636
基地,-221.5110858622441
決議,-221.5862276935894
引起,-221.87763198076473
關鍵,-221.96085135244275
目的,-222.15119167316305
負責,-223.42534729231804
朋友,-224.77257552584737
強化,-224.8701540354433
營運,-224.96085475180044
今天上午,-225.2262641870102
年前,-225.28077038680573
容易,-225.42785264268502
巴西,-225.44640786822015
上任,-225.80833056985495
收購,-226.4996546004834
而是,-226.65318737063842
訓練,-226.75152032900345
收入,-227.49139237973574
聯合,-227.86672278011358
市長,-228.23021465909542
升息,-228.24926904736688
或是,-228.52917276230934
最低,-228.86128797235267
意外,-229.69084339624047
怎麼,-229.92841801713263
挑戰,-230.11262316796734
精神,-230.43986921067892
質疑,-230.51652809974635
藝術,-230.54588361561068
保護,-230.73275847011746
限制,-230.94910520444026
財政部,-232.13920103332504
中午,-233.16604633070193
確定,-233.47194597399883
部長,-234.85370347099555
公投,-235.25714775134196
教授,-235.34815250223537
明顯,-236.10248445071883
中研院,-236.33532444512522
新北市,-237.7658030330196
不僅,-237.8784209969293
選人,-237.94257284873058
附近,-238.168629503325
啟動,-239.11156317252048
資金,-239.25869204091572
優惠,-239.55931677777883
自行,-240.01006051558346
各國,-240.20536490112332
汽車,-240.27768672501574
表現,-241.5254396205281
人事,-242.36688143507348
評估,-243.2407581084407
元年,-244.01880038822588
告訴,-244.44751120704632
立即,-245.35198607010642
成本,-246.65790065314008
貨幣,-246.80582925295292
上市,-246.84488330419276
運動,-247.13876003525073
有些,-248.00115910144447
掌握,-248.44279928689733
影片,-248.46040736207394
經過,-248.76721482000252
公平,-248.8843495100513
資產,-249.54139133292236
多年,-249.81778465601056
理事,-250.31622839067865
萬人,-250.4572535636674
青年,-251.91414662647801
消息,-251.9289589111601
秘書長,-252.99141291059016
指數,-253.31565780003334
具有,-253.7442225758888
條件,-254.45278116750814
聯盟,-255.70893557999352
柯文,-256.879714303158
不到,-257.4376009831621
最近,-258.29786663486146
體驗,-258.3820196126998
投資人,-259.42233180688913
採取,-260.04324363477855
至今,-260.11101340315645
洪秀柱,-260.79763441397836
可望,-260.8090076159952
之間,-260.8828342140749
司法,-262.2703568432992
兩岸關,-262.42432630337333
能夠,-263.37830610514607
作為,-263.81290438230974
工會,-264.33283123731127
鼓勵,-264.79797219843147
獲利,-264.8716262883853
股市,-265.1087140601237
仲裁,-265.1622368377217
價值,-265.33078179583634
全台,-265.4025055635817
而且,-266.07607503571484
因素,-266.62700972331595
原則,-266.63855290368093
結束,-266.8336564877955
條例,-266.84464998078454
遊戲,-266.8582373011758
實際,-267.1039952899142
分享,-267.1308127670918
提案,-267.6610465558949
例如,-268.2683414462921
共識,-268.78637865407444
多元,-268.8598034636009
全面,-269.9554514754001
轉型,-270.7696166215637
小時,-270.8187209630713
投入,-270.97391398849373
上海,-271.329266831869
結合,-271.73908192672104
房屋,-271.79071407752065
領域,-272.89290900858856
專案,-272.9948712393705
尤其,-273.8564406964598
人數,-274.1122580343898
此次,-274.1717755003548
一樣,-274.34178772262504
聲明,-274.49658408237696
主任,-275.15516339890064
數位,-276.00131006197927
導致,-276.1486184435183
方向,-276.2365195907353
加強,-276.5356960329832
網友,-276.61706431188765
建設,-277.15141259498427
退休,-277.50153628265554
歷史,-277.70627442319227
壓力,-277.9726085696274
重新,-279.2266244868896
官方,-279.3029240038269
降低,-279.37788309362026
事情,-279.67978981702265
相信,-280.2433244462006
事業,-280.3115760079613
首度,-280.4825181409833
首次,-281.34191157355576
不斷,-281.4252161876
模式,-283.878970585725
開放,-284.0314533417093
之前,-284.7560383948538
一些,-285.4681998811895
打造,-286.0421034000584
數據,-286.41080364411346
改變,-286.5905792185534
區域,-286.6931981505699
基本,-286.86604753465804
股票,-287.3181571428094
機制,-288.2089645830441
維持,-288.23274000432235
作業,-288.8188107254158
考量,-289.09610064204446
審查,-292.3205592196941
立場,-292.82159404141146
大幅,-292.97605112519597
清楚,-293.4986026333438
交通,-294.44047496912833
死亡,-294.5096494123296
安排,-294.70348994698116
土地,-295.2978680258925
高雄市,-295.83545445081705
專家,-295.88140584139603
食品,-296.2115846176356
提到,-296.57593014084995
這種,-296.9748509751255
夏普,-297.2854454365539
亞洲,-297.5386891274227
地震,-298.0374054825943
期待,-298.46371657646586
趨勢,-298.49643995834487
臉書,-298.70476350989196
孩子,-299.2724102692944
包含,-300.56967392224846
總統府,-301.18665514613514
面板,-302.3321325463996
每股,-302.43649721549747
明年,-303.01017918197886
一年,-303.2429789577123
意見,-303.72985807216037
出口,-304.3208433860556
有關,-305.04348468919886
引發,-305.65012040032497
各地,-305.7749929634505
因應,-306.5789177063418
行政,-306.6584796981695
保險,-306.8412112594503
貿易,-307.26703403141477
辦理,-307.2769217973575
尊重,-309.4347962784648
修正,-309.753919005584
紐約,-310.1074048332203
整合,-310.93532850913846
權益,-311.11381487194495
工程,-311.2346814570918
完全,-311.5780198745764
吸引,-312.5530507082203
但是,-313.6662980238111
制度,-315.3054211982714
現在,-316.15823072188937
調整,-317.0560577657873
去年同期,-317.3108575332843
客戶,-317.58644478821935
協議,-318.0379162637596
一般,-318.05694612050996
參與,-318.0863777651361
電子,-318.30045687976457
正在,-318.5822338256622
經驗,-319.2301267273753
應用,-319.6474124773076
擁有,-320.3316202488574
設計,-320.8361246698189
高雄,-320.8630055291215
勞工,-321.23556969037315
實施,-321.3048949800479
總經理,-322.31615093765345
功能,-323.5149579896872
預期,-323.66102559264226
院長,-324.25312304676834
傳統,-324.88341084838
公告,-325.4819559311392
空間,-326.1732303554277
重大,-326.4318450016178
觀光,-327.4389597991933
資源,-327.80902907928987
配合,-328.0010297632552
呼籲,-328.8527747263567
晚間,-330.732120806174
發言人,-330.9346855791014
基礎,-333.2552518469129
提高,-333.3110263137275
提醒,-333.9592788997672
原本,-334.67223425842525
分別,-335.19260740809324
林全,-335.4906040068397
時代,-335.7189848923449
有效,-336.1974989120873
手機,-336.5223843950771
符合,-337.23444171823763
氣象局,-338.5266219181036
一直,-338.70366751386365
第二,-338.81957118963186
原因,-339.64695860359495
避免,-341.09002898402167
黨團,-341.17826079545466
程序,-341.2044612817579
策略,-341.45824176068817
營收,-342.0328080948163
市府,-342.2205500567966
年度,-344.5436697268827
協會,-344.62424667637356
注意,-344.79431785007245
說明,-345.24927876412613
月底,-346.02873729499515
開發,-346.3832588741006
機關,-347.09506716744
統計,-347.39955594752337
直接,-348.18606149735837
外界,-348.3370736968856
網站,-348.62463894366607
邀請,-350.08482435510837
新加坡,-350.19056826382865
之一,-350.47785361858547
每年,-350.5883908806556
標準,-352.41070298387564
利用,-352.5606693352443
主委,-353.254682910744
醫院,-353.386495978336
電視,-353.52384217280274
抗議,-353.5525931525842
自由,-354.51449878880356
一次,-354.6028266480109
過程,-355.150140274054
台南,-355.7253733595385
新聞,-356.0068636716816
新政府,-356.2858326401383
旗下,-358.8232219646166
不少,-358.9151947816507
消費,-359.37257473583634
整體,-359.74661917492074
溝通,-359.9973427550384
學校,-360.7942758163814
家庭,-361.7919875990746
只是,-363.95935046344675
建立,-364.58399672052366
至少,-366.6033878133316
回應,-366.82901882975233
蔡總統,-367.3292574227054
規模,-368.07749407947347
團體,-368.1460472867918
團隊,-369.1932828052638
最新,-369.65177922786745
近年,-371.8812849818615
法律,-372.6022256392115
中央社,-375.8724872945169
投票,-376.9841657631216
攻擊,-378.03617016940746
教育部,-378.7394139467737
央行,-380.2843850429707
目標,-380.7041005786924
第季,-381.7595479533928
業者,-382.03150178538647
資訊,-382.3973395539752
所以,-385.5203798734626
相當,-385.9399328317911
同意,-387.36828199204695
公開,-387.37435293197984
繼續,-388.7286933762668
才能,-389.48841806789613
召開,-390.45565008791806
利率,-390.5747811610239
專業,-391.34884592663576
看到,-392.5759693255878
選擇,-393.50999796106146
風險,-393.7213711842974
金管會,-393.7450957689236
官員,-393.7626103961038
加入,-394.03921142743945
取得,-395.0554462493311
技術,-395.2976064862313
嚴重,-396.13937486276416
進黨,-397.83522775874064
改善,-397.91486346615426
知道,-398.7700941696459
經營,-399.43929917934304
狀況,-399.8615479522146
成功,-402.5607653261561
全國,-403.5871556110628
女性,-407.6850369863194
積極,-408.3428175628735
主管,-409.30647127950436
明天,-409.47471282347254
針對,-409.5999673053677
方面,-409.6820362824436
只有,-409.6944828964942
加上,-410.1677103596863
當時,-412.21048781348037
海外,-412.59341582431205
智慧,-412.7078589653322
措施,-415.2901247912809
力量,-416.7900837320749
期間,-416.828303212636
雙方,-418.3793299086181
國內,-418.43617451773304
支付,-418.4745609421227
銷售,-419.79171966636153
申請,-421.4339732762641
城市,-422.21166084182596
能力,-422.8461485102245
北京,-423.1590499886004
什麼,-426.85382502949017
醫療,-426.9678809233737
擔任,-432.24306766432903
方案,-432.291501064169
希拉,-433.33702790945034
執行,-434.0075721941477
減少,-434.0729811912178
議題,-435.76683044070427
建議,-436.2535785336085
這項,-437.15521619333
歐盟,-437.3495518847943
一起,-439.3055382802468
規劃,-441.0941919320128
努力,-441.79304805380946
分析,-443.5169386034685
交流,-444.4791118421525
許多,-447.32599928600297
任何,-454.2258775061649
穩定,-456.1011717613428
這樣,-456.18777050122634
準備,-456.5272473205091
過去,-461.90141395164517
系統,-462.549108611261
健康,-462.97123059481504
最高,-463.0022565487177
選舉,-471.8091713554742
現場,-476.6689665897478
甚至,-477.71325608260395
至於,-477.7665837466366
昨天,-478.17812705305136
機構,-479.5838283908082
只要,-480.64225355290426
平台,-481.2164253745061
正式,-482.23525203383764
預計,-482.5648527129498
解決,-483.58103593950676
獲得,-486.0731769691025
時分,-487.35051344471884
外交部,-489.00752005109337
平均,-491.2295295294497
如何,-493.0569642527997
發布,-493.63230820131804
參加,-495.4707988563102
前往,-497.06221844657864
一定,-497.11460609878236
人士,-498.13781116664813
情況,-498.83659177503176
中華民國,-500.8261282749491
還有,-502.05787356792183
此外,-506.53027397023993
提升,-507.5830323423057
還是,-508.2752136598108
會議,-509.9260589638564
不要,-515.1289848181317
舉辦,-515.3207205288729
當地,-516.3660267242391
一步,-518.4505283821668
年月日,-519.8055781097344
台北市,-524.9825716835236
民進,-526.1764844299648
很多,-526.6942777986
歐洲,-527.5156582568129
內容,-527.6969530916597
進入,-532.7021222229403
雖然,-534.4557407755383
資料,-536.0540873679843
另外,-537.0992346505037
應該,-537.2714520012108
以上,-537.895338087899
機會,-538.7111302483448
生活,-539.5994627917273
以來,-543.7307578842333
有人,-545.7500693291186
大學,-546.5755212002542
日前,-546.6582725314954
單位,-547.2262681200662
價格,-547.3101166637497
成立,-547.8002897169449
特別,-549.1534705464812
教育,-549.8257057328028
強調,-549.9465182039525
受到,-551.263116745457
無法,-555.2039585560188
出席,-556.2924982804003
規定,-558.3381857279372
產業,-564.2516197084633
了解,-568.6448034338957
不能,-569.7994353797943
委員會,-570.7261345711579
共同,-572.0352441906826
改革,-573.4843133018707
所有,-573.6687493587822
通過,-573.831499184539
出現,-573.8585347583083
討論,-577.5288861276426
交易,-585.8215676059692
學生,-587.6458228242169
人員,-587.6541600524541
環境,-587.8196340088532
地方,-588.0497005220362
成為,-589.5626793396884
行動,-602.4745754990807
這次,-603.4598678647047
非常,-605.4983558436641
香港,-605.8004690264733
消費者,-606.134893152503
協助,-609.3734463372529
第一,-614.1346023417728
需求,-614.6057209657067
主席,-622.7407352417983
舉行,-623.2445893682669
不同,-625.8645757137863
網路,-630.1981310739458
組織,-631.3403479066324
民主,-637.1465693851704
商品,-641.4797014220436
處理,-654.2034490691975
印度,-655.8626542684011
事件,-657.8822765612666
發現,-659.6144876821331
不過,-662.3933356980125
同時,-665.3184261657561
大家,-666.1224896083168
產品,-668.4708789713887
科技,-674.7258512492502
這是,-677.4522379515712
需要,-678.6559887842932
除了,-679.3625500316085
台幣,-679.8012891215554
最大,-686.8515772314142
必須,-688.1840770795983
決定,-689.3036462054896
不會,-691.4947854716562
推動,-693.3210896464152
世界,-693.8035913711543
已經,-695.0276068675489
集團,-697.611053654604
品牌,-702.0933447184761
文化,-703.5029292778338
英國,-707.2866093854938
億元,-709.0260316772539
萬元,-710.4451279668376
持續,-712.7132727328063
超過,-719.156325453395
完成,-725.146140102995
計畫,-726.3725272580873
這些,-732.7835483615152
以下,-737.3210535223908
報告,-743.1483417138304
航空,-744.1054548415468
顯示,-745.934816924033
中國大陸,-751.9865387542199
開始,-755.1501111636846
政治,-756.189383143131
結果,-763.3198865486104
方式,-771.620656818886
這個,-772.7950521348374
兩岸,-775.8098055948411
研究,-777.3696491128852
管理,-777.9756637120873
宣布,-780.3990255665044
中央,-784.3774167383418
基金,-788.345698321404
其中,-793.6392189322253
不是,-801.313864357549
服務,-802.4135865025802
接受,-803.9232002394145
根據,-810.0378445921907
公尺,-812.8647812876831
民眾,-813.5753170759609
投資,-814.8853071876794
重要,-816.9922551128998
主要,-821.7352062716238
記者,-832.0689220010078
部分,-851.4895656072109
支持,-868.0026437666102
公布,-871.7066220903637
造成,-880.1357779116598
發生,-886.0399629711422
提出,-886.8211254536492
使用,-893.3791222349533
如果,-896.0014625635629
推出,-905.0894758980625
其他,-909.709058246436
增加,-917.2427458681216
下午,-925.0219216067551
企業,-925.7295985528816
沒有,-972.5853706432816
安全,-978.842036199579
是否,-979.957366189461
上午,-983.3740770525621
國民黨,-986.8375120494986
社會,-1000.4110070799339
中心,-1002.2725393830365
地區,-1003.0433180641729
就是,-1005.6646348875844
調查,-1009.332466661598
行政院,-1017.0962325290244
他們,-1019.3459254005505
透過,-1032.7057313901587
立法院,-1034.6519537956049
董事,-1034.7491688985217
因為,-1059.4755391369586
一個,-1068.014667227712
活動,-1079.2306989008753
金融,-1080.0990042204296
媒體,-1083.5217319817268
因此,-1085.1733418946694
要求,-1088.005447108201
台北,-1088.106009414826
代表,-1117.2595498631326
成長,-1119.2787567987998
英文,-1131.1665102258078
國家,-1135.62497975133
自己,-1136.4034050412088
國際,-1146.293709452849
工作,-1154.782570145097
以及,-1161.0673994693707
影響,-1173.3383107814873
去年,-1179.2637536342495
立委,-1220.687822225811
政策,-1221.8857089960431
提供,-1224.2772350454945
我們,-1229.5857913688035
全球,-1230.7153296514707
大陸,-1240.5107520967088
合作,-1267.6614523379928
銀行,-1275.5259185109965
中國,-1296.663995906301
相關,-1311.3759423140864
進行,-1334.131019464201
人民,-1341.1471276851687
認為,-1368.5108632021788
未來,-1393.2386536891197
包括,-1403.7799389648694
時間,-1454.3128904371395
美元,-1498.1206006982118
問題,-1508.33648443943
發展,-1519.96448554988
經濟,-1637.549164449478
報導,-1645.445882314012
可以,-1656.059927163351
日本,-1680.7021039488225
希望,-1724.0849205636466
可能,-1904.353185132922
市場,-2001.2258468530688
目前,-2093.5488188998906
今年,-2144.6211177722334
美國,-2175.899844908948
政府,-2414.0705840444566
公司,-2422.8874520249065
總統,-2430.95491820838
指出,-2681.8447564445128
今天,-4057.504206998643
台灣,-4591.4272470050355
表示,-7712.349488980492
劉德音,
晶圓廠,
廠台,
電奈米,
電在,
電股,
電第季,
何麗梅,
弘塑,
體業,
電奈,
精材,
還原,
股台,
南科,
連結台,
逾點,
配息,
投片,
點台,
電萬張,
線點,
電股價,
攻上,
美國存,
電月,
歷史次,
超台積,
良率,
工現,
占大盤,
電凱,
王大立,
在奈米,
億元台,
挑戰點,
簡伯儀,
標價,
乖乖,
收將,
外資買,
申請量,
點關,
大單,
兆元,
電將,
南京市,
行商,
晶圓龍頭,
晶圓出,
中科,
傳產,
高點點,
超群,
單口,
不淡,
前名個,
將季,
電營,
開紅盤,
傳產股,
約點,
股加權,
電年,
各股,
魏哲家,
電未來,
高效能,
劉坤錫,
助攻,
元台,
減至,
買超,
應材,
超新,
除權息,
點盤,
電法,
國發,
點收,
中來,
前波,
新產業,
單月業績,
封關,
股大漲,
運表現,
將台,
帶動下,
電及,
達新,
茂迪,
電已,
電產能,
商賣,
及奈米,
蘋陣營,
跌元,
回測,
電總經理,
電漲,
電聯,
季線點,
收在,
收高點,
輝達,
配發元,
金獎,
多單,
光法,
以台,
李紀珠,
圓龍頭,
電大立,
英脫,
日線,
電大立光,
蘋陣,
漢微科,
電子束,
億到,
外資賣,
辛耘,
電鴻海,
微科,
性水準,
貢獻營,
電盤,
電對,
單台,
將約,
股量,
電申,
電月合,
基售,
電月業績,
股開,
高水準,
何浩銘,
獨資,
淨多單,
城半導體,
穩盤,
昨夜,
元大漲,
轉賣,
將成長,
建廠,
將減,
王大立光,
帶動台,
營收將,
金台,
股後市,
大台灣,
潘文淵,
止跌回升,
體展,
股日,
吳田玉,
月線,
高大,
追價,
熱賣,
光收,
營益率,
上調,
奠基,
回跌,
韓股,
股上,
兩檔,
看空,
電業績,
案量,
電子業,
研究部,
贏家,
商學院,
文清,
生產奈,
將優,
印證,
自群益,
價格來,
電資料,
凱基,
電是,
超金額,
營運長,
超乎,
王台,
檔個,
廠台積,
縮手,
安謀,
單口淨,
停機,
看淡,
問處,
召開法,
佳音,
設計廠,
電等,
委員會議,
點點,
報價個,
股代碼,
百點,
股價表現,
南科廠,
季減,
收及,
數點,
金富,
電聯電,
股點,
億元為,
罪魁,
綠電,
漢微,
電上,
中漲,
進入量,
立光,
整數,
動下,
回元,
權證發,
停板,
強彈,
以奈米,
儲祥生,
連結元,
比為,
體業者,
偏空,
填權息,
營收達,
觀盤,
元漲,
達兆元,
高標,
中台,
中資,
資動,
機電,
歐美股,
光則,
調至,
股期,
紅翻,
保德信,
技術面,
紫外光,
電不僅,
外資持續,
快充,
造紙,
雙雄,
資政,
矽智,
力旺,
收低點,
展訊,
比值,
股后,
獨派,
費城,
轉進,
傳產類,
熄火,
中場,
撐盤,
基頻,
逾百點,
增率,
電訂,
開盤量,
期顧,
三檔,
紅盤,
值為,
供應鏈,
股中,
認售權,
紅色供,
電南科廠,
小黑,
價大漲,
股權值,
中大漲,
摩根士丹利,
第季量,
日盤,
投片量,
股則,
如火如荼,
電因,
轉弱,
資政名,
漲停,
獲利同,
浦口,
研調,
金國泰金,
金萬張,
繪圖,
同致,
出型,
一開盤,
成份股,
並創,
力守,
創高,
重跌,
一檔,
強弱,
股僅,
元大連,
協進會,
漲家,
紅棒,
圓廠,
攻勢,
禍首,
少約,
點上,
電獨,
電營收,
資賣,
霸主,
漲逾點,
電開,
強漲,
超萬張,
單季業績,
回籠,
百億元,
申請案,
無塵室,
及奈,
調高到,
電赴,
電則,
電營運,
每季,
倉淨,
進榜,
周線,
低階,
出色,
蘋果將,
五加,
觀察台,
影線,
反倒,
衝高,
開始量,
億元營,
進典,
開工,
億度,
低功耗,
超達,
回點,
率將,
電釋,
名個,
張委賣,
點不含,
幅前,
股大盤,
資買盤,
積電月,
電居冠,
改以,
舉行法,
淨空,
磐石,
進評,
自繳,
漲多,
漲近,
穩點,
灣強,
所稅,
散熱,
基購,
片晶,
去化,
竹科,
亞系,
一證券,
單月營,
投產,
級法,
滲入,
將可優,
顧能,
電子類,
作帳,
價持續,
節電,
里昂,
發威,
趕工,
光盤,
蔡明,
產出量,
季底,
買進,
國宴,
科廠,
壓抑,
將配,
回神,
明年初,
超張,
運動會,
點以點,
逐月,
外資及,
電供,
雜音,
因市場,
存調,
同為,
率則,
排列,
電成,
電龍潭廠,
備貨,
湯森,
硫酸,
資不斷,
李政諺,
整合型,
恩智浦,
元大關,
東常會,
電蘋果,
單為,
太差,
震盪盤,
常性,
營建,
進台,
證發,
股撐,
博文,
直逼,
電資深,
一枝,
續強,
行法,
科學園區,
收漲,
損壞,
廠龍頭,
卡位,
反攻,
傳產龍頭,
龍潭廠,
金來,
廠案,
收紅,
現金酬,
沈建宏,
電強,
報喜,
資及,
投資評,
連漲,
試產,
氮化,
外資期,
股賣,
統級,
電持續,
反壓,
點或,
金漲,
連黑,
第一期,
增台,
拉貨,
搶下,
貨金額,
漲股,
均線,
工分,
第批,
跳水,
點開,
股成,
收市,
電月營,
運算物,
說會釋,
電挾,
橡膠,
砷化,
市場並,
大方,
光台,
金收,
新區,
江北,
萬潤,
股東常會,
漲委買,
電技術,
上點,
內資,
價平,
與經,
第季將,
順利達陣,
股領,
電調,
大連結,
聯詠,
收達,
股應,
榜首,
經新聞,
但量,
功耗,
散戶,
股強,
築夢計畫,
漢唐,
江蘇,
收低,
由台,
億元外,
台幣兆元,
越過,
值約,
貢獻台,
產階段,
外資大舉,
電為,
超合計,
往點,
摩台,
雙位,
朱天健,
高俊明,
獲利王,
劉金標,
發點,
崇越,
股相,
量產奈,
理監,
占有,
通通,
正達,
補漲,
元富,
便是,
將再,
電晶體,
拉大,
積電股,
小紅,
超帶,
第度,
創漲,
保衛戰,
出量,
不住,
運作台,
熱泵,
第高,
如虹,
李秀利,
收高,
延後至,
價台,
不淡表現,
衝破點,
既定,
摩爾,
七七,
電先,
年量,
洪淑敏,
帶量,
積電奈,
爾台,
回吐,
元收,
支柱,
出籠,
美林,
恩平,
對後市,
驅動力,
星期五,
未平,
將僅,
光大,
運目,
式微,
億元大關,
外資圈,
新處,
牽動台,
中攻,
場效,
週轉,
擴大至,
第季奈米,
收小紅,
約合,
股短線,
上緣,
奇異,
收跌點,
登陸案,
開漲,
股今,
挑戰元,
再創,
低量,
塑帆,
回測點,
十月,
增創,
國際大廠,
點整,
近慮,
破片,
國偉,
高階產能,
電極力,
千億元,
新思,
季後發,
金酬,
放現,
店頭,
季合,
創單,
衝破,
電富邦,
價表現,
電發言,
光將,
指數來,
股價收,
對照,
仍以,
凱基連,
電評,
為台,
結賣,
藍牙耳機,
過個,
中鋼構,
多給,
貨影響,
坦伯頓,
竹科廠,
積電先,
回補庫,
第一台,
天大,
股尾盤,
配息元,
北區,
設備值,
中指,
資買,
單量,
攀上,
設備將,
壓出,
寶成,
存取,
已來,
觀察國際,
積體,
充沛,
翻揚,
套牢,
標台,
張忠謀親,
出盡,
營業稅,
對奈,
卓永財,
指數盤,
性水,
體類,
師侯明,
低階手,
入帳,
張淑芬,
下調,
無人車,
光來,
高殖,
三雄,
受創,
看旺,
國家級,
早開,
戰役,
產奈米,
調台,
有表現,
盤漲,
生產中,
起伏,
低點點,
游走,
商台,
達兆元續,
施昶成,
矽島,
高居,
積電營,
發區,
經濟開,
急拉,
江蘇省,
億元賣,
營運動,
觀察外,
張銘斌,
減台,
調高至,
轉空,
陰霾,
追高,
僅台,
增奈米,
積電法,
缺陷,
天即,
證市場,
收盤點,
二檔,
零成長,
背離,
電友,
股依舊,
海力士,
職國宴,
淡化,
母校,
軟友,
交貨,
盛況,
美系外,
獨吃,
高晶圓,
易方,
布建,
增聘,
漲富邦,
燈漲,
直至,
新猷,
漲約點,
比比,
將介,
志同道合,
金殖,
體廠,
公司股票,
雙虎友,
吳承,
另一家,
創事業,
字頭,
至兆元,
歐衝擊,
全場,
震盪台,
豐厚,
電資本,
搶產能,
結台,
收黑,
擠入,
黯淡,
營益,
強台,
晶圓產能,
電國泰售,
單遞,
跌聯,
獲利均,
射頻,
標較,
將高,
最會,
手機處,
觀察類,
近百,
數關,
股台積,
百分之百,
頎邦,
科股,
開發者,
鋼鐵股,
電領,
光學鏡頭,
金鼎,
量產奈米,
沙龍,
挑戰年,
累計前,
穩億元,
億支,
葉獻文,
電南科,
巨頭,
營運目,
可領,
計營,
百大,
股匯,
光聯,
做球給,
漢堡,
上下游,
合組,
占有率,
非金電,
航運,
結宏達電,
酬金,
率約,
營所稅,
上榜,
超聯,
推算,
電證實,
不均,
電員工,
艾司,
超過點,
獨拿,
奈米量,
大步,
獲選,
機市場,
出貨將,
工早,
股價大漲,
電除,
點的,
破底,
高效,
營收及,
季增近,
成表現,
稍作,
對產業,
出貨遞,
資人,
三款,
策略性,
他強,
手機產,
將邀,
名員工,
聯電南,
中電子,
封裝產能,
試單,
預期合,
電外,
單一個,
營運將,
結賣壓,
營中,
灣大,
收目,
計三大,
日法,
科漲,
日韓,
分台,
各廠,
創萬張,
創台,
電億元,
急遽,
穩健國,
最熱絡,
金萬,
犀利,
比過,
成蔭,
設立台,
加計,
達漲,
季報,
多頭力,
點間,
營建股,
首座,
英屬,
維京,
退學,
粉絲頁,
凌陽,
詮電,
尾聲,
億元元,
大半,
楠梓,
三安光電,
因美國,
值王,
億晶圓,
光罩,
行庫存,
勞約,
廠將,
一掃,
台達電,
年營,
矽智財,
凸塊,
駕駛車,
報表,
電終,
電並,
差台,
南洋,
重拾,
電晶,
總營,
股作帳,
線約點,
電買,
指數權,
重由下,
縮價,
應將,
電獨漲,
隨美股,
億元國,
股將,
季業績,
晶圓六廠,
墨比爾斯,
及輝,
股後續,
股有,
失而,
高志,
穩住,
寶悍,
微影,
期現,
外資點,
億元到,
標區,
資連續,
專為,
顆奈米,
週期,
個股,
溫台,
股攻,
增近,
連袂,
永昌,
關卡台,
近點,
電客戶,
退潮,
揚盤,
洗三,
開年,
超前,
調幅,
國際板,
下方,
接班人,
業務量,
扣抵,
中股,
股多頭,
各路,
本國人,
電金,
至則,
序幕,
尤以,
奈米市,
股連,
指數則,
仍宜,
天並,
富蘭克林,
攻克,
但台,
經濟景氣,
跟上,
結算外,
高昂,
達台,
出廠,
股收,
股大立,
萬豪,
微機,
電晶圓廠,
及產品,
一路上,
電後市,
技股,
電日,
日台,
攻破,
跌台,
單將,
博士生,
電從,
來臨,
電高達,
盤堅,
五日,
十個,
起薪,
天價,
千點,
金額標,
證券統,
壓倒性,
證券市,
此波,
率台,
受惠者,
層樓,
順利達,
預期奈米,
口逆價,
目標價,
金紅利,
縮小,
創近,
功率,
電權,
點標,
普指數,
說會將,
可觀,
盛事,
賣方,
大局,
貨市場,
比約,
微星,
望台,
公司法,
跌逾點,
演進,
第一句,
單達,
無懼,
激情,
高性能,
科第,
李國鼎,
下合,
籠台,
點月,
重鎮,
證前,
億顆,
權息個,
商台積,
厚度,
量縮,
此座,
股價盤,
計前,
寬敏,
強勁表現,
點但,
導體,
股納入,
積電月合,
電收,
港系,
及營業,
十四,
元現,
回頭,
加溫,
擴廠,
震度級,
軍台,
申請件,
股震盪,
移至,
超車,
僅能,
庫克,
外資動,
移位,
解鎖,
季營,
航運股,
高規,
報導台,
收走,
未納,
將落,
軋空,
補跌,
遇上,
自猴,
勞總計,
事會,
預算台,
東報,
點再,
股馬首,
限電,
中僅,
電內部,
產台,
瑞信,
億台,
股及,
電台積,
商大立,
股除,
泰金,
將創,
相近,
之後台,
盤中來,
以紅盤,
但盤,
活水,
孫又文,
大個,
股股,
點以,
挑戰前,
晶圓大廠,
前例,
拉扯,
資維持,
億元且,
資金避,
絕不會,
中區,
收持續,
產業長,
接帶,
電通富,
少量出,
體化,
學品,
動弘塑,
殷切,
該廠,
弘塑年,
通吃業績,
貨第季,
微電,
平平,
為奈米,
點不過,
漲跌,
欣銓,
封測業,
航運類,
模範,
落後補漲,
股民,
前段,
充裕,
時序,
揚台,
電國泰,
看元,
統一連,
居台,
十家,
基元,
之遙,
電有,
脫震盪,
師及,
國泰證,
全盤,
股期貨,
並擴,
采鈺,
略微,
體庫,
魏永祥,
翻紅台,
電撐,
高至元,
漲元收,
急速,
點費,
億萬元將,
張鴻海,
沈士傑,
產品將,
電登陸,
停元,
光學,
達級,
電自,
若台,
王耀東,
堅挺台,
二天,
瓊永續,
價續揚,
首顆,
積電評,
觀禮,
林文伯,
李遠哲,
園徵才,
邱慧平,
數水準,
機拉貨,
金國,
機將,
率表現,
應聲,
鏈營,
停賣,
股帶,
出脫,
遭調,
盟主,
資上,
趁機,
檔區間,
李遠,
指數續,
台中港,
仍強,
設計業,
點來,
電表現,
電好,
主政,
對員工,
及聯,
交所,
金額僅,
美國道,
第九,
最熱門,
王仲良,
點加權,
買入,
第二根,
破表達兆元,
採用奈米,
收且,
詹家,
達兆元平,
略低,
不淡台,
競爭者,
電估,
跌深,
鏈業績,
滿滿,
中低,
電擁,
空單,
三安光,
資大買,
萬顆,
作多,
泰證,
翻黑,
開放式,
漲台,
虔生,
股下,
網將,
三季,
較強,
電財務長,
點將,
股起,
營收表現,
吳佩凌,
匯能,
日登場,
股站,
口合,
初估,
觀察盤面,
測廠,
短線將,
低階手機,
試產線,
點未來,
收站,
股開盤,
張台,
光寶科,
最壞,
三台,
接案,
以設,
調派,
勁揚台,
資熱錢,
億元大類,
捷安特,
麥克風,
強勁盤,
電後續,
打進,
近台,
選擇權,
資金面,
資青睞,
將親,
下營,
輕薄,
收有,
權證凱,
蘋果奈米,
材股,
電運動會,
光明,
灣發生,
百餘點,
資餘額,
圖及,
行動繪,
快則,
慢則,
順利達成,
中時,
四日,
拋匯,
賣台,
二創,
行進,
極加碼,
送樣,
超萬,
評等及,
股較,
商則,
廠業績,
將比,
使台,
空頭,
億元將,
建股,
財廠,
投資將,
動台,
資持續,
達群,
輪動,
週將,
張百宏,
貨潮,
兌新,
第十,
貨動,
將超過,
現貨持續,
三大類,
機械產業,
電生,
微控制器,
吻合,
電在奈,
贏者,
杜紫宸,
放生,
周線則,
瑞聲,
融資餘額,
二大,
飛翔,
外產業訊息,
評等目,
近千點,
飆上,
手級,
爆炸事件,
台積奈米,
開工率,
看晶圓,
價收,
日線點,
輸家,
看量,
石黑,
瓊工業,
企業入,
渺茫,
率僅,
大熱門,
光鴻海,
電會,
銷售表現,
微科弘,
點失,
追單,
師說,
面相,
反手,
購漢微,
兩方,
股持續,
股面,
半碼,
光光,
日收,
單一檔,
整台,
王美花,
下季,
達電,
將不超過,
採獨資,
回盤,
涉台,
大選前,
之父,
下檔,
運動能,
營收介,
一哥,
高者,
之冠,
營運會,
外台,
口水,
資資金,
值個,
股現,
指數漲,
白牌,
眼光,
點元漲,
電元大售,
已連續,
各期,
獨步,
開平,
高階封,
密切合作,
比將,
外台積,
土建,
電規劃,
拋出,
張統,
薄弱,
轉天數,
台灣員工,
授證,
提防,
分時,
降低成本,
結加權,
看不懂,
灣日,
國泰金收,
聯家,
熱門標,
更多訂,
台資,
展區,
戴正,
連買,
不談,
高年,
效表現,
漲聯,
中國市,
連三黑,
創新要,
高達兆元,
場業務,
上方,
收優,
仍屬,
預計介,
單軸機器,
四倍,
聯電萬張,
體業界,
風港,
源自,
轉進奈米,
跌金,
暖身,
新技術,
外資多,
將趨,
廠員工,
積電上,
電的,
橫向,
股來,
應器,
肥貓,
屹立,
財產局,
儼然,
進入奈米,
缺電,
一包,
網及,
外資調,
江蕙,
津貼,
伙食,
海思,
電翻,
拚先,
四檔,
領先業界,
積電年,
將回,
塑營,
貢獻弘,
營建類,
季成長,
股外,
自大,
股價續,
衝點,
關卡盤,
戲碼,
電生產,
恐較,
耶魯大學,
資金持續,
揚升,
植樹,
績將,
點終場,
居次,
將影響,
同日,
琥奇,
高效率,
定心丸,
預計月動,
電一檔,
衝關,
現價,
跌量,
京城,
內半導,
設計類,
離場,
偏弱,
回日線,
警訊,
投資人關,
戲劇化,
配股,
數台,
迎來,
來將,
與鴻海,
教材,
西進,
這兩家,
點或收,
電現,
聯袂,
過點,
股以,
股業績,
佔率,
拆解,
電和鴻海,
電過,
劣勢,
賺元季,
點營業,
光宏達,
歐民調,
獲利創,
進行奈米,
盤台,
外資目,
群益元,
結標,
隨後在,
電大,
這兩檔,
追逐,
二者,
金國泰,
創掛牌,
天順利,
預期將,
低檔,
顯影,
連賣,
轉佳,
停鎖,
交割股,
將可季,
營行動,
準業績,
億元目,
電以,
產營運,
大餅,
拔河,
抬台,
專利申,
電幾乎,
週自,
週賣,
超上,
碩台,
躍進,
壓力區,
節性,
多口,
圓出,
太高,
透率,
值來,
發新,
統一證券,
廠鴻海,
股資金,
市場關,
力保,
至人,
上修,
積電大立光,
網產業,
資金進,
視半導,
突見,
出強,
彭博新聞,
指數將,
積電達,
四家,
香港股市,
點區間,
億豐,
價約,
手台,
商漢唐,
匱乏,
動土,
中芯,
工紅利,
補貨,
鋼萬張,
大客,
高階手機,
股處,
群益售,
電預,
未退,
夜班,
組裝廠,
億元單,
華亞,
股在,
將採,
電員,
權年,
於點,
兩日,
將受,
股如,
由鴻海,
卡台,
郭智輝,
股暫,
區分,
停產,
二位,
師預,
隱憂,
證券業,
奮力,
三大主軸,
蟬聯,
一役,
張華亞科,
華力,
省委,
台幣重,
周登場,
廠長,
開放態度,
億元表現,
本土化,
金萬元,
電將會,
兩週,
股價元,
殊榮,
大好,
觀察日,
時降,
極買入,
溫至,
投資人積,
或代號,
第六期,
全天候,
下盤,
的點,
恆生,
值僅,
泰金盤,
本薪,
總經理林,
將帶動,
幾家,
日矽,
疲態,
機供,
業將,
川普勝,
置評,
照常,
商大立光,
科展,
護體,
作夢,
積電是,
價俱揚,
股連續,
連結鴻海,
台指,
延影響,
為口,
機械臂,
獨撐,
減對,
施崇棠,
億元間,
低成本,
由紅翻,
台銀,
近尾聲,
固態,
股維持,
名列第一,
中上,
中持續,
商進,
交換器,
戶爭,
奪大戰,
行客,
積電南,
警鐘,
減到,
電反彈,
商弘,
擴建龍潭,
取是,
宣辛耘,
乘載,
添成,
塑及,
發性,
已近,
盤點,
定律,
晶圓生,
殷琪義美,
泥亞泥,
點火,
收表現,
忠謀,
稍弱,
電小漲,
第季表現,
其餘均,
銅台,
壓回,
驚驚漲,
及技術,
股盤面,
時加權,
胡文琦,
戴勝益,
漲約,
修到,
資態度,
單台積,
電開盤,
恐影響,
士修,
貼息,
重話,
電影響,
過量,
安聯,
週線,
點電子,
自營商,
沈重,
康京鼎,
手安謀,
宣去,
開高震盪,
換言,
為盈,
連年,
張鼎張,
林錫銘,
對會員廠,
曾針,
體龍頭,
三日,
老產業,
呼應台,
進目,
計上,
擴建,
點支,
張外,
晶圓級,
漲元來,
碩漲,
數續,
半月,
英瑞,
收維持,
看外,
今開,
一把手,
開市,
更佳,
無量,
停損,
踴躍,
達點,
經濟表現,
股態度,
股價調,
增一成,
放大器,
認養,
楊瑞臨,
重調,
矽力,
電衝,
師陸行,
超眾,
矽創,
的則,
洞察,
光有,
文獲,
非揮,
移動式,
漢翔,
發科中,
減約,
成鴻準,
截止日,
續漲,
力晶,
新進,
數逾點,
第季奈米量,
萬點,
等題,
極度,
計權,
看空標,
經營績,
金約,
相結合,
寶可夢無法,
瘋寶可夢,
僅約,
科來,
利多消息,
而外,
彭明敏,
縮高檔,
外資淨,
投產早,
頸線,
嵌入式,
股月線,
估台,
鄭培敏,
標為,
流竄,
發科盤,
污泥,
萬餘片,
組隊,
底部,
保險理,
開業典,
紅潮,
抬頭,
科政,
往下,
爆量,
股當,
電前,
有二檔,
裕民,
資金居,
以點作,
旺宏,
真理,
唯量,
非蘋,
佳表現,
問候,
不順,
自駕車,
領軍台,
創生,
周國剛,
訊奈米,
海大,
西拉,
電機類,
還不錯,
漸增,
資買超,
鋼鐵類,
調並,
非常少,
轉單,
綠電認,
連紅,
現拉盤,
產將,
蔡明介,
股浩鼎,
新機備,
第高水準,
面表,
產應,
發元,
拉回,
翻倍,
職率,
二季,
看盤,
統計外,
收台,
智能化,
價以,
台積法,
收元外,
搶眼,
用奈米,
獨家供,
至費,
收季增,
惠普,
雙鏡,
獲利將,
股汽車,
至個,
達鴻海,
股近,
體供,
靜態,
縮小至,
收產生,
增約,
能為,
入列,
創元,
科及,
破表,
總員,
工數,
小到,
銀集團,
標機器,
期表現,
廠江,
拉尾盤,
請件數,
線約,
回補空,
老綠,
股並,
名列前茅,
高成,
線台,
工將,
監事會議,
更強,
股均,
陸續將,
逾兆元續,
購權,
億元收,
電轉,
動工,
電半導體,
連個,
積電受,
技業,
值股,
電加,
碼評,
獲利數,
坐領,
空出,
股價漲,
甲仙,
光日,
一席,
時台,
鏈漢微,
連假前,
攻數據,
股晶圓,
張忠謀前,
瑞昱,
收紅上,
股能,
羊台,
櫃企業,
竹南,
搶單,
人手,
餘億元,
扶搖直,
競爭關,
電創,
問世,
逾宏達,
出場,
點或來,
泡沫,
應是,
不出,
儲存型,
資法,
堅攻,
利達,
羨慕,
停價元,
錯表現,
稱霸,
廠區位,
急攻,
未平倉,
破點,
吳澧,
光電股,
估到,
手表,
正反,
進據,
電多達,
展將,
股價創,
順勢,
總營收,
清大,
漲金,
跌近,
估奈米,
計廠,
國泰證期,
電優,
翻升,
新意,
超逾萬張,
三度,
點收盤,
電走勢,
宏博,
測產業,
教案,
密度,
群雄,
各為,
萬萬,
電長,
航運觀,
運成長,
漲動能,
短小,
電明,
創新產品,
輔助系,
歐效應,
劉德,
轉投,
打頭陣,
產業將,
張忠謀則,
雙輪,
致股,
朱晏民,
開始產,
這一波,
超自營,
高目,
愛立信,
超元大金,
吳澧培,
單產出,
該產品,
學堂,
財子,
明晚,
均富,
創新會,
股早,
電根據,
愛行動,
思蓓,
開高拉,
說會本,
挑價外,
生產加,
傲視,
過了,
連結股,
積電申,
無畏,
修資本,
明台,
進超,
推動台,
具題,
揭曉,
創業者,
獨拿處,
高階封裝,
輕薄化,
股陸續,
穩高價,
聚丙烯,
資積,
股樺漢,
資獲利,
衝高後外,
零食,
現高,
歐時,
車供,
業是,
指數拉出,
點元大,
第季拉貨,
高思,
電來,
股漲點,
衝擊台,
平均值,
連結標,
減半,
成長將,
明會後股,
數跌,
生技業,
瓜分,
營運持續,
已大舉,
漲晶圓,
超過兆元續,
拉動,
單中,
電受,
金友,
點報點,
台灣廠,
光漲,
擴大免,
稅項,
不計,
變台,
攻至,
廠務系統,
七個,
價漲,
出名,
強攻,
年報,
貨訂,
電同,
同創,
今盤,
恐會,
慰勉,
貶逾角,
跨校,
攻頂,
竹市,
陸資來,
積奈米,
元大,
說會個,
憂心外,
指結算,
機光,
整將,
積電聯,
修至,
中權,
產奈,
慶祝大會,
購華亞,
貿聯,
衝台,
林威,
看跌,
價量,
五窮六絕,
源源,
穩電子,
告書,
起步,
誕生,
擊敗,
微降,
臨不論,
機等,
技嘉,
當先,
避之為,
開始型,
節後的,
試水溫,
研華,
會量,
段落,
解析,
及物,
逾元漲,
過台,
資喊,
武漢新,
急殺,
傑發,
約兆元,
電不會,
因英國,
積電及,
進逼點,
空手,
張忠謀個,
明會台,
將蒸,
級個,
證衝,
收腳,
時則,
權證台,
略降,
未來市,
互有,
觀察美國,
網通類,
放行,
美濃區,
將召開,
大陸設,
測業,
系外,
雖為,
電可,
打出,
缺少,
連季,
廠並,
收約,
存去化,
張日,
廖祿民,
單動能,
收衝,
電即,
轉化,
及後續,
增發,
發市場,
突圍,
收數,
金鴻海,
現震盪,
友達群,
抵銷,
觀察月,
人及,
點至點,
縮震盪,
高姿態,
紅助,
高階鏡頭,
漲元為,
銷售動,
成品,
時代來,
獎者,
張大立,
收外,
師眼鏡,
更直,
整季,
準天,
數也來,
降權,
營運商,
浩鼎漲,
探底,
人模,
張忠謀及,
日點,
資結束,
營收來,
電路板,
修為,
商標,
漲升,
關後市,
股價衝,
證跌,
起漲,
運而,
獲新訂,
股新,
電在後段,
大台,
睡蓮綻,
睡蓮,
香水,
葉夜,
排班,
廠產能,
回平盤,
中國通,
萬度,
翻天,
壁壘,
攻點,
言表,
獲利較,
歷練,
這已,
領到,
強敵,
達萬張,
還須,
外患,
點短線,
居首,
華映,
落腳,
隨蘋果,
大陸市,
空勢力,
以光電,
電未,
點終,
張俊雄前,
詩人,
經建會,
電在奈米,
正逢,
緊鑼密,
顯優,
由羅鎮球,
體產值,
波資金,
眷屬,
第二代,
受國際,
挽回,
裁員及,
點時,
朱天,
電走,
台灣供,
數終場,
營收季,
整齊,
近五個,
淡定,
庫藏,
電展,
沈學榮,
蘇聯,
震傷,
通訊產品,
美國及,
不濟,
電國泰金,
繼聯電力,
減年減,
落地生根,
重獲,
集成,
結月合,
成將,
爭食,
自傳,
打亂,
鎧勝,
面見,
資動態,
電還,
將出現,
雙雙開,
金像,
張忠謀強,
金遭,
舊產業,
雖逢,
人資,
收當,
練兵,
發紅包,
紅包,
雄厚,
超多,
碩禾,
數類,
當過,
南科及,
暨鈺創,
未受,
勞健保,
學術界,
發科權,
看俏,
資參與度,
二產業,
指紋識別,
股前,
因大,
必需品,
鼓舞,
標季,
三強,
次之,
親臨,
變化將,
輕微,
貢獻將,
數漲,
股價震盪,
龔明鑫,
維持營,
防禦性,
棄息,
已量,
電成長,
擴大台,
以內,
前十名,
齊揚,
資連賣,
現跌,
大陸股,
搖晃,
工有,
減影響,
超低,
線大關,
主攻,
不大台,
第季處,
內晶圓,
機廠,
負值,
大購,
庫藏股,
發放現,
電高,
進台積,
著墨,
獲外資,
按兵,
調受,
數年,
確立台,
證元富,
歸隊,
水中,
插曲,
發科及,
矽戀,
雖低,
超匯,
超權值,
發表新,
領軍上,
紀錄並,
這四檔,
概算,
衝破千億元,
觀察半導體,
股若能,
指日可待,
續將,
體的,
指數連,
股聯,
期貨淨,
點漲,
上周四,
明亮,
傲人,
僅供,
產成,
節前,
揚帶,
日訂,
領台,
電憑,
自給,
投資額,
通訊大會,
時代台,
穩國際,
豐碩面,
銅牌,
過面,
獨得,
電腦展,
態系統,
看景氣,
大企業,
電應,
購入,
指引,
信邦,
相當台,
逆風,
德林,
陸企,
廠群,
翻紅鋼,
開小高,
股匯市,
大陸晶,
若要,
明後年奈米,
貢獻度,
產晶,
浸潤,
資主導,
進鵬,
修銷售,
企管,
似藍牙,
藍牙耳,
正崴,
火熱,
光環,
當樂觀,
營運相,
電看,
許未來,
高超,
過兆元,
資稅制,
研磨,
唯獨,
轉倉,
收元宏達電,
資並,
都屬,
玻陶,
民奇,
衝破兆元,
觀訊息,
為連,
電郵門,
電南科晶,
進奈米,
電全,
計畫轉,
第桌,
聯亞,
遭外資,
東會前,
美台,
創計畫,
盤進,
計賣,
開個,
運系統,
點不僅,
應為,
黑手,
芯國際,
轉買,
現將,
成長僅,
型號,
能略,
手機將,
豐凱基,
資建議,
將轉,
電維持,
新紀錄,
驍龍,
跌鴻海收,
電子次,
研究成果,
美國景氣,
生產國會議,
野心,
查訪,
購會,
避談,
閉口,
詳答,
設計及,
四重,
發生且,
斷電,
林院,
啟議題,
最後結果,
矽品合,
一重,
好菜,
產業整,
應當,
惡意購,
誠實面,
連結漢,
止血,
宋恭源,
火速,
座落,
一較,
億元創,
股價來,
點壓力,
微米,
電累,
張忠謀會,
輕化,
這兩年,
量產晶圓,
榮光,
採奈米,
進用,
廠新,
進人員,
轉進奈米後產業,
風險性,
出超,
二個,
點除,
收較,
股因,
電罕見,
紅台,
開法,
忘記,
現股,
商為,
股過,
往上拉,
盤中漲,
大三,
盤後股,
逾家,
錢冠州,
較輕,
面將,
郝明義等,
高階設備,
獎頒獎,
強強,
傳產業,
關業者,
校全場,
戰點,
兩顆,
臨點,
過盤,
貶台,
爾資料,
發生斷,
業供,
減少台,
工薪,
權證元,
解套,
股順利,
科輝,
檢修,
登漢唐,
跳槽,
黑外,
發條,
材面,
研發費,
美西,
外賓,
洪鎮海,
遞延,
師節,
中線,
也僅,
薪酬,
投資設,
該員工,
調薪率,
浸潤式,
遠優,
隨勢,
科將,
點創,
多分,
需觀察,
接續,
目標邁,
家廠,
數日,
路通,
過成,
一企業,
股連日,
未含,
證券期,
貨顧,
游客,
名下,
區懷生,
中石化,
攻高,
電設,
商進行,
瓊期,
貨電子,
業與,
觀察不過,
獲利皆創,
軟板,
機會攻,
面來,
發行量,
未變,
從技術,
破表高,
組廠,
差明,
顯收斂,
筆電鍵,
組裝業務,
階手機,
機及,
控技術,
辨識市,
及微,
生產超,
協助家,
網路市,
貨超過,
手機市,
倍觸,
過種,
樂趣,
釋股,
比月,
強整,
使用率,
深具,
電器,
趨樂觀,
節點,
獲台積,
紡織盤,
行動處,
運動產業,
全國營,
國稅,
雖然量,
康友,
盤欲罷,
消長,
資先,
奪冠,
品線,
康帆,
強勁類,
發科漢,
微科及,
過後台,
變色,
積電淨,
果粉,
大減,
產年,
全率,
電美國存,
股人氣,
德意志,
經連續,
驚漲,
點距,
崇仁,
開高直,
電積極,
被動,
電早,
第根,
仍逆勢,
節約,
服務團,
強項,
發科來,
點分台,
解凍,
機銷售,
科林,
營收表,
走堅,
終場僅,
日大漲,
聯電則,
竹科及,
收跌台,
貨表現,
隨著台,
骨牌,
日拉出,
探點,
斥資,
貨會,
微乎其微,
貨時間,
資不願,
貨中,
自台,
電今,
台灣生,
預見,
還需,
未明,
過長,
爾將,
預先,
財大廠,
頹勢,
擔綱,
瑞銀證券,
逐夢,
湧進,
股單,
資力,
現貨價,
機械國防,
彩晶,
穩撐,
超動作,
隨現,
除強,
下股,
股拉回,
證期,
攻盤,
漲百點,
緊供,
文伯,
張懋中,
最有,
要是,
速率,
已到,
點為點,
李麗珍,
領先台,
高外資,
碩廣達,
師的,
雖相,
葉獻文點,
高階機種,
電廣達,
獨秀,
減持,
穿越,
衝刺奈米,
約元,
而產能,
線來,
日經亞洲,
賣出,
換成,
電決定,
受聘,
穩台,
鐵股,
而奈米,
體個,
電將端,
科針,
電美系,
補貨期,
隨著奈米奈,
聯電聯,
鋼及,
數早,
擠進,
穩腳步,
打昏,
戰火,
由大立,
跨域,
轉戰,
電和大立,
進亞洲,
貨奈米,
已導入,
第季出,
試產年,
業界表現,
積電遠,
金盤,
股氣勢,
股護,
比電路,
發表奈米鰭式,
欣興,
增億,
聯芯,
王寶座,
應大陸,
計算現,
股線,
數仍,
價計算,
該校,
整至,
科海,
許會,
張忠謀夫,
股多空,
穩後續,
雙鴻等,
非但,
股達,
漲國泰證,
漲群,
鋼鐵盤,
相對持,
億占大盤,
三倍,
書及,
決台積,
提請,
盈餘擬,
東常會議,
任張,
發表台,
忠誠度,
總獎,
實作,
美超級,
產業展,
黏著,
穩坐,
獎年,
拚奈米,
專精,
發來,
開發階段,
正以,
進階開,
意法,
首台,
翻紅收,
貪得,
無厭,
電發,
洪廣禮,
創客,
股轉,
電稱,
調機構,
爾及,
競電腦,
驍龍處,
首當,
裁減,
收相,
應台,
繼月,
金雞母,
思維來,
編列釋,
貨由,
性賣,
電以奈米,
廣積振樺,
飛捷,
電腦廠,
四所,
杜聰明,
杜聰明獎,
統計台,
添增,
點稅後淨利,
約奈,
機會展,
張忠謀演,
講新,
考上,
用水量,
施宣輝,
打工仔,
宣輝,
結鴻海,
尖端,
發言人孫,
前瞻,
廠展,
中國設,
吸附,
跌股,
產時間,
踢踢,
營運釋,
業法,
雖未,
趁勢,
資圈,
開股,
統單,
調面,
李強,
電回,
萬千張,
電英業,
趨近,
選及,
撤資,
避風港,
營收數,
線之間,
獲此,
資賣壓,
電壓,
成大,
影響性,
溫跡,
擁下,
漲樂,
電達,
繁體,
中文版,
產業面,
紋辨識,
領電子,
布下,
工進度,
體景氣,
最後一筆,
往下走,
更能,
當面,
關台,
獲利新,
革命性,
數值,
關表現,
工當,
技術驗證,
車無人機,
領域將,
近股,
第季略,
隨後翻,
電源供,
擴大奈米,
提供者,
箱型,
開台,
轉到,
名分,
計龍頭,
市價,
費半,
證熱絡,
積電即,
精華,
體晶圓,
超額,
恐因,
高至,
可謂,
鏈產值,
矽晶圓,
歐後續,
消息面,
資為,
高手,
趕不上,
工們,
示警,
額將,
集邦,
獨強,
拉攏,
自中,
股綠能,
悄悄,
材發酵,
點日,
遊樂園,
轉用,
阻力,
授予,
翻紅漲,
人要,
調奈米,
投信則,
躋身,
疑問,
微縮,
授命,
臨危,
隱形,
最後一,
美邦,
撮合,
氣盛,
內要,
貨是,
電史,
開始拉貨,
恰恰,
廠量,
獲利則,
貨且,
能將,
開在點,
較營收,
更連續,
減稅後淨利,
廠當,
高飛,
振翅,
突起,
學到,
運將,
超餘,
投資先,
電原,
演講時,
結緣,
書開,
話鋒,
電的員,
細數,
最多達,
附屬,
沾光,
過奈米,
飆股,
提倡,
連結友,
總成長,
第季法,
連四黑,
成鴻海,
杜旭純,
發電系,
迎合,
電下,
成台,
跳躍式,
緩台,
這三檔,
隨著供,
廠中,
師預期,
空方,
電和大立光,
急先鋒,
測技術,
跌樂,
顧不會,
科創,
觀展,
愛美科,
高階產品,
治國,
機種並,
工作台,
已連,
設計龍頭,
開賣後大,
歐系外,
起連續,
開發出,
林伯豐,
工商界,
產能將,
盤鴻海則,
電維,
點營益率,
穩步,
紅會,
前身,
面個,
隨國際,
紡纖股,
彭明敏辜,
聘任,
購台,
需求量,
年均,
點並,
發科鴻海,
撰寫,
資則,
擔心川普,
結算日,
急升,
頻創,
跳高,
穩居龍頭,
貨將,
這兩大,
電傳出,
意謂,
獲外,
是鴻海,
觀察指,
日還,
僑外,
電張,
產業裡,
電工,
通吃,
漲友,
矽品將,
挑戰台,
緊產品,
大成,
灣銀行,
生技光,
詭譎,
多變,
出擊,
帶動國,
股羊年,
狙擊,
教父,
爆台,
親自為,
變以,
為鴻海及,
重為,
網業務開,
電物聯,
發處,
瞻為,
早表現,
瑞昱宇,
選在,
逾千人,
重達,
第一份,
果然,
電統,
採逢,
落後台,
股逆勢,
講求,
股鋼,
成法,
殺出,
焚化,
換機潮,
進一個,
第三季,
高調,
科強,
痛失,
重兵,
碼台,
科南,
強類,
激鬥,
收歛,
整財測,
彌補,
行情表,
操刀,
購從,
金電期,
逾口,
禁得起,
築夢計,
演藝廳,
青春,
擴大資本,
檔標,
收益率,
損萬元,
難講,
看相,
震震,
高精密,
盈餘則,
影院,
平盤點,
產品則,
超強,
已足夠,
貨副,
高階手,
觀設,
電據,
新動能,
很強,
茁壯,
從元調,
並協助,
掩埋,
短少,
點之間,
王兆立則,
砍價,
由原,
豐沃,
過宏達,
集團作,
黑盤,
收月線,
泡沫化,
萬千點,
爾約,
將問,
數倍,
火台,
攻堅,
將具,
擢升,
張曉強,
秦永沛,
玉傑,
新舊,
韌性,
東洋,
虧元,
差異易,
測器,
比聯,
計及,
研以,
獨秀聯,
投資半導,
結合產,
統為,
積電開,
變現,
機虛擬,
淵源,
點驚險,
體產出,
生產據,
除奈米,
試產良率,
任資深,
因台,
數盤,
軟銀,
日大盤,
補空,
漲鴻海收,
郭台銘拔,
強中,
率預,
環差,
點為,
股會,
恐無法,
逾類,
日增,
攻勢止,
股紛,
自亞洲,
漲至點,
袋為,
紛成,
結入,
恐慌性,
趨向,
泰證期,
工整,
惟量,
打敗,
資金技術,
電繼,
逾元,
較重,
過臨,
沒聲音,
鼓掌,
白講,
整好,
遞給,
電各項,
順利通,
時動議,
結算後外資,
注明,
攻奈米,
發科收,
數據表現,
盤前,
電發行,
電進,
金跌,
為宜,
立基,
竹北,
已漲,
產進度,
成威脅,
股出,
扇出,
驚奇,
轉王,
橡膠類,
為後續,
發科日,
論文前,
第季動,
追平,
近倍,
設大,
期能,
進調,
股衝,
每片,
第季用,
那斯達克費,
重展,
締造,
用愛傳,
憨兒,
影志工,
缺貨到,
投資要,
普遍性,
用到,
數蘋果,
方略,
創等,
元晶,
空交戰,
管區,
破裂,
大老,
資選擇,
跟不上,
重摔,
科成,
驅動廠,
業景氣,
未來物,
跌至點,
這顯示,
變且,
鞋子,
時間點,
說服,
進逼,
碩表現,
收元漲,
數再,
更大,
帳面,
盧秀燕,
遺贈稅,
醬油,
稻米,
股明,
數拉回,
顯拉回,
近友,
挫電子,
股後新,
走平,
體股,
震盪僅,
美國費,
提共識,
股觀光,
車大廠,
漲道瓊,
往盤,
鐘又將,
戶訂,
金融界,
全心投入,
這兩,
金高達,
廠漢,
項產品,
戶輝,
積電位,
業聯合,
試廠,
技術員晶,
職缺將,
鴻海收,
富蘭,
凌岩聘,
百家,
電連續,
電等個,
連紅並,
投資台,
股龍頭,
靜待,
企業主,
電獨家供,
強敵獨,
該處,
電擊,
新機處,
而來,
萬台調,
師郭,
本周一,
依序是,
點英國,
補台,
恐出,
生產年,
綜所稅,
爾台積,
產時,
巨量,
電去,
數持續,
漲達點,
順利將,
遞件,
股持,
晚年,
王台積,
積電供,
賽靈思,
獨有,
正積,
連續季,
點到,
徵信所,
獲利賣,
著台,
樊晉源,
產學研,
廠力,
電處,
緊接,
資通訊產業,
張家瑋,
概股,
歷過,
社論,
恐對,
劉鏡,
發經費,
樺漢,
廠興,
領漲,
新頁,
鼓建廠,
金平,
經亞洲,
貨億元,
狂銷,
收恐,
顯卡,
節不過,
目標區,
財信,
第三座,
鞏固江,
積電晶圓,
片區,
投產後台,
新晉,
資赴,
橋林,
最後一塊,
經是,
產業合,
維護費用,
環保設,
施及,
抵抗,
金統,
經濟典,
電子級,
重金,
接替,
國庫,
高階市場,
點大,
沿著,
籌碼面,
遠憂,
領萬,
韓等,
減資本,
股要,
溫水,
技術家,
爾有,
機會導,
影技術,
登在極,
獨董,
金高層,
購華亞科,
重台,
結算盤,
機手,
探元,
震盪拉回,
資金轉,
現小紅,
玻陶少,
翻小紅,
黑半導體,
擴量,
進電子,
雖然法,
貨布,
超外,
網下,
繩菲律,
音顏,
賓及,
田玉科,
林研發,
閉鎖,
電系統,
可愛的,
忍不住,
股殖,
運往,
量產後需,
權證試,
幣走勢,
調配,
顯華,
白白,
數縮,
忍受,
雙項,
座標,
比大盤,
確表達,
要面,
鋼統,
葉菊蘭,
耆老,
清華,
美化,
普台,
聯鈞,
德華映,
百倍,
所大專,
遠見,
蔡美娜,
減億,
首件,
電服務,
化妝品,
金在,
科華碩,
矽晶片,
進場試,
發先,
載奈,
觀察台灣,
正果,
贈馬佐平,
豐洲,
羊蹄甲,
神岡,
發展局,
應植樹,
樹苗,
桃花心木,
植大葉,
植樹株,
蜜月,
歷時,
聯電格羅方德,
股史,
多領,
工程系,
碼調,
離去,
桌則,
引導產業,
過後,
豪威,
拉貨動,
獲利雙,
社會賢達,
雖然現,
財產資料,
抵禦,
林格勒,
隨後就,
略有,
這數,
雙鴻超眾,
審結,
專利新,
延攬,
全面性,
僅為,
寫成,
組合優,
買單,
組拉貨,
平業績,
觸底,
鏈出,
需求增,
頭手,
戶華為,
隨著點,
持穩,
帶動供,
消費端,
熱度,
成市,
揚後可成,
短線量,
歐陰霾,
減反,
比元,
下鴻海,
新將,
人績,
認購度數,
調升後不會,
贏家台,
推到,
本月底,
電由,
行產能,
電相當,
通膨率,
差元,
態度面,
投資及,
身價,
極力,
豐碩,
量則,
數已,
廠則,
幣走,
電中華,
餘點,
積電將,
證空頭,
引發權,
惟賣,
計有,
每支,
養分,
親身,
表彰,
折算,
師陳,
春燕,
敦聘,
無給,
計業,
不開,
碩營運,
不可避免,
第一座,
廠營,
跨產業,
科弘塑,
辛耘家,
第季奈米市,
補庫存,
產外,
電撇開,
心照,
衝刺奈米市,
變動勢,
資關,
獨拿不過,
年後量,
已展,
延導致,
減數,
率採,
必影響,
激發,
泰富,
投資應,
挫跌,
點僅,
電傑出,
明盟,
胡正,
立自動化,
電報導,
魅族,
科研,
腳伸,
跳升,
借重,
格羅方德,
體系益,
海宏達,
能僅,
領著,
擴產,
轟動,
桌坐,
集團會長,
淨利及,
駐美,
投資處,
引薦,
收發器,
盛傳,
撇步,
成形,
通高,
熱台,
投資會,
明晟,
代廠,
搶產,
能效,
貨市,
電其,
數維持,
積電張,
德儀,
恐下,
為物,
結國際,
葉滿足,
密封,
尚在,
現連續,
需個,
急縮,
電晚,
證券亞,
運動館,
科為,
社會責,
確信,
金連續,
處資深,
高學,
歷人員,
歷化,
進技術,
籌設,
第十名,
賴浩敏,
等位,
組裝費,
極買盤,
首支,
老大哥,
隱私,
提存,
看重,
爾處,
總經理侯,
進此,
而架構,
爾擊潰,
百億學費,
爾營業,
要能,
聯軍挑戰,
電往,
永清,
獨占市,
電攜,
高階先,
進者,
鋃鐺,
獨大市,
過後來,
肥美,
電信商,
陣容市,
抗紅潮,
游泳池,
百里,
推銷員,
過人體,
春技術,
電錄,
達篇論,
電阻式,
轉學考,
物理系,
讀書後來,
幫藥商,
揚揚,
漣漪,
開放中,
第四站,
時代聯,
林文,
談聯,
講解,
牽扯,
資議題,
接二連,
杰偉,
洲杰,
自介紹物,
環車,
發科開,
統產品偉,
竹科為,
沸沸,
科瑞昱鈺,
壯大,
未揭露,
需時間,
廠區則,
貨所,
房並,
賠納入,
水電,
張忠謀離,
張忠謀批,
盼望,
記半導,
強手,
機用,
移到,
近三年,
戰台積,
沒辦法,
廠弘塑,
深信,
程中,
文山,
現貨標,
溫表現,
第三名,
隨日台,
現升,
潘公,
綜合者,
潘文淵為,
敬佩,
扶持,
投資標,
將產品,
積電為,
潛在,
高達元,
聚中鋼,
廉政,
許影響,
規模還,
數季,
照表,
新村,
推動產業,
近家,
讓鴻海,
現不佳,
現補,
科加權,
日長,
破月線,
籠盤,
權證僅,
點表現,
追多,
指數型,
獨大,
燃油,
工作效率,
預言會,
認證後技術,
露頭,
角台,
師採用,
駕駛習,
統會,
時代快,
電以種,
德商,
拋售,
脈動,
歐影響,
洶湧,
都將,
感嘆,
原理,
遇見,
決審,
桃竹,
盡頭,
洽台,
畫分,
議室,
關廠,
招手,
強心針,
從奈米,
電各廠,
車載,
技術開,
林全會,
逾成,
戴正吳,
環持續,
挖角,
網際,
銀彈,
難解決,
聯訪,
陌生,
金額將,
排擠,
第季台,
廠因,
配戴者,
眼鏡訂,
視野內,
能事,
改用,
李國鼎們,
耀東,
認為現,
證半導,
描檢測,
描顯,
摸索,
顛峰,
業界漢,
美光格羅方德,
後終,
微技術,
微科以,
時元,
漢民,
能克服,
科業績,
隔年,
臨瓶,
年並,
躍居晶圓,
經無法,
汙水,
金及,
現台,
成及,
頭來,
發想,
立大學,
投資大,
金將,
爭相,
成局,
稅賦,
面針,
布拉,
方國家,
德國學者,
獎人,
貨作,
重承諾,
連環,
證尾盤,
熱絡權,
數及,
排程,
授旗,
空壓,
油當量,
起營,
電聯電友,
整機,
晉升,
效個案,
資產品,
繼年,
編程,
每度,
購度,
樣貌,
王志超,
掌舵,
攻城掠地,
麒麟,
浮上,
不缺,
對待,
群聚,
範例,
走來,
遺餘力,
電志工,
李正春,
總產能,
師為,
資機構,
出眾,
組會議,
獲利淨,
達以,
數十億元,
紅利,
輪替,
體將,
以國家,
看物,
筆記,
這時,
邊聽邊,
獲雜誌,
聯電轉,
郵政,
遲早,
獲道,
綜效,
總統致,
標竿,
財務顧,
老將,
帝傑,
邱慧,
用料,
鏈及,
終獎,
蒸發,
廠海思,
百利,
過件,
科技股份,
康企業,
競合,
續創,
花錢,
留不住,
認股,
翻身,
沒日,
約成,
拔得頭,
百萬度,
為戶,
購戶,
處理廠,
能市,
繳了,
用次,
根據櫃,
承銷,
流動量,
調將,
李智貴,
辭去,
張秉衡,
洪鎮,
強的,
採行,
電任,
正樺,
電擔,
很棒,
戴樂格,
體積,
電億度,
銀成,
英傑華,
壞帳,
西雅,
運長,
經積極,
開放給,
數億元,
計畫針,
研究生,
業還,
達將,
研發友,
經費予,
校級,
期實,
液晶面板,
機會外,
此透過,
期實習,
相關津,
表現傑,
正職,
從學校,
電跟國,
權台,
電實習,
科學委員會,
習者,
研進,
觀摩,
指導員,
生友,
選中,
泥沼,
攝錄,
著來,
電研,
電內,
顯大陸,
電副,
次資,
郭董,
發明類,
預算數,
榮鎮,
比奈米,
資深者,
投資事業,
論文數,
陣容,
省級,
必定,
減台灣員工,
競合關,
雙輸,
遠願景,
趕上,
網成,
必要性,
每一個,
除以,
漢民集團,
歐美日,
理監事,
繳庫,
極爭,
電以件,
進國家,
整年,
過的,
案台,
文說,
師無,
帶子,
震後台,
延後到,
齊力,
震後廠,
還掛,
震台,
愛黑,
構性,
產業者,
需產業,
工會用,
調高免,
準及,
稅額度,
行動證,
當奴隸,
達遠優,
工約,
工心聲,
已年,
給聯,
減連,
股災,
林恩舟,
眼中,
耀眼,
爾件,
東電,
電件,
工件,
技術門檻,
跨業,
電股權,
達件,
挑戰要,
熱能,
廢水及,
減名,
第一波,
缺水,
獎及,
未來會,
財務性,
表揚,
擴大市場,
給員工,
慘跌,
以至,
大氣,
離無線,
近距,
許多廠,
彈升,
范義鑫,
快步,
研發費用,
設攤,
懷偏,
電關,
教協會,
師資及,
歷屆,
首創,
急迫,
急國際,
警惕,
踏入,
工業化,
海內外,
頂著,
全員,
放陸,
韓中,
工年齡,
轉給,
時茂迪,
量大增,
非核心,
通威,
電池廠,
資事業,
認賠,
評審,
環團,
水一噸,
萬噸則,
水源,
很適,
近況,
鼓勵員,
灣企業,
總研,
低落,
拓點,
市調,
正成長,
貨效,
引申,
腦膜,
標局,
招聘,
贖回,
貶破,
遺症,
加熱,
鍋爐,
委外,
工業界,
工績,
全面禁止,
根留,
固守,
閥業,
削價,
閥門,
灣金控,
青輔會,
廢水處,
講到,
遠低,
未定,
營運狀況,
幾項,
留住,
熱泵系統,
業用,
燃燒,
熱源,
故障率,
養份,
控制力,
書設,
撤案,
科到,
開放會,
購換,
沒要,
誤會,
陸資成,
賣聯,
輸送,
球閥,
流體,
極致,
絕技,
洩漏,
講究,
逸散,
迷思,
環保節,
