token,df_chi_square
台積電,3807.232520604801
積電,2282.1148591819183
台積,1757.151211808391
張忠謀,723.7970794804971
晶圓,235.44715665089765
奈米,142.89870085432628
理器,100.20322465297662
半導,80.98582001987889
半導體,73.52233145835349
代工,68.75256552150333
體產業,64.54397072976731
權值,63.15448901073659
大立光,40.76633974400998
聯電,30.151023574037193
英特,29.8291936315848
億至,24.89240163865088
大立,21.84238117777788
認售,20.07472571939004
財測,17.79910804124943
除息,17.08700832420075
填息,16.31438445244277
聯發,15.527862028223707
蘋概,15.19913747609562
高台,10.102123337539798
高通,9.446704005315512
股盤,7.868240982607783
市值,6.88910939294547
點大關,4.678390164001768
權證,4.501168371349336
聯發科,3.9026905091605473
翻紅,3.45661349417439
金融股,3.440097214515705
發科,2.5844134747370893
封裝,2.5330964291194675
股息,2.329955241704601
月光,1.8920799159526345
精測,1.7410211737039245
可成,1.2729840669661752
在點,1.2108091915797015
萬片,1.1186434542530739
股王,0.9689545990044859
超台,0.8115309625793584
量產,0.47461310108266475
參股,0.4555026411438696
多空,0.4293956022835918
值新,0.41780990288214953
法說,0.38734453110230155
跳空,0.2957732948476279
波段,0.2724454792408287
賣超,0.21484268522616654
股漲,0.18935600166680017
盤勢,0.17252672396739493
紫光,0.11274873437883678
上攻,0.09340696172156744
封測,0.06471049891168666
機台,0.029135014625940526
超億元,0.022095399451775008
期指,0.01902576032703952
美律,0.006312971271935776
尾盤,0.0003974063477299309
產出,0.00012584177697702592
權息,-0.002200850208627093
說會,-0.0180463389755006
施振榮,-0.024308817619079156
雙鏡頭,-0.025659578402155974
晶片,-0.026662917144890146
刷新,-0.028406619647304735
平盤,-0.03019195081449953
美系,-0.03964613350348599
電路,-0.040939746530463575
矽品,-0.048039560501881094
廣達,-0.056954485406164546
漲元,-0.07049281079260875
偏多,-0.10517688594447351
年線,-0.10647374243967411
南京,-0.11091234265003191
本季,-0.11368510361384768
創歷史,-0.139652298526821
市占率,-0.14238621351541175
季線,-0.19913829648535508
第季業績,-0.30724908417804175
指期,-0.33274061864022403
利用率,-0.3642744204011948
股指,-0.4026113083234718
之上,-0.5272977864916956
買盤,-0.528588038622265
交投,-0.5374433156259225
小跌,-0.5438722686104702
股跌,-0.5513573545406718
多頭,-0.5722285570095055
亞股,-0.6139594573021581
熱錢,-0.6526568004749955
英業,-0.6791430829705623
陸資,-0.6796554430466537
宏碁,-0.6958979292233963
收在點,-0.7074240870063311
攀高,-0.7805371389461522
股表現,-0.8170890573142935
科技股,-0.8769730276083698
加權,-0.8773601014040727
拉升,-0.9280604351755835
大盤,-0.9375665674521122
選股,-0.9560764197187014
泰車,-0.9924308689992084
開低,-1.0382126726982879
中裕,-1.0447091593914823
交大,-1.0481816552399725
力成,-1.0994756000262849
蘋果,-1.1176979075972913
調薪,-1.2265425073129703
到點,-1.2327695766203228
失守,-1.2714302091169767
台股,-1.308869547828662
護盤,-1.3678654778912132
認購,-1.3691814088306111
群益,-1.3874831329700084
抗跌,-1.399369099413805
大關,-1.4152799680287045
概念股,-1.4290331923345772
投審會,-1.4771059795352384
台達,-1.4837121482426778
運算,-1.4837644195960953
萬張,-1.4843686005106937
領頭,-1.489897399993252
為點,-1.5986160208111808
國泰金,-1.6038287859302756
生技股,-1.6127485502725327
盤面,-1.6376868912052016
投資案,-1.6407690300463997
匯損,-1.681388512198276
小漲,-1.6987766386508776
至元,-1.8583799296515053
外資,-1.862276409342965
高峰期,-1.8968938884657764
東陽,-1.9168815492731788
追加,-1.9488445172222932
純益元,-1.999114657960447
股為,-2.0880314189540465
開高,-2.1651559812669188
終場,-2.1675001948260557
網通,-2.1858050658577604
至點,-2.2614303499937147
第季營,-2.4479906551100217
富邦金,-2.571480011694754
無薪,-2.5976192365924033
缺貨,-2.6079728773194035
第季合,-2.7195700815014163
龍頭,-2.7503401256406543
群聯,-2.790524283789555
最先,-2.796550254570485
南亞科,-2.8270339589919335
日盛,-2.8621721159199227
亮麗,-2.906011513821561
憑證,-2.9077397859919767
互見,-2.914654572215074
三星,-2.93248975392342
華亞科,-3.004992941666705
訂單,-3.2011863841193113
水泥,-3.3190797165787953
轉強,-3.3536111316775137
減碼,-3.395126366493629
道瓊,-3.398467812862094
賣壓,-3.4497405710557394
張數,-3.4680203475065725
添枝,-3.4689339737170655
機殼,-3.491878853212307
狹幅,-3.516454629751032
改寫,-3.5287959667246143
歐系,-3.556641008775564
可維持,-3.573295700085426
漲點,-3.647258426879298
融券,-3.664410768460479
結算,-3.793787776931553
美光,-3.810290479635176
協理,-3.81804962713254
季增,-3.845531335811026
超標,-3.8763320237139047
調升,-3.948180568287001
守住,-4.001853764625941
換機,-4.039649479547197
年薪,-4.0654831501710085
跌停,-4.222062807901172
繳出,-4.237574208964491
接器,-4.250767941666705
上季,-4.25304554801602
控股,-4.273477356359682
走揚,-4.277429438954103
自營,-4.278954102359197
味道,-4.31190037002824
記憶體,-4.384664849274124
將較,-4.458849354168257
金河,-4.573879149047666
群創,-4.608686163333459
匯出,-4.636161807539748
題材,-4.638577303751531
工業局,-4.656999341740824
推手,-4.724682803802295
耳機,-4.728213882800502
多方,-4.771962022111395
廠區,-4.802203804171831
台化,-4.850187352936592
回補,-4.858318665622522
對台,-4.858318665622522
日光,-4.883239298787769
短線,-4.95371874235907
財務長,-4.978402612487516
高薪,-5.052880002953062
好消息,-5.055486641938695
盤整,-5.115143905342011
第二名,-5.115143905342011
轉趨,-5.119307782438002
中小型,-5.129548538141534
股本,-5.223545796957415
二手,-5.2736231245465355
出具,-5.341772531748126
王雪紅,-5.3741568324883735
蔡明忠,-5.375540727225627
先進,-5.440255774307622
塑化,-5.516166040653909
相繼,-5.5712478772933425
本益比,-5.577896802777884
創個,-5.611388678179842
萬口,-5.626045704491658
感測,-5.6809317626903395
扶植,-5.750644647819535
及第,-5.750644647819535
權重,-5.781610251508348
百度,-5.796360849030545
回檔,-5.923583929188076
下探,-5.986950621314449
成分股,-6.173046573469455
毛治國,-6.219084992828686
輪胎,-6.219084992828686
華為,-6.226596972267493
接棒,-6.299103234127913
旅展,-6.438972297816995
正吳,-6.473529189513111
美商,-6.4828011481779875
櫃買,-6.495179248911684
衝上,-6.517500435819335
中性,-6.553847961020784
走弱,-6.571229965573023
創新產業,-6.599306083164127
新鮮人,-6.626306463210464
紡織,-6.699551388322609
物聯,-6.703291351626969
蝴蝶,-6.728523574037198
師認,-6.737173337270751
調高,-6.752931959013176
電子期,-6.769848861229209
環評,-6.769848861229209
轉正,-6.783890156403797
競價,-6.813636713229222
工研院,-6.883125455140978
搶進,-6.884305120792508
放量,-7.005307630733299
生產線,-7.012993370383153
逐季,-7.025062481359607
聘用,-7.03033506420554
新能源,-7.111428831226845
期收,-7.111428831226845
上年,-7.126127278062714
王品,-7.126792666142497
補足,-7.2018876690476965
配發,-7.2095047650515705
悲觀,-7.214547207001252
耐震,-7.240001876017136
水位,-7.276688813092974
無人機,-7.402060927546085
感測器,-7.402593661179213
止跌,-7.415359922402731
普通股,-7.426237624563535
東元,-7.4761709905399805
廠房,-7.47798879798392
十大,-7.479794414002505
定案,-7.507096612565063
日均,-7.552751744394025
勁揚,-7.5824520280006595
指紋,-7.6896018613717
壽險業,-7.721087465814166
高科技,-7.735416356050522
下單,-7.871217593065116
核一廠,-7.913318100936794
應鏈,-7.953729364944988
日舉,-8.003744512663054
效能,-8.056268582028723
國安局,-8.105295772420991
學歷,-8.121937363850606
告一段落,-8.133353356532709
反轉,-8.1549608239923
季度,-8.207706574194754
入股,-8.265733766721194
童子,-8.267989791213202
生技產業,-8.273378056868747
哈佛,-8.282883079013077
明朗,-8.306601460550473
友達,-8.331098347850858
關卡,-8.427305905865584
前季,-8.42925530940329
點數,-8.43987810472215
新設,-8.441683408545323
二年,-8.469659845003351
欠佳,-8.506840536204297
印刷,-8.524917047788247
硬碟,-8.525875452703394
熱絡,-8.58928454894437
水資源,-8.611907241047295
建言,-8.656440648932161
黑天,-8.686668563566272
就近,-8.68749155691232
轉讓,-8.697972731746084
發放,-8.717170759244564
季節,-8.722404720165889
氣體,-8.73939274691538
災損,-8.750522251367235
前三名,-8.818848561230716
好手,-8.848725264940104
出台,-8.915134628960192
特斯拉,-8.916004906802787
產業界,-8.917202764986158
早餐,-8.917202764986158
人工智慧,-8.934189871558193
國稅局,-8.956364347547664
管線,-8.956364347547664
總金額,-8.962833869542486
收斂,-8.98002568345275
盤中,-8.995813347448777
矽谷,-9.0072173270112
創年,-9.047086810510832
為元,-9.081735897423755
財金,-9.081735897423755
東會,-9.108116405324836
供水,-9.116972267616344
野村,-9.128781315409782
月營,-9.153578487041456
台幣元,-9.19180720464939
面上,-9.245432898960953
產線,-9.247010624583476
那斯達克,-9.251164919886044
向下,-9.272323615079497
更名,-9.286273981878322
清單,-9.286273981878322
設廠,-9.287708120257992
日股,-9.34266473920561
洪水,-9.387627963411223
達元,-9.413108419178652
監察人,-9.413910840972198
論文,-9.413910840972198
中鋼,-9.4156776289623
稅額,-9.455753795952443
書記,-9.47396678980594
強勢,-9.526423407499841
閣員,-9.540558514459603
面試,-9.540558514459603
八大,-9.563586045210721
裁撤,-9.577849875710847
應求,-9.581518759216554
跌勢,-9.594011625189108
燈號,-9.625405423962983
發展署,-9.646725984057287
存底,-9.6655765085797
加薪,-9.681335361080468
美股,-9.72983235572398
歐股,-9.742961087853958
矛盾,-9.792537263552704
外電,-9.826983737392856
金元,-9.830389336001724
億股,-9.830389336001724
普爾,-9.891253241470867
財產權,-9.913844261700753
藍圖,-9.913844261700753
高市,-9.918458530555645
塑膠,-9.945604164684111
電競,-9.965200423319326
中投,-9.997350337943688
調節,-10.004970139935253
鴻夏戀,-10.050247521825462
大股,-10.061330267941772
旗艦,-10.109166839907985
這股,-10.155133944098479
撤出,-10.1645127943355
企業界,-10.1645127943355
二氧化碳,-10.165618503695987
供應商,-10.235674150528325
拉高,-10.245813704441067
大典,-10.252185160340769
動向,-10.26222484603496
營運表現,-10.26222484603496
外型,-10.33187056950863
大通,-10.390809530898041
休市,-10.394716401065718
高檔,-10.408373993938849
首選,-10.474343119523903
延至,-10.48395028600442
亞太區,-10.499417774454605
中興,-10.499417774454605
標案,-10.512021102688124
突出,-10.554039120470057
第二季,-10.583260637188284
淮南,-10.598677008715102
僅次,-10.621953004077685
減量,-10.68535420366428
高漲,-10.73162049636166
百元,-10.814194206129253
零組件,-10.823972697821057
深港,-10.858770912043969
廢棄物,-10.902706744804568
暢旺,-10.91083501462594
投顧,-10.969131361627158
新廠,-10.979498143424575
降為,-11.003140525069211
永和,-11.070431853027266
合資,-11.073592075956501
種子,-11.087245094168008
上旬,-11.171391077605815
稅後淨利,-11.205143993009727
訊號,-11.244622295000072
新科,-11.244622295000072
中華郵政,-11.246180715980438
聚落,-11.255577878060432
已過,-11.318156999943401
量身,-11.33980490964166
以點,-11.340134165375568
走強,-11.375455482049661
偏向,-11.415616046054836
發明,-11.424071597619125
安裝,-11.424071597619125
資本,-11.424979506360557
用以,-11.476612886567485
年減,-11.476612886567485
新機,-11.476891204924154
否決,-11.501377464825755
台新,-11.501377464825755
將達,-11.512755394901122
省長,-11.640103440560704
健身,-11.640103440560704
南台,-11.644367729001962
經濟委員會,-11.645016017998207
假設,-11.725814824483235
奠定,-11.726864296485356
國安,-11.72844989857815
光電,-11.731969026414355
傑出,-11.808764707838629
獎學金,-11.813929919816598
這套,-11.813929919816598
業界,-11.818760441052314
出走,-11.845980516372753
獲利表現,-11.872113151771298
本國,-11.918725415759738
最重,-11.918725415759738
董監事,-11.92987247306193
空襲,-11.9494393635686
縮短,-12.015002739966802
發燒,-12.01565304899822
雖有,-12.04234858666278
牽動,-12.08041049819371
台灣產業,-12.155738423502799
搶修,-12.161779906802787
栽培,-12.161779906802787
接班,-12.161779906802787
模組,-12.170410007584872
驅動,-12.203355081219167
徵才,-12.219027374976003
中華電,-12.23239129660951
籌資,-12.24878186367197
一舉,-12.263021410991488
開議,-12.273150620224973
接單,-12.305941148889037
盈餘為,-12.33579908423694
清華大學,-12.33579908423694
萬支,-12.353468527396222
歐派,-12.359033805936402
單一,-12.37993849520475
較佳,-12.392305327125943
據悉,-12.392305327125943
手臂,-12.422831318273182
一根,-12.438169985657373
博覽會,-12.44494169871655
徐國勇,-12.509878320995828
籌碼,-12.519339403645853
四天,-12.53087393522617
所幸,-12.546975224376599
淡季,-12.549671539217965
九成,-12.559347757774683
走升,-12.594110759340241
周休,-12.596939852912675
滑落,-12.609469194287719
登陸,-12.609857278173797
宿舍,-12.616830159215553
價差,-12.630504298772088
台廠,-12.675343571011867
位居,-12.690012086123591
車用,-12.72459866340475
消化,-12.77022217021591
生產力,-12.777302322677627
前名,-12.802252800480789
看台,-12.810209550963808
書籍,-12.858209305339967
財長,-12.858209305339967
自來,-12.858209305339967
下周一,-12.858209305339967
擁抱,-12.893907715448906
月合,-12.899935024376568
庫存,-12.935701110084727
偏高,-12.977643878223077
不高,-12.977643878223077
評等,-13.031982428052203
用地,-13.031982428052203
防水,-13.032457421118341
沉重,-13.043127006107037
排行,-13.046959097619125
億元季,-13.056135901386899
一線,-13.066436163333458
今晨,-13.116936624070874
聰明,-13.119601377886541
清明,-13.119601377886541
濃厚,-13.172082577716488
一季,-13.184218834140596
可持續,-13.201920575562857
港股,-13.218118118172253
驚喜,-13.219166863155431
類股,-13.220870788880028
大舉,-13.234896479600751
消費性,-13.273450855121089
周刊,-13.286933897759097
新手,-13.293928058150941
醞釀,-13.305302958182986
周四,-13.331178594435027
領導者,-13.381110381990162
履歷,-13.381110381990162
計價,-13.391460126651278
暴跌,-13.413827753329446
跌點,-13.418170844912249
工藝,-13.445045250905531
組裝,-13.456832077227762
不畏,-13.457047148074397
驗證,-13.457047148074397
會持續,-13.457047148074397
投資金額,-13.467012582245017
台灣區,-13.544946682543701
應商,-13.549075616916152
緩步,-13.564823270646443
加持,-13.610622837381165
退場,-13.616457001086944
碩士,-13.626768665768743
切入,-13.633790533639665
主體,-13.642730975600001
評比,-13.642730975600001
逆價,-13.65005515932164
評選,-13.65005515932164
回流,-13.706237334004676
萬噸,-13.712428056966854
科系,-13.712428056966854
震度,-13.72996176111943
用人,-13.736293734902203
氣勢,-13.736860003770872
估值,-13.786084398037566
浮現,-13.786084398037566
華碩,-13.790547150375033
創投,-13.797147953614425
萬件,-13.797609883464142
先是,-13.797609883464142
新版,-13.81720420661541
歷來,-13.817740781663792
九月,-13.822551966899251
台塑,-13.894585621659585
低薪,-13.904458137188284
數為,-13.904458137188284
議案,-13.908829587270752
租稅,-13.908829587270752
上周五,-13.978420484712995
階層,-13.995126332826086
對手,-14.036544355876499
滿載,-14.036544355876499
在手,-14.037726352598186
負成長,-14.05331515349653
不致,-14.05331515349653
連日,-14.05331515349653
伺服器,-14.059870960288373
接駁,-14.078999771282938
該案,-14.078999771282938
拖延,-14.078999771282938
巴拉圭,-14.078999771282938
揣測,-14.081441945116834
自由化,-14.149314880940238
主軸,-14.153695390726112
平穩,-14.166287142066302
數的,-14.167776170330406
數成長,-14.18608943794552
邏輯,-14.200756985652152
二成,-14.22285766245369
全球股市,-14.226902657352957
曙光,-14.254128759186592
一如,-14.254128759186592
提款,-14.287258201121423
將從,-14.32223656242731
控股公司,-14.32223656242731
買賣,-14.34049946683682
囊括,-14.34049946683682
不足以,-14.34049946683682
日系,-14.340894183605798
往前,-14.39461618361687
暴漲,-14.39461618361687
號稱,-14.426888052766122
超高,-14.480003752034271
大環境,-14.51329428069769
逆勢,-14.52968168665762
交叉,-14.537120493539756
降至,-14.543837119270247
首款,-14.599717918499907
文化局,-14.60288316652197
日商,-14.60288316652197
步入,-14.620479552730144
連帶,-14.6728092857445
占率,-14.675629926991466
電動車,-14.71050804388556
多台,-14.724582892423108
延宕,-14.736311198721099
過半,-14.772616515375224
學子,-14.772616515375224
化工,-14.772616515375224
繳稅,-14.772616515375224
電量,-14.777593026190551
將維持,-14.791937321783536
缺口,-14.806689746934095
現貨,-14.819337536564854
國際油,-14.821794296485358
受影響,-14.828595310363967
可靠,-14.859091030108312
組件,-14.907300564412333
並進,-14.913092082426404
應會,-14.945582065862546
減幅,-14.952341981079961
打工,-14.952341981079961
海嘯,-14.954472573911584
造就,-14.99282972666676
在外,-15.009248564357463
三家,-15.024268694906324
戰力,-15.039730775084395
美金,-15.078381511774404
高價,-15.106834874261725
鄭麗君,-15.118072488202756
活絡,-15.1186128532026
淘汰,-15.12712893506249
意志,-15.12712893506249
最強,-15.164904056001319
一台,-15.204957987829143
已久,-15.205152190185593
漂亮,-15.205152190185593
內將,-15.205152190185593
手遊,-15.206161284052017
落成,-15.206161284052017
葉倫,-15.249551885944474
跨入,-15.251363417473494
擴充,-15.269914778016908
單日,-15.269914778016908
以個,-15.291707218831325
資歷,-15.301952832607792
中學,-15.301952832607792
早盤,-15.315073898569672
下游,-15.317811915215582
流向,-15.336000762497527
暴增,-15.336000762497527
盈餘元,-15.378277740511155
走勢,-15.386023686219826
漲價,-15.389378316003667
低價,-15.455946444090007
窘境,-15.46486355993473
工業區,-15.47681265692055
第位,-15.47681265692055
解盲,-15.506470573135678
產能,-15.521568885042507
握有,-15.551464485080166
大安,-15.551464485080166
上空,-15.551464485080166
交出,-15.551464485080166
開花,-15.56425573402254
八成,-15.585715419554422
上市公司,-15.593487856589348
重回,-15.600301677893176
名譽,-15.63808032712594
則有,-15.63808032712594
換算,-15.63808032712594
資策,-15.64665081465561
李大維,-15.64665081465561
房產,-15.64665081465561
電信業者,-15.651707428179842
協力,-15.651707428179842
毫不,-15.651707428179842
重量,-15.665607162666847
更為,-15.724710900384498
董監,-15.739167622418845
大專,-15.763579011415768
六個,-15.763579011415768
產學,-15.763579011415768
不景氣,-15.768687286126395
一顆,-15.811356022237492
低利率,-15.811356022237492
這年,-15.811356022237492
稅制,-15.811356022237492
建中,-15.826636201873589
進去,-15.826636201873589
利空,-15.83471420187056
高點,-15.837935507634006
擅長,-15.849322864487643
強勁,-15.85094509891129
再起,-15.851579009355788
減產,-15.898015513072655
場域,-15.898015513072655
將出,-15.898015513072655
七年,-15.898015513072655
帶頭,-15.914113053738475
這批,-15.914113053738475
七月,-15.914113053738475
夫婦,-16.001598067222304
熱議,-16.001598067222304
石化,-16.014054504271602
廈門,-16.014054504271602
李世光,-16.017465566376252
國泰,-16.0183196916411
貨量,-16.056464782217045
減年,-16.10667429238768
大展,-16.126622181676883
兩成,-16.158078447156225
應付,-16.158078447156225
首個,-16.175332598239944
轉投資,-16.176592145686477
兩周,-16.176592145686477
更進,-16.24479367579393
頻傳,-16.24479367579393
大漲,-16.254972871319392
年將,-16.264100998759364
擴大到,-16.264100998759364
五個,-16.268743992298127
格局,-16.275087603410594
恐將,-16.28368426454332
大同,-16.284952124115087
飆漲,-16.294589902040006
文學,-16.35158129499712
湧現,-16.364200826966627
下修,-16.37861696901572
回穩,-16.380042647687365
金牌,-16.439709488637355
基本面,-16.44405123994338
名列,-16.447592202617926
用水,-16.450080905159506
合成,-16.462672465217565
日月,-16.535979582426403
職缺,-16.59178811421313
之路,-16.593591892628048
響應,-16.614212783355065
多來,-16.62189665287352
星期,-16.678569310000093
業的,-16.693706810098643
雙贏,-16.707831913634887
中止,-16.765363231141993
問卷,-16.765363231141993
創歷,-16.77876920358257
紀律,-16.78931312236727
返國,-16.78931312236727
角落,-16.79224705183468
信貸,-16.79224705183468
天內,-16.793785164816953
反觀,-16.799173257548034
報點,-16.844849053733082
升溫,-16.858533761228347
類別,-16.863854317610528
普當,-16.87687407115132
剛剛,-16.938988650650355
震央,-16.964442083802616
未達,-16.968530220109223
不行,-16.968530220109223
可為,-17.025819855444755
畢業生,-17.051750905406788
熱銷,-17.051834141149936
新車,-17.05201707052624
美分,-17.056675283814613
百萬,-17.056675283814613
最深,-17.11266319835893
一支,-17.137774176910103
穩固,-17.139598943042802
排定,-17.144822624274457
憂慮,-17.18232499584096
承接,-17.18232499584096
人均,-17.199518538251958
淨利,-17.22381448209459
大戰,-17.22381448209459
財委會,-17.22718761455658
上游,-17.240734899780875
受益,-17.265761481469482
企業家,-17.286385736162686
學界,-17.309871637802388
降溫,-17.309871637802388
混合,-17.314782999724518
起跑,-17.314782999724518
萎縮,-17.358267208231847
物料,-17.358830849269918
物理,-17.373264655267846
新創,-17.389082547091636
火力,-17.39594546349217
美日,-17.402385014625942
腫瘤,-17.402385014625942
心聲,-17.402385014625942
新款,-17.414502784610786
驚訝,-17.46015516084105
轉虧,-17.473458580421894
第一天,-17.4820357811926
趕緊,-17.489993576733045
梅姬,-17.489993576733045
優異,-17.498888544981583
雙雙,-17.508439419349575
新一波,-17.545325995347103
無力,-17.57760860488212
慣例,-17.752857741304133
親節,-17.76191518378332
這兩個,-17.801226002078824
首批,-17.807830424463155
停工,-17.811211315591585
版圖,-17.84049169382095
思維,-17.84049169382095
流動性,-17.886566541384266
看準,-17.894776912122072
聯想,-17.894776912122072
十足,-17.91272869509533
股利,-17.91681785884653
一期,-17.97192701803533
半小時,-17.97192701803533
評鑑,-17.998914365758917
仍須,-17.998914365758917
衡量,-18.01577798753482
利多,-18.103131498193765
近個,-18.115626412350277
展台,-18.142707006594637
精密,-18.18271166969154
多出,-18.233944535232688
中有,-18.24266986020418
擺脫,-18.26176487270166
模型,-18.278752296485358
瓦斯,-18.278752296485358
李登輝,-18.329669254349536
排名第,-18.34380861422235
未見,-18.366422078356557
用電,-18.366422078356557
微笑,-18.37910781972305
居多,-18.399021730216848
億萬元,-18.41073353502901
準則,-18.41667888054665
元件,-18.428716752097134
將由,-18.428843215820244
多重,-18.430069289199007
交易日,-18.440624647575696
院士,-18.48449782670603
仍有,-18.495414250687308
巨擘,-18.503698626355416
外傳,-18.51634450532384
產值,-18.544864649680548
從業,-18.5554656865522
補償,-18.569992548477618
日本央行,-18.572547963756644
加深,-18.572547963756644
彭博資訊,-18.604584611000483
新春,-18.629465495055893
科技部,-18.655505717583058
好轉,-18.65750265831022
滲透率,-18.677768035224798
一環,-18.677768035224798
前一天,-18.677768035224798
談及,-18.71715776829741
變數,-18.729607218654422
明會,-18.762734089205974
充電,-18.764817481493747
高盛,-18.804855499976004
天下,-18.82673498893217
不妨,-18.851876613733207
儲存,-18.85637306341648
觸控,-18.86158784369935
瘋狂,-18.892558626374495
震盪,-18.931664055359743
漲勢,-18.967307566838375
第二天,-18.980267084763586
七成,-18.986966340215567
總量,-19.02602351952282
爆出,-19.03429299590752
分局,-19.08458204732969
電機,-19.10838646385168
績效,-19.10838646385168
外國人,-19.120665955782425
宏達,-19.134006534742333
周三,-19.15188168470254
可期,-19.155333255323864
意在,-19.155699751421693
基期,-19.160679248977804
注入,-19.163037518433107
除此之外,-19.20020793421751
仍將,-19.246647044354432
全球化,-19.25459994464981
前三季,-19.25459994464981
第一季,-19.293451968114574
頒發,-19.293451968114574
期刊,-19.293451968114574
宏達電,-19.300103454771946
零星,-19.3311530171594
而定,-19.374429062575487
歐元區,-19.379864755934307
管理局,-19.3994788808137
隨機,-19.444744557188564
聯名,-19.46155315199046
這條,-19.50662641381581
遴選,-19.50662641381581
耐心,-19.5255587229492
校友,-19.548686131677513
終結,-19.548686131677513
疏散,-19.548686131677513
避開,-19.5527292463023
一倍,-19.5527292463023
大大,-19.5527292463023
鏡頭,-19.564690509160556
流出,-19.594370518802776
第六,-19.594370518802776
前院,-19.594370518802776
磋商,-19.61375886835331
產品線,-19.63582790838204
等國,-19.63582790838204
怎樣,-19.63582790838204
疲軟,-19.653967474785713
將面,-19.67540493610631
過關,-19.67540493610631
微軟,-19.744220709902248
衝刺,-19.768778618408348
晚宴,-19.769873264691302
四大,-19.79323693152916
必然,-19.812121373477755
頻頻,-19.827688523401505
傳聞,-19.854532568769276
改成,-19.85763179711588
送交,-19.87836857457935
將舉,-19.89730510741527
前天,-19.89730510741527
完畢,-19.89730510741527
跨足,-19.94539503155356
第一家,-19.94998492823233
收成,-19.97161658337462
開業,-20.033162915759736
猜測,-20.054782584263265
簡化,-20.07166557298524
仍維持,-20.090817193398873
注重,-20.100495043650923
稅收,-20.120935398260976
筆電,-20.158150470936796
共計,-20.197707225804837
全額,-20.197707225804837
推升,-20.204811120366514
大事,-20.246059095767528
活化,-20.246059095767528
介面,-20.28353988839597
不振,-20.28353988839597
中立,-20.287262971606904
支應,-20.296493956025742
靈活,-20.296493956025742
神經,-20.296493956025742
專利,-20.306565563335315
打入,-20.329025588671
如期,-20.331237007391973
電動,-20.355778429311542
債權,-20.384279932072037
第天,-20.41779787261917
稅後淨,-20.45603297803444
量化,-20.472070307952073
走高,-20.519329909949715
收元,-20.54817517390356
市況,-20.550816100706612
一代,-20.61122849149851
學位,-20.624888444728033
下挫,-20.637290659174234
招牌,-20.647664068606854
方針,-20.647664068606854
純益,-20.652915362377527
分布,-20.682183160148792
依序,-20.74747967300382
徵詢,-20.769431373833942
淨值,-20.769431373833942
運轉,-20.769431373833942
原訂,-20.848004552559047
先行,-20.848004552559047
增年,-20.848004552559047
主角,-20.850773769501252
驕傲,-20.85668720578243
首波,-20.86684105169169
不具,-20.88478989204361
框架,-20.91108653492074
每週,-20.943950580064712
激增,-21.031221421756957
興起,-21.031221421756957
抱持,-21.04739214486826
洽談,-21.0867222026908
鋼鐵,-21.091005192616628
微幅,-21.108078240940113
回台,-21.11069273974019
負起,-21.113385045898525
豐金,-21.118499656924406
途徑,-21.118499656924406
撤離,-21.118499656924406
有家,-21.25316187174944
窗口,-21.26237401466652
增至,-21.264194700440953
意圖,-21.284025939277115
進來,-21.2930780167941
邁進,-21.298199824209462
激勵,-21.34283644624824
終身,-21.380377998427488
擴增,-21.390110627857073
各大,-21.457401324830364
高階,-21.458190839242686
過往,-21.467685087367403
外面,-21.467685087367403
一批,-21.467685087367403
位數,-21.472506829775334
富邦,-21.539841980949657
難免,-21.544104596208296
疫苗,-21.554525032422827
匯入,-21.554999214386843
私募,-21.554999214386843
目光,-21.61372472588446
首見,-21.61372472588446
擴散,-21.63081812705011
性能,-21.63081812705011
認列,-21.639741712416694
敲定,-21.639741712416694
院校,-21.717541824087938
不動,-21.724440802640117
溫暖,-21.729648310222487
拍板,-21.805413489609137
天數,-21.805413489609137
供電,-21.816983145007843
增幅,-21.82167002925188
配套措施,-21.877277686387302
本業,-21.891019349298816
大校,-21.891019349298816
首日,-21.893895780978696
總經,-21.90432474978295
攤位,-21.91712226861047
一分,-21.965136070020925
增溫,-21.972410615452088
增資,-21.99167305965973
蔡正元,-21.995695084607835
上下,-22.048876122003996
選區,-22.052998088941585
終端,-22.05581069998565
摩根,-22.14720445945653
充足,-22.15130961579784
接見,-22.166389539285834
剛好,-22.166389539285834
好奇,-22.166389539285834
已知,-22.17217115382794
證交所,-22.20722060855006
路透,-22.25862589339671
社會責任,-22.260410862728968
歌手,-22.31660558898461
輔助,-22.324884754819525
例子,-22.341132081079078
電廠,-22.347823438641594
開票,-22.40448178309329
下個,-22.42851297161994
稍微,-22.42851297161994
實地,-22.42851297161994
道理,-22.436893568450266
第一名,-22.5385355680659
五成,-22.55669308416038
新制,-22.580244500924245
身亡,-22.60329369137625
有如,-22.60329369137625
跌破,-22.61914908789554
發會,-22.657352163295894
觀望,-22.65825523318208
第一步,-22.668130955782427
外流,-22.668130955782427
陣營,-22.672147880980805
行情,-22.679065440789007
無線,-22.70927160394207
加大,-22.753177649836825
紅色,-22.756020762788964
周末,-22.75898669134635
宋楚瑜,-22.75898669134635
他並,-22.778099270593636
走低,-22.779949926289454
手中,-22.786221129939143
超出,-22.843913888644376
同事,-22.865511238192205
一股,-22.865511238192205
付費,-22.931810300488763
年輕,-22.931810300488763
國際化,-22.932691384335943
極大,-22.952929248911683
差點,-23.00275492965151
美國聯,-23.00343343110118
表面,-23.019709965894613
預購,-23.123860382448004
各有,-23.12778317726721
首例,-23.14286653227215
周一,-23.18544339612218
誘因,-23.195518929800034
物聯網,-23.206409717596248
報價,-23.22577775798604
釋出,-23.25479070614367
收回,-23.28020688112141
慘重,-23.283428165543295
多款,-23.302660617549762
挑選,-23.302660617549762
歐美,-23.361519122369913
外觀,-23.37134052932191
備受,-23.382750546750596
辨識,-23.45162964896647
攸關,-23.454016472222353
高等,-23.45925599076658
登台,-23.45925599076658
零件,-23.469069908528056
好事,-23.47756114226976
三天,-23.507291967964466
態勢,-23.51453131811236
上演,-23.52304758975115
二日,-23.52304758975115
第一位,-23.547174519899905
毛額,-23.63509608713003
瑞典,-23.652484334238572
偏好,-23.677478292268642
月台,-23.784353911533408
輸入,-23.81094821940414
全都,-23.81445813592712
縮減,-23.84772849630228
搭載,-23.849028913883647
選人川,-23.8988787271372
正好,-23.8988787271372
最為,-23.918251514629432
忽略,-23.987217480360787
大致,-23.999080206116044
課稅,-24.00239710083346
持股,-24.110704264165253
將可,-24.149586938891055
顯得,-24.149586938891055
推估,-24.16082099638742
垂直,-24.177385889865953
握手,-24.20194300452515
矚目,-24.23656946394796
翻轉,-24.250629716902957
當下,-24.250629716902957
停滯,-24.250629716902957
供需,-24.332863197499837
疲弱,-24.35966367318834
避險,-24.404553871567558
中期,-24.410557922839534
體質,-24.439908511479338
可惜,-24.439908511479338
有力,-24.439908511479338
一筆,-24.439908511479338
發光,-24.439908511479338
自台灣,-24.439908511479338
學童,-24.46673237717842
英國脫,-24.483847536564852
吸收,-24.505748240066275
中油,-24.505748240066275
強力,-24.519013493707664
推測,-24.52934990173264
有別,-24.584577163521526
失業,-24.592206023218175
收點,-24.601828858855974
眼鏡,-24.602425745748917
重心,-24.614620573851163
離岸,-24.643262872423513
實習,-24.70247735817315
引領,-24.765151716847193
稅前,-24.79001037088892
中將,-24.845662636546365
外商,-24.877548342798157
文教,-24.938137061253904
教室,-24.95426515579482
糾紛,-24.95426515579482
增添,-24.961066302575393
極為,-24.965091231025994
趨緩,-25.00242289171707
當作,-25.106814571140838
為題,-25.130200632793667
點名,-25.130200632793667
經理人,-25.171092451030027
回溫,-25.194620011812244
流失,-25.218172230393574
概況,-25.218172230393574
裡面,-25.22774897222235
有利於,-25.296025533669297
動盪,-25.31531110672698
看出,-25.469765563134526
減碳,-25.482102180624118
獲准,-25.482102180624118
半數,-25.490449463305875
耕耘,-25.490449463305875
手續費,-25.525963852403343
力推,-25.57762635811018
單月,-25.620695534419085
助益,-25.638990214956642
銀行業,-25.66560633875568
偏鄉,-25.717045681329772
利基,-25.72432975082269
聯網,-25.725355325229273
願景,-25.753191623520983
缺席,-25.753191623520983
曾銘宗,-25.7907891570735
不了,-25.80991287118055
中華電信,-25.835721723141887
震撼,-25.91493092121691
軌道,-25.921776087225904
拜訪,-25.92203460645157
一部,-25.928375695874294
高壓,-25.96734302637774
出手,-26.01597440823765
跡象,-26.052527993697428
高速,-26.063964856104405
實上,-26.10357752193891
並與,-26.10357752193891
將與,-26.152055526048404
智能,-26.152055526048404
崛起,-26.155782532334356
強大,-26.1800057805925
這幾年,-26.191185000401862
優化,-26.237452021666833
加重,-26.239202755773082
部副,-26.278796807454437
走跌,-26.29045673479159
威力,-26.323376404405852
行人,-26.366412907323177
層面,-26.413516648401508
端午,-26.45815159297071
逼近,-26.522552478758335
電源,-26.524464515789813
擬定,-26.53803876805687
兩項,-26.541657844375468
附加,-26.57971658347427
總數,-26.62604841436718
科學家,-26.62604841436718
眼睛,-26.6292866119562
化解,-26.658902908882123
黨候,-26.673586656319088
雙向,-26.714060264763475
退休金,-26.714060264763475
新建,-26.756730407217045
通信,-26.762220763980324
集結,-26.802074300190256
出貨量,-26.827802439512105
下一代,-26.829016251325008
新一代,-26.836547417926752
日經,-26.84941240886848
適時,-26.84941240886848
驚人,-26.955276149024574
這一,-26.978108851005302
安定,-27.01684325577229
營業額,-27.10356391406417
不公,-27.155145270654078
謹慎,-27.195779247193602
探討,-27.19824002192231
基因,-27.203297505906125
玩笑,-27.24217660099683
第名,-27.263071719677068
原定,-27.3304634835207
行事,-27.3304634835207
流量,-27.3304634835207
成分,-27.372689799586098
爸爸,-27.379872888455445
國內外,-27.381744788387884
其餘,-27.407301367200443
物價,-27.450526849870865
里程碑,-27.45992352223886
當成,-27.45992352223886
錄取,-27.506263028896527
更具,-27.52196626463139
夫人,-27.54716307476836
清查,-27.59429590722885
盈餘,-27.660086711805807
對策,-27.681146375714427
太大,-27.68233079158277
迫使,-27.68233079158277
浩鼎,-27.72165949412296
隨後,-27.731376740200037
中信,-27.800107788417645
革新,-27.858406511301716
午盤,-27.884406908858534
可是,-27.884406908858534
這將,-27.884406908858534
科大,-27.884406908858534
強震,-27.886396491522433
將於,-27.896178711353034
新年,-27.896178711353034
波及,-27.896178711353034
知名度,-27.946447313605578
高低,-27.971205881908034
不得不,-28.03188960132282
倍增,-28.03188960132282
大宗,-28.070720387036125
購案,-28.12253472181908
受限,-28.24921349358663
一座,-28.24921349358663
加快,-28.336198144743918
重啟,-28.40531259587708
第五,-28.49215594255489
熱門,-28.54825369609066
八年,-28.56278635875004
唯有,-28.65084223981774
主計,-28.733549627132543
意義,-28.738899936994496
第三方,-28.738899936994496
瞄準,-28.738899936994496
延燒,-28.738899936994496
還未,-28.76910511708616
將為,-28.76910511708616
價位,-28.79135543687012
清理,-28.826959435555082
多月,-28.89501163045926
將進,-28.89501163045926
陸股,-28.907593990875355
一口,-28.907593990875355
學系,-28.90899950348087
保守,-28.910435507776057
作收,-28.972532143782118
蓬勃,-29.08446290297665
首家,-29.10025860140176
周二,-29.118423885418704
導入,-29.15345368235354
一成,-29.199435836999815
講座,-29.199435836999815
選情,-29.25993962072371
進出,-29.25993962072371
所長,-29.25993962072371
說過,-29.267283444728033
本週,-29.293113809472818
人家,-29.347682911040398
福祉,-29.355353451105465
設有,-29.355353451105465
第年,-29.38046627861346
降到,-29.391273184790187
首季,-29.421463983954453
一一,-29.435429455944387
向上,-29.454850711099283
每位,-29.458771041758876
匯市,-29.467823704718526
放款,-29.53149855825411
僅有,-29.555186052381103
連鎖,-29.610932211876563
勇敢,-29.610932211876563
社團,-29.675562846712282
差不多,-29.729925372429367
以利,-29.786447695673825
應有,-29.882597572666093
其它,-29.883808776715494
實驗室,-29.904683962159922
月薪,-29.94047308904452
招生,-29.97189042269598
把握,-29.98565945333352
兼顧,-29.992070398142754
額度,-30.05652291240969
自家,-30.11151351078377
之所以,-30.13751609447743
常常,-30.13751609447743
完美,-30.13751609447743
依舊,-30.1435102679023
杭州,-30.148058535029012
空中,-30.148058535029012
照明,-30.148058535029012
防治,-30.148058535029012
恐慌,-30.166857385104247
重諺,-30.166857385104247
下台,-30.170822153067654
指派,-30.236144976405512
職演,-30.236144976405512
表態,-30.248918110191287
基本上,-30.25425787012498
榮譽,-30.313068642511166
解散,-30.32423299148646
節省,-30.32423299148646
實境,-30.335178865818364
站上,-30.338068453048667
排放,-30.341662972712918
穿戴,-30.356827181544986
交付,-30.400849425177178
這波,-30.418110076439383
放緩,-30.49685551108796
低溫,-30.500413694215524
壽險,-30.500413694215524
秘密,-30.500413694215524
雲林縣,-30.58850635790177
擴展,-30.665460236940074
會將,-30.672001524995054
專門,-30.69132891888908
人氣,-30.70119301397541
動態,-30.70119301397541
放大,-30.72450541477833
爆料,-30.764696250929855
毛利,-30.787307746324696
邁入,-30.831671434598334
起飛,-30.839797553762356
登上,-30.841619198274273
緩慢,-30.92759587337051
劇烈,-30.9536253138411
污染,-31.000156302431222
評價,-31.010713516275082
身心,-31.028992331231667
監理,-31.088466157317495
重返,-31.12327341145866
強度,-31.12851146804508
太多,-31.189541106337337
荷蘭,-31.189541106337337
補貼,-31.215961022660174
低調,-31.215961022660174
參展,-31.27616065425188
成共識,-31.278817439802054
真實,-31.29330162931122
飲料,-31.303414856359684
谷底,-31.362787567676904
心態,-31.362787567676904
時程,-31.371660736299784
動力,-31.374055508218877
區間,-31.380821398867546
披露,-31.38140761442371
前夕,-31.38598723499539
獎金,-31.46951502437657
拖累,-31.52464319543449
點分,-31.53588470522047
這塊,-31.55762384851014
股東會,-31.571289771054925
新藥,-31.63008330403619
公股,-31.645734076270845
以此,-31.653272403747177
未有,-31.653272403747177
機上,-31.653272403747177
善用,-31.717906544707088
觀賞,-31.794960281951095
大增,-31.818748168356073
已將,-31.893561021999773
高出,-31.91570909425004
一波,-31.964354973945955
熱潮,-31.96937839244433
自動化,-31.993854956647223
生涯,-31.99818881615231
氛圍,-32.02514092653079
準會,-32.0366393832822
下周,-32.0530641597906
流通,-32.086305907366125
成交,-32.134983115998494
玻璃,-32.14275379580517
已達,-32.14275379580517
如下,-32.178182267006974
人大,-32.22945190431761
預告,-32.262544107328765
四成,-32.332742992514305
機密,-32.35066519647989
商用,-32.42058708882669
容量,-32.42517375046982
特地,-32.43878759883799
配備,-32.44069119720497
分散,-32.49400880380713
擴張,-32.523987836564906
接軌,-32.52820199751873
支出,-32.5736152052221
萬台,-32.61503630501899
親自,-32.639806406009754
中長,-32.64253565541324
顯示器,-32.66304483667856
打開,-32.68406396603879
元首,-32.70316258999424
招募,-32.74978361268854
分歧,-32.74978361268854
發酵,-32.75723393803144
限定,-32.77198855925394
兩大,-32.782402731697545
高興,-32.79075750969515
華爾街,-32.836529023948216
開展,-32.85984511205045
小幅,-32.860590498476796
工商,-32.87897344701102
機車,-32.87941897727471
性別,-32.967549061271384
黑色,-32.967549061271384
查核,-32.967549061271384
樂觀,-32.968263591221564
投資者,-33.02936368553569
籌備,-33.03138659042068
靠近,-33.055680393445996
銷售量,-33.10406173607607
贊助,-33.11970558106559
接待,-33.12342934499605
工資,-33.14381296486172
流入,-33.1912327447524
席次,-33.1912327447524
調度,-33.1912327447524
基準,-33.217334744397746
風潮,-33.23194676666682
發電,-33.32008179009369
減輕,-33.32008179009369
審核,-33.403518657587156
估算,-33.44392937870239
玉山,-33.472470304316374
書面,-33.472985132799415
循環,-33.61752983331964
融資,-33.62716293871979
期許,-33.6506619258626
預計將,-33.672633927554514
短短,-33.67353695029679
中旬,-33.68134479672557
亮眼,-33.69075168556214
減弱,-33.71436379203449
走上,-33.73854214794131
吸引力,-33.73854214794131
回收,-33.7595124188886
建物,-33.76077493045048
引爆,-33.79115528952238
總監,-33.80156951283333
兩家,-33.81941242193867
社長,-33.82642465006961
募集,-33.937060440218445
升至,-33.93811187525282
節能,-33.964805453749925
硬體,-33.976444456095
眾多,-34.01645742191599
之中,-34.01645742191599
顯見,-34.01749143049909
獲獎,-34.02520493075488
環球,-34.02520493075488
等等,-34.06600847649979
本地,-34.09123776015822
首要,-34.10403414105248
正向,-34.13848003701952
扣除,-34.18952080079486
精彩,-34.20149734286233
無關,-34.20149734286233
夏季,-34.23767009450284
規格,-34.247328002174854
勞資,-34.289645248548915
第二次,-34.3537667001619
售價,-34.36678486858533
英鎊,-34.36678486858533
工時,-34.37779427685675
曾任,-34.37779427685675
重挫,-34.43256615762705
價元,-34.436818274242384
國營,-34.441664743559386
契機,-34.441664743559386
適逢,-34.46594442002577
陪伴,-34.5328568256001
交易量,-34.61746730181769
統一,-34.619743275604776
一片,-34.66443674044923
仍會,-34.671097251825636
宣告,-34.75588647066913
韓元,-34.761145342970714
青睞,-34.77143931815722
新光,-34.79189092698434
太陽,-34.79327839470005
低點,-34.82763661491679
大跌,-34.84360497503304
偏低,-34.84419213385309
轉變,-34.84419213385309
機種,-34.84672418405292
落幕,-34.84840721681533
引擎,-34.84840721681533
訪時,-34.8811871068374
用途,-34.906711592136254
普及,-34.99486826545059
四個,-35.02294443264782
意味著,-35.08302600125867
郭台銘,-35.19023531202615
原有,-35.197499428207344
券商,-35.19959944590899
明星,-35.24283703744963
交由,-35.24283703744963
檢測,-35.260588165436175
世紀,-35.40868284344698
轉向,-35.44661963088016
回歸,-35.459364799166906
慶祝,-35.50444663904671
罕見,-35.50571548260827
三大,-35.554948588766514
有待,-35.58453099486674
單純,-35.61199432914937
見度,-35.6877875345733
部位,-35.80064630520312
交割,-35.856263601629514
綠能,-35.875389176280024
結盟,-35.876492267006974
朝向,-35.876508442103024
改選,-35.94390827766709
專區,-35.96466024162677
上櫃,-36.119206675525845
終止,-36.17023070176892
南港,-36.200061447532704
活力,-36.2068603608721
湧入,-36.24389967041692
今年初,-36.31136162444541
男女,-36.31734194136158
算是,-36.33252605726746
產量,-36.33252605726746
研判,-36.382176614309664
精品,-36.38774136703038
弱勢,-36.39135371895729
控管,-36.46388895970008
單季,-36.48750968762963
刻意,-36.58186332772012
核准,-36.60583535693109
營造,-36.63978331050188
手法,-36.63978331050188
之處,-36.645172935378206
群島,-36.645172935378206
買氣,-36.662113154911886
選項,-36.67003901561509
上揚,-36.70964731792241
持平,-36.73084518923604
連假,-36.74634559101592
密集,-36.74634559101592
對岸,-36.76926082026266
不良,-36.815685026910074
架構,-36.8910584825336
總處,-36.90819516761923
難度,-37.079551212707365
接手,-37.079551212707365
幾天,-37.1109313731044
職場,-37.17124285107112
三成,-37.18145676195429
值得注意,-37.2310603794591
獎勵,-37.25547094693334
第個,-37.29156854027162
或許,-37.34343346416564
最長,-37.34343346416564
計師,-37.37547770742779
金屬,-37.377875939027476
發表會,-37.39923354113987
暗示,-37.43139773369222
開車,-37.4636616038411
身份,-37.4636616038411
審慎,-37.46824091574619
建置,-37.47387705083802
個案,-37.522011911675555
看看,-37.522011911675555
照護,-37.5360656378742
獨家,-37.572491676104676
機械,-37.591987964892816
年增率,-37.594488473600634
線上,-37.64003203994566
光是,-37.643024155048614
事先,-37.6953009491905
各個,-37.6953009491905
搶攻,-37.73042138893317
財富,-37.78327212148048
多元化,-37.871244993288265
邀集,-37.87282438590546
毛利率,-37.88488654551412
憂心,-37.900830745991
建仁,-37.90459421847249
並有,-37.95921955431373
慢慢,-37.99263529660473
展覽,-38.04719579433984
不大,-38.049063285764795
往年,-38.139132276379534
編列,-38.16916409465938
腳步,-38.18273458653144
色彩,-38.22315327093617
加工,-38.22367926997759
環保署,-38.254882081519476
今年底,-38.32690427244891
電台,-38.34230488801206
承受,-38.345548217022255
投信,-38.38969735012615
好像,-38.39911734297071
降息,-38.416759127834496
落差,-38.43374152387387
力道,-38.448834255965174
一日,-38.56955531641171
平板,-38.59485023915131
今早,-38.59801224702119
引導,-38.66307564537148
並不,-38.69203164230137
還沒,-38.748858125150974
轉移,-38.7510649592859
兩位,-38.79660790046962
記憶,-38.83597998023831
演說,-38.83905586385091
變遷,-38.83905586385091
北美,-38.84117513707867
觀測,-38.874720308937796
合約,-38.92380781733248
電池,-38.92380781733248
前進,-38.92551240489245
率先,-38.96220462696827
主力,-38.98845162040561
比起,-39.01325282763162
生存,-39.015042407284135
開啟,-39.09737226335503
贊成,-39.13931719950008
新產品,-39.15472522532515
哪些,-39.191035201113735
母公司,-39.19190676649564
一向,-39.226963053039015
材料,-39.31158817532779
旅館,-39.36703417194953
坦承,-39.36703417194953
整理,-39.397249485648075
逐年,-39.39915642357296
談會,-39.40392114274394
拿下,-39.432587723365
滿意,-39.43748439951991
虛擬,-39.446409199128766
推進,-39.45199155654955
秘書,-39.49212400207728
總體,-39.533113734090236
話題,-39.539746529382604
連結,-39.566114467802535
排名,-39.59014878584824
頒獎,-39.63104405235988
部落,-39.71905035677925
獎項,-39.74449891859485
時將,-39.829023517540264
帶領,-39.82976571100053
美好,-39.83283919733084
觀點,-39.98307818081958
支撐,-39.99249179130315
本市,-40.04535117589888
轉為,-40.06261898996571
緊密,-40.06632583151947
邁向,-40.07109039714521
何時,-40.09148583356982
察院,-40.10956516852653
領先,-40.20588864602432
本人,-40.24711919144937
損害,-40.309593364994086
中秋,-40.353976985168835
閱讀,-40.374193893462035
面板,-40.43666735963194
太陽能,-40.466412763961614
日止,-40.546223917771336
有趣,-40.592987912051484
直播,-40.63882909619066
兩者,-40.68721623321964
手上,-40.72704224998952
增進,-40.77523987168563
開賣,-40.79152507809066
兄弟,-40.81525610655276
加班,-40.85634914607638
現身,-40.903470661722004
傷亡,-40.944140615904146
銷量,-40.96656592416379
聯準,-40.9833776633844
實踐,-41.03931910364329
作家,-41.03931910364329
開拓,-41.1681184777713
走出,-41.189885283358294
外籍,-41.215378777251665
朱立倫,-41.24631184412168
秩序,-41.25633578643094
總額,-41.29513292457789
盡量,-41.30341064660584
簡報,-41.34455377338951
倒塌,-41.34455377338951
一部分,-41.348754719358105
即便,-41.46765590069775
減緩,-41.491760880835855
生技,-41.606321306653946
所致,-41.6668495889606
四年,-41.71337441156486
抱怨,-41.74359001663872
以元,-41.78817353509017
看待,-41.81740152294055
用品,-41.86472200401726
說現,-41.962098345122094
下旬,-41.997804658470606
凸顯,-42.085623517574895
合計,-42.133838112228204
新型,-42.138545535019425
受損,-42.14971923947803
畢竟,-42.183802082728626
森林,-42.218103342970714
瑞士,-42.35989586248486
為主,-42.39225008962471
薪水,-42.41157042521028
各部,-42.5359946742456
彭博,-42.54246561157892
汙染,-42.57967464576716
融合,-42.624045949910496
受理,-42.78824652836694
主流,-42.79812663128761
考驗,-42.80015220681323
董座,-42.82723225295685
主導,-42.876083264316534
不確,-42.914241882978345
創立,-42.9325891508131
成交量,-42.97434658217337
揭露,-43.01311438788714
排隊,-43.0208193055767
興建,-43.06796903639145
企圖,-43.08827417437196
看見,-43.109050064845654
意味,-43.1752967948293
大廠,-43.2065385873941
留意,-43.21132601428619
竟然,-43.24043915333262
行列,-43.37374593578708
選前,-43.403143951854766
轉述,-43.41656231595177
實驗,-43.459296620444974
言論,-43.55021281057122
上限,-43.6085511903621
兩次,-43.66669973906983
除非,-43.66669973906983
暑假,-43.66669973906983
加碼,-43.68721224829768
大力,-43.76882273196554
小型,-43.78203869859763
周年,-43.84241284290985
博士,-43.9203560386419
戰爭,-43.94495988524807
電商,-43.98505214707416
一再,-44.03164102176961
進駐,-44.13282435430485
有點,-44.15805602115338
公聽會,-44.338449879738654
服務業,-44.38532263320627
敏感,-44.39405487888657
進而,-44.39405487888657
消息人士,-44.47339854030506
程式,-44.47339854030506
最受,-44.520821725457935
各類,-44.55741102136478
消失,-44.69730334317687
干擾,-44.823373111092856
休假,-44.98472286392175
自有,-45.0018769949598
不及,-45.031800389683916
南下,-45.07260508215778
親民黨,-45.07260508215778
存款,-45.17092146797819
著名,-45.17804510960536
專注,-45.2483746144724
主打,-45.258575451090124
本周,-45.49403437501203
半年,-45.517507388698014
生意,-45.57974360555577
智慧型,-45.584401063096024
早就,-45.69688074121339
某些,-45.706574721125975
臨床,-45.79466661778157
上漲,-45.83871847567499
申報,-45.865382768671886
警戒,-45.88275953685265
掛牌,-45.92335583176912
深耕,-46.047566747915816
鴻海,-46.06466902492271
不知,-46.215225705719355
預料,-46.370619527447126
前年,-46.43374368207295
防止,-46.462235421249765
試驗,-46.47894630950738
一開始,-46.485160622732685
不便,-46.499438162766516
首位,-46.499438162766516
時機,-46.51787815358552
記錄,-46.51787815358552
據點,-46.55048733397115
領導人,-46.55048733397115
如同,-46.57366373763973
開心,-46.638739732848
接獲,-46.67564096517648
進場,-46.74373440582205
失望,-46.749047187293975
比重,-46.80396554147377
財產,-46.827620201609825
局面,-46.830595749437364
風格,-46.85184765419021
動能,-46.92424862942231
明日,-46.961661465207975
新品,-47.01731324137446
允許,-47.0280581908117
差距,-47.14100297444672
日東,-47.25407219027853
特性,-47.25571967926639
替代,-47.27019217426006
歷年,-47.28348408969525
酒店,-47.358116001775684
競賽,-47.358116001775684
掀起,-47.44604132648899
差異,-47.52072279423994
出新,-47.64482481799042
衍生,-47.90916725909186
幕僚,-47.976971929577815
聚集,-47.99728322422847
家族,-48.06155992308656
不見,-48.09228459963634
重要性,-48.15242317314563
地產,-48.22736322716307
本案,-48.22736322716307
部份,-48.24015184690843
這家,-48.26163651156085
經典,-48.26163651156085
研討會,-48.31562439888123
教學,-48.3278825428985
優秀,-48.52977643705943
駕駛,-48.56012732956531
人壽,-48.58920358446823
民國,-48.58920358446823
尺寸,-48.647661269758814
稅後純益,-48.71576336938882
深刻,-49.021729372402284
調漲,-49.028945216402434
詳細,-49.14287123374559
調降,-49.244521390272446
解除,-49.27649919949028
年期,-49.374792034804265
空氣,-49.407258341213385
解讀,-49.42829973733822
房價,-49.46305873755365
選出,-49.468561481202876
但現,-49.49538905062936
五年,-49.51608713394323
行業,-49.556680257082625
曝光,-49.58002074177784
將是,-49.617748186844544
本來,-49.625651786934306
內外,-49.68859170939179
報酬,-49.712947678221745
發文,-49.727861302153094
觀念,-49.727861302153094
加州,-49.73260264778501
分配,-49.808482153421494
涵蓋,-49.81612963573659
總會,-49.81612963573659
未來將,-49.842638350065194
幸福,-49.936054970630146
平等,-49.992667508998046
傾向,-50.02419060180611
財報,-50.09109762317004
不動產,-50.112327039686704
開出,-50.18088182752865
民生,-50.26040126558733
到場,-50.28860232031689
幹部,-50.34574802489767
變得,-50.346226105201026
受邀,-50.4554979444447
究竟,-50.55302119689395
環保,-50.55650918201807
負面,-50.58607342878156
治理,-50.609561256189984
現階段,-50.67666309340119
綠色,-50.69734323263609
比照,-50.7181878848804
善意,-50.72930437494
第四,-50.76073432623484
提問,-50.8057559008573
這份,-50.87538049141271
中文,-51.14020187657505
供應,-51.22517474534297
時會,-51.31186656369128
台電,-51.4041216724262
召集人,-51.4933022887336
日益,-51.5226167147484
還能,-51.59397192171649
既然,-51.669854704990534
學術,-51.698916630038646
雲端,-51.78706769655896
認證,-51.80386288872156
簽約,-51.808941782624615
專題,-51.84406921290314
動作,-51.86708467037473
新竹市,-51.96337203039468
成就,-52.108051968625325
辯論,-52.11374925665889
第期,-52.189903422895796
將近,-52.294761435690674
互相,-52.31598940759566
考試,-52.31598940759566
深圳,-52.40414554710748
關懷,-52.40414554710748
建構,-52.46435838341432
有線,-52.49230239817588
所屬,-52.55263833464286
週年,-52.55263833464286
之際,-52.55426560765191
轉換,-52.64520864601442
熱烈,-52.732825814646354
電信,-52.7398715238648
漲幅,-52.844394762521965
打破,-52.98806955489896
高溫,-53.082325270048486
大規模,-53.10942001040524
相對,-53.15570938041162
年初,-53.17094341367011
相互,-53.175712232603765
現況,-53.2585732239124
演講,-53.2730233976467
歷經,-53.28574555134996
能量,-53.29559786872161
應變,-53.33159795912062
巨大,-53.347173312638176
全體,-53.35540565366363
依然,-53.652010707656345
期貨,-53.65969962415279
足夠,-53.78859334925589
來台,-53.85824176750313
經常,-53.85862412984577
促使,-53.87322040811124
之下,-53.88910840245395
不錯,-53.923334347492876
擔憂,-53.94646721134557
不變,-53.970256415597945
一系列,-54.16741358291549
想像,-54.16741358291549
心中,-54.16741358291549
超越,-54.2333270651554
國防,-54.2555840120284
直言,-54.2555840120284
剩下,-54.3437550887891
一周,-54.56141104191909
知識,-54.57237944289721
祭出,-54.671457618387755
龐大,-54.693521250964245
培育,-54.81500554304633
付出,-54.872794991580186
不受,-54.96097052303235
訴訟,-55.029704921211284
既有,-55.124955532038626
同業,-55.17533909678693
小心,-55.22550085843197
這類,-55.26429257444831
拿到,-55.290207867597005
可達,-55.305755155537966
顯著,-55.35606647715014
進度,-55.43622547084004
聚焦,-55.474319526710055
跌幅,-55.503573641047204
影像,-55.51109587906625
全數,-55.562118345238495
接到,-55.64264413871917
困境,-55.68515207235705
往往,-55.71681302260343
販售,-55.73093562273269
變動,-55.75457812239456
財政,-55.800707884356875
失敗,-55.81922740103368
債券,-55.842759786537826
將來,-55.867624783708465
影響力,-55.907519472318086
輔導,-55.9809368864535
面向,-56.09308344204681
留在,-56.18057594079118
財經,-56.239169226593006
角度,-56.247288937420144
列為,-56.31878562765065
被迫,-56.348984178383894
還沒有,-56.37186225739139
有望,-56.39241694982535
延續,-56.48346504583321
影音,-56.50921058653705
更多,-56.52557206690324
螢幕,-56.613866436019514
總計,-56.61807250990267
出售,-56.64677169992991
潛力,-56.64677169992991
任內,-56.68530939930027
手段,-56.75821619550486
改為,-56.81279705706941
配置,-56.81279705706941
中研院,-56.839739578860005
世代,-56.86077243292538
低迷,-56.92703911648091
理想,-56.92703911648091
本土,-56.99321816014283
每人,-57.037518207805284
障礙,-57.0773648130532
完善,-57.203942440148296
陸委會,-57.23193483588533
現有,-57.25224258951259
災情,-57.32719005721527
另一方面,-57.47779987398899
舞台,-57.54927491473652
對外,-57.656312818792955
私人,-57.68065395606602
舉例,-57.75582309657153
大批,-57.782903481377815
予以,-57.782903481377815
廣泛,-57.81799900696174
原先,-57.834618273743786
形容,-57.85943912206689
是不是,-57.871098294220495
效應,-57.87123257205586
迎接,-57.93089409293081
人類,-57.98879732450009
意識,-58.00616755743718
休息,-58.02673158198702
詞時,-58.08119159316817
園區,-58.13959426780292
一條,-58.18229718931285
移動,-58.25666168347964
部隊,-58.27036331503881
因而,-58.363461059435345
反彈,-58.365571658835435
少數,-58.379392097240896
兩天,-58.44649816857988
數字,-58.48530608570864
現金,-58.49194657772262
都市,-58.534566889456066
退出,-58.55274075561417
穩健,-58.55892246927172
經歷,-58.5766761688476
開盤,-58.68110838107291
五大,-58.76093255722692
指標,-58.811515636963165
中山,-58.821314085962065
原來,-58.974923297769884
前提,-59.06299711650822
初期,-59.06905924902962
宣示,-59.13170190642592
延伸,-59.15662475271587
制定,-59.17452082686302
處分,-59.21962618396647
不佳,-59.27898323464899
過度,-59.28510657306148
爆炸,-59.395478324263784
焦點,-59.416272674603704
補充,-59.43942849708151
正是,-59.458695696697575
不明,-59.57133521432393
熱情,-59.57289539134765
永續,-59.59448228749259
研究院,-59.76761755343099
國立,-59.7926421569112
每桶,-59.80146136280996
雜誌,-59.866264641943275
規則,-59.89972451308235
簽訂,-60.010997982349245
溫度,-60.05755494087573
做到,-60.2000164917982
挹注,-60.315132914996745
生效,-60.32246987126882
面積,-60.472289952811025
參訪,-60.49908100423854
年齡,-60.517185569672634
等到,-60.517185569672634
生物,-60.538631407723116
自主,-60.538631407723116
電力,-60.645540092618624
衰退,-60.70162463911632
出貨,-60.778830929598314
脫離,-60.781818987345716
實力,-60.808899534013946
為例,-60.85814532130497
培養,-60.995953787521806
歐元,-61.088919669203946
看來,-61.120391440718905
顯然,-61.152839796216114
定性,-61.15475413666701
列入,-61.17701271580354
夏普,-61.17701271580354
坦言,-61.240628712613024
心理,-61.242205770586374
破壞,-61.311098598947055
薪資,-61.346397306025814
東西,-61.39209220001038
並以,-61.39931350196528
流程,-61.487528867057435
作用,-61.617489333766564
高峰,-61.638105160952556
商務,-61.8236937671146
此舉,-61.92861256037066
不易,-61.94299220582056
相比,-61.9694132515654
扮演,-61.97760469310088
機器,-62.00405215194798
脫歐,-62.21200527370997
助理,-62.2814876495515
巴西,-62.36970753700791
談話,-62.3752888155439
房市,-62.41039415961229
成熟,-62.54939160497916
股價,-62.5685187044266
最多,-62.69428673751815
一半,-62.71142208260985
超級,-62.73325960476221
細節,-62.825501581984156
進展,-62.83185174019414
早已,-62.90888982721825
習慣,-62.95667048967538
看好,-63.083207855599056
檢視,-63.18669868650795
各自,-63.20335757518517
遭遇,-63.25193047452639
組合,-63.27435130840498
帳戶,-63.41329412296294
推廣,-63.58992056390219
前景,-63.60004400046701
同一,-63.69305801629397
得知,-63.778075319533954
將成,-63.966531649981725
法人,-64.01485875642152
固定,-64.17261181473225
或者,-64.22242483609844
很快,-64.26072991402692
便宜,-64.26886847144722
旺季,-64.28181425684332
成效,-64.40912995716974
新高,-64.44510467774738
訂定,-64.61320897430434
自動,-64.6323137886249
幫忙,-64.66357509726848
有利,-64.7408414600336
廣告,-64.75180635776995
檢驗,-64.82632803110458
並沒有,-64.87757519767598
官網,-64.9282700749728
業績,-65.03961650993463
增強,-65.05382260968175
幾年,-65.1553255209402
不敢,-65.28120225257103
演出,-65.28905940427266
時刻,-65.58258030095789
這位,-65.79781757701576
定位,-65.81699424991601
意願,-66.09253521041012
一大,-66.1069566503321
任期,-66.15109208073906
放棄,-66.51651346148383
公益,-66.55202825244452
大約,-66.60475280149636
日將,-66.6063600089676
三年,-66.65944808810919
貶值,-66.72578350841626
專屬,-66.7282995143963
創業,-66.76127275001932
海峽,-66.76932942375313
接著,-66.78123258818692
天然,-66.86947303217559
不必,-66.95771384147787
創下,-66.98720534725106
按照,-67.15725248946907
國大陸,-67.15725248946907
研議,-67.31293762303318
去年底,-67.41180541235427
元月,-67.6156067041977
新興,-67.64545328722272
談到,-67.65254059913106
金控,-67.74676798221057
新聞稿,-67.87412088043689
石油,-67.98467843576961
萬名,-68.00582987370029
已成,-68.09771195565924
深度,-68.19312279726522
大利,-68.2680622883669
將有,-68.33650644446277
提早,-68.40299468572466
新低,-68.49465600434971
台商,-68.50911972428055
升高,-68.50911972428055
資深,-68.63713065399351
透明,-68.63853101358973
回饋,-68.72260474367388
原油,-68.79543090146629
多個,-68.80967360817003
當中,-68.90812324037198
更新,-69.02003981455547
名單,-69.05912989768383
升值,-69.07894830713154
版本,-69.16384902518229
尋找,-69.28449604052624
價為,-69.37264921036466
人選,-69.43389187597333
此案,-69.51395741955886
交易所,-69.51539749637229
印象,-69.69003628948319
身上,-69.72526731237166
來源,-69.94789065835934
辛苦,-69.95810959927199
福利,-70.02830067087613
失去,-70.13024708903136
平衡,-70.39805345141873
典禮,-70.43268342680928
員會,-70.65558237992981
彈性,-70.6641409497874
能否,-70.71491730379378
收盤,-70.7519563743443
規畫,-70.83462418664071
上周,-70.9069452190205
一路,-70.95227598560986
虧損,-70.99383712503479
資格,-71.00889327809342
採訪,-71.18683077169378
得以,-71.27488427006907
春節,-71.27488427006907
部會,-71.45053523642399
男性,-71.71552216548362
各方,-71.84115226115475
體系,-71.92932048325353
三個,-72.02708451073701
報名,-72.06884008874682
不利,-72.20138311621702
激烈,-72.22447962928433
普遍,-72.34644482786514
交換,-72.42930593922264
股份,-72.53215766959786
洪秀柱,-72.59882123269733
柯文,-72.60582901357544
人生,-72.60582901357544
等待,-72.63468388272317
澄清,-72.81102956873647
父母,-73.07555167333312
為何,-73.16372665544024
柯林,-73.21224327284801
這段,-73.30547054446704
設定,-73.30547054446704
熟悉,-73.48213423746003
股權,-73.58804970519792
全民,-73.62587956161188
同步,-73.63842271093235
候選人,-73.65879846901055
則是,-73.76061179146406
重建,-73.84152267283226
迄今,-73.89523218582087
同期,-74.26912592138119
工廠,-74.27588003997572
理解,-74.27712746786324
攀升,-74.3808946011213
追求,-74.44994948271702
勞動部,-74.45939005988214
九二,-74.4712535520821
集中,-74.54480991828541
有限公司,-74.62144143058309
收益,-74.69324378140232
學院,-74.72419445360488
公園,-74.73638120756306
將以,-74.85747251804077
滿足,-74.89527369307798
暫停,-75.0721312757484
優質,-75.1266948001792
不如,-75.14393314250606
案例,-75.14993419912877
以外,-75.30712311315094
所得,-75.3330205649995
取代,-75.3330205649995
身為,-75.36825039111645
愈來,-75.390601898381
保證,-75.45643713682561
對此,-75.50227552581184
日圓,-75.5186220373465
當前,-75.5186220373465
小孩,-75.60213953401394
迅速,-75.66450449321319
不夠,-75.74248998657653
出爐,-75.75122312228784
氣氛,-75.77080747397153
登記,-75.77880995110276
陷入,-75.79173431844752
視為,-76.0726816516312
員工,-76.11230973493241
背景,-76.29508026081514
測試,-76.36535329067168
緊張,-76.39716027440357
定期,-76.48961769869653
交接,-76.66616566646158
合理,-77.06455121688518
景氣,-77.11183244823388
暫時,-77.17266202803752
立刻,-77.19219077632822
增長,-77.23636754639641
採購,-77.41059776152257
就算,-77.46064380132049
職務,-77.54892037426598
深入,-77.54892037426598
時期,-77.57297299759522
美食,-77.63387850134983
問到,-77.72221639316052
放在,-77.76610381935473
中間,-77.79273494196077
貸款,-77.8137515424825
下去,-77.8137515424825
升級,-77.95159610781661
期望,-77.95822593071985
首席,-78.0946907553371
保留,-78.1022348917968
大部分,-78.17108202814671
公會,-78.25224614034488
內閣,-78.27863439900015
關切,-78.28387046192049
紀錄,-78.34029810842163
月份,-78.46522922849309
外國,-78.7618959623042
形象,-78.78227993845142
民間,-78.95895875792264
研究所,-78.97012921321756
當初,-79.13563801606152
仲裁,-79.15521896260272
月初,-79.39560663719269
效率,-79.48308513459654
幅度,-79.5059981630495
事宜,-79.6016800011994
波動,-79.67639333743068
科學,-79.69001852420615
未能,-80.02695533727464
比率,-80.05383076219685
說法,-80.08358872727082
參觀,-80.10904326184288
聲音,-80.19572262209186
缺乏,-80.27019122165112
大樓,-80.37389446419193
還會,-81.29012811035956
計算,-81.39741780159967
稍早,-81.4480432887402
審議,-81.46245575607837
一度,-81.49442896384487
走向,-81.53711972828815
類似,-81.60989251771836
衝突,-81.69753487556733
子公司,-81.76618119632207
施政,-81.80694132344401
收購,-81.856143613587
授權,-81.96304245173523
認同,-81.99061007547003
課程,-82.15135457731802
法規,-82.31619570341724
作法,-82.55106927842169
狀態,-82.5909526586565
達到,-82.88154334153849
畢業,-82.88340559907775
年代,-83.02251200147853
值得,-83.0683797217292
提及,-83.19909308821467
工會,-83.2873839301253
自身,-83.37606488536194
實質,-83.42124718426625
族群,-83.46303371853668
總部,-83.4644095259719
經費,-83.48718003327744
十年,-83.57836048470978
多家,-83.6460755449802
絕對,-83.75130048948436
充滿,-83.96123525917336
公投,-84.0640026789134
升息,-84.11946109831604
爆發,-84.17116999539063
本身,-84.25906741713094
並在,-84.40193732612622
證券,-84.4558912606132
民意,-84.72305756776329
所謂,-84.98289513095278
不願,-84.98393900515254
論壇,-85.05352765301498
具備,-85.14807385408699
設立,-85.42110334056756
股東,-85.42110334056756
攜手,-85.48045398842235
顧問,-85.51225036299658
管會,-85.67305522876946
運輸,-85.67305522876946
效益,-85.74032009813382
特殊,-85.82848376595669
一同,-85.8400047166802
預定,-86.00251172724796
下半年,-86.059979591734
通報,-86.22550732666373
相同,-86.34676568280744
操作,-86.60742065360283
遊戲,-86.6803035936862
可能性,-86.80628790370953
建築,-86.81917411988859
隨即,-86.92118769021707
期盼,-86.92118769021707
發起,-87.17236921761683
貢獻,-87.36729290210948
回升,-87.65082734845022
匯率,-87.68714120423446
打算,-87.70216708680148
還說,-87.79340622781645
密切,-87.8605442800837
有限,-87.87371461409009
飯店,-87.87876775346952
第次,-88.1436700310071
展示,-88.21961646106723
法令,-88.2319711289431
本次,-88.30628836783315
恐怕,-88.48178684567021
不好,-88.5122068625844
假期,-88.5122068625844
接觸,-88.58517720179569
生態,-88.85872089642595
使得,-88.89143153908884
出任,-88.89773957540311
彼此,-88.95340332764695
油價,-89.39129375456638
遇到,-89.42673002275463
一項,-89.73311520578383
想法,-89.77939834509651
評論,-89.79816055507844
近來,-90.05732751964622
採用,-90.14322699230729
方便,-90.22024265542179
同仁,-90.34184293595638
地位,-90.40846346907855
東南亞,-90.53226150955996
創辦,-90.98983761586169
陪同,-91.06237095395679
支援,-91.13893996267967
納入,-91.29908647768335
競爭力,-91.31149583592351
當天,-91.3174616640026
享有,-91.33598102542841
身體,-91.51247586498391
發動,-91.60072366751743
補助,-91.60072366751743
上台,-91.73076553734377
疑慮,-91.73076553734377
本月,-91.9865620119313
創意,-92.08042022682197
汽車,-92.15957415773809
主辦,-92.17908784901469
當年,-92.29408875278955
幾個,-92.33626989602199
不應,-92.3823050281985
上路,-92.3876559451532
那麼,-92.51835629703693
越來,-92.53110663562971
南投,-92.6597169386423
否則,-92.68985604733173
儀式,-92.91077614813184
引進,-92.92447084249953
一段,-92.95838901180238
開幕,-92.99887632553303
情勢,-93.13399418416478
隨時,-93.177088472377
澳洲,-93.36573222759723
提名,-93.38432354323784
並將,-93.38553440413524
多少,-93.48536211728764
一家,-93.63861001764373
通訊,-93.66777267393113
確保,-93.74733852488771
百分,-93.75496211258621
零售,-93.89525384160589
上升,-93.98142161021174
將持續,-94.00828568232383
財務,-94.08525902622206
無論,-94.09988940714334
發行,-94.11197847849775
處長,-94.26007972211394
也將,-94.5693731253612
計劃,-94.58476225196415
即日起,-94.59006555341803
位置,-94.78122455797354
決策,-94.80415695486573
中小,-94.9247184025129
老師,-94.94991763383521
重申,-94.98000909609432
昨晚,-95.03827247896868
外匯,-95.18750729226308
接下,-95.205494324226
照顧,-95.29656748960598
不可,-95.32937057160522
全年,-95.37410938349794
以往,-95.37776264013212
展出,-95.37776264013212
認定,-95.41709663141562
紛紛,-95.46415888289938
主動,-95.46587610294516
離開,-95.56150796390675
突然,-95.6603868809936
輕人,-95.69077774973883
早上,-95.74864593938409
財政部,-95.77849875710847
數量,-95.8090848718675
概念,-95.83461297583145
用戶,-96.17080018193052
現象,-96.25044921675125
德國,-96.25891772209836
房屋,-96.35633661746525
韓國,-96.45869219464562
軟體,-96.48030369381686
台中市,-96.56605932698837
想到,-96.62128188103686
承諾,-96.78763232198631
估計,-96.81167887905393
現任,-96.83120495973583
通常,-96.89603395572034
刺激,-96.96387406112818
中華,-96.96387406112818
正面,-97.13490104316747
難以,-97.18680077234448
理念,-97.23949204665688
東京,-97.37236367863537
開會,-97.62779361474598
人次,-97.80419296484207
新增,-97.87957945664267
水準,-97.89914670994774
為止,-97.90240017834894
人物,-97.94602563177904
每月,-97.95519402121597
明確,-97.96993900147555
距離,-97.98059357024997
成績,-98.00299090465482
受惠,-98.01400280611911
藉此,-98.04345874480457
南韓,-98.14584254821489
高層,-98.49765781881969
提前,-98.52147800792746
小組,-98.66131767619633
首先,-98.6930108414212
到底,-98.95715502785583
仍然,-99.07890943376432
回答,-99.09415977126204
對象,-99.167041180338
全世界,-99.28928158049834
證明,-99.35911674319678
一致,-99.54601966930322
瞭解,-99.62407479999393
自月,-99.72697515776778
營業,-99.90488286042843
主因,-100.01374255041158
此事,-100.07460007317506
尋求,-100.10183529556546
規範,-100.33967518313969
突破,-100.4325897554125
回到,-100.53505867986091
喜歡,-101.03720242523704
台大,-101.21912251237997
農業,-101.6554550848092
現行,-101.66505809485689
一事,-101.68528568277745
簡單,-101.92042221061904
以前,-101.92139966036018
經理,-102.00918828400883
食品,-102.03577047555629
豐富,-102.03918586124807
時報,-102.18539034575223
比較,-102.25190568538291
設置,-102.25190568538291
威脅,-102.27025705525725
高中,-102.39099932109205
其次,-102.4620602228074
觀察,-102.92130399174587
特定,-102.99045294176597
希拉,-103.06862465782781
一點,-103.163156628294
禁止,-103.25143292799805
更好,-103.48547548168402
面對,-103.53051667764832
充分,-103.77613120736056
公民,-104.22749851331778
代理,-104.30517088830598
適用,-104.3934964149972
巴黎,-104.48182204645461
緊急,-104.74409045052738
藝術,-105.0227472247378
適合,-105.42539523552333
文件,-106.25980851861874
速度,-106.3562783020822
國人,-106.3609593470576
工具,-106.88358626874042
兩年,-107.6294063235681
負擔,-107.74994182744726
反而,-108.03695520207093
累計,-108.05508513960241
維護,-108.05582376468983
實現,-108.10326013312024
不論,-108.15848760863213
接任,-108.3805061413457
致力,-108.55742275521418
保險,-108.59570938570945
一種,-108.6875101775782
設備,-108.70735194192962
上半年,-108.71981543769319
這場,-108.73395825325179
任務,-108.8131900236245
出來,-108.88355103927285
廠商,-108.89610519668864
優先,-109.49687003971607
十分,-109.52655570258926
國外,-109.79087335172895
系列,-110.23591488770771
預算,-110.37387968556676
展望,-110.97861391627167
聯邦,-111.08147066059215
社群,-111.19699701495975
方法,-111.39029468444647
購物,-111.41441084481147
似乎,-111.41457100536896
表演,-111.54819106176852
勞動,-111.63652441023441
訊息,-111.76239330713263
最快,-111.88041836771474
持有,-112.06618981638086
不用,-112.3909848115233
領袖,-112.44919611949756
新竹,-112.44980450786758
費用,-112.69860448549547
行銷,-112.74372451478278
管制,-112.80217014748763
當選人,-112.80217014748763
昨日,-112.85472955047179
不但,-113.20310840051272
形成,-113.3660648298261
拓展,-113.44921788925916
詳見,-113.4586693754647
初步,-113.75606539729134
不管,-113.8448857551425
地震,-113.88120794608689
逐步,-113.8843167250674
第一次,-113.93322129226046
產生,-113.9783499873707
順利,-114.09305410079436
展開,-114.33031003367124
夥伴,-114.39629821056484
變成,-114.49350012594472
就業,-114.50601327767681
詢問,-114.56601430735863
電話,-114.65438011443054
組成,-114.90535362970029
拒絕,-114.91947775999827
想要,-114.94978236885537
就要,-115.74219658844099
指數,-115.79248537165134
進口,-115.87662345757124
裝置,-115.91571175273992
還在,-115.91858730077642
協調,-116.14152656435193
反映,-116.2673516709247
一切,-116.4477659127185
收到,-116.54072663007761
證實,-116.58332458974078
部門,-116.62416092681336
理由,-116.75962271558166
看法,-116.79189648011294
退休,-116.84833878088818
像是,-116.85644820255797
反應,-117.38083727054467
第屆,-117.4660260605422
大眾,-117.7309294174057
新任,-118.08508064489364
執行長,-118.27485090411746
氣溫,-118.36577682494986
基地,-118.56457537599624
經濟部,-118.64045599550806
呈現,-118.77366225518976
精采,-118.89313215707965
設施,-118.91739139339515
累積,-119.04414476607542
清晨,-119.14376632527507
信心,-119.86932460688041
當然,-120.01753343707179
政黨,-120.04476213099484
研發,-120.23329333078631
思考,-120.28580494760593
依照,-120.55663446988176
登場,-120.60129697014109
取消,-120.82937365685329
發言,-121.1051800301919
項目,-121.18144276838778
運作,-121.60492686898033
地點,-121.63539071226849
不得,-121.73738081933816
良好,-121.96953283055637
事務,-122.07723381538248
案件,-122.12622516684779
影片,-122.69581546883857
孩子,-122.69581546883857
全部,-122.72714026430359
能源,-122.9891230550024
兩岸關,-123.03218848101643
關心,-123.11795731092987
發揮,-123.16227273875377
購買,-123.27546600406782
晚上,-123.3143986294223
更是,-123.36647679309709
全力,-123.37255000065711
事實,-123.48111335599116
損失,-123.54715987805211
股市,-123.54961807143701
接近,-123.9243977416
電腦,-124.35260346130198
衝擊,-124.48512938600165
自然,-124.79057964572604
投資人,-125.34439510715436
每日,-125.5058210761297
一旦,-125.78995215557737
起來,-125.88629503536629
最佳,-125.93514922681688
優勢,-125.97202203885972
通路,-126.30572659141473
下降,-126.31768481191338
確認,-126.38502444639037
並且,-126.50386094905278
達成,-126.52561739800375
這也,-126.58293630508338
衛生,-126.61661240100867
展現,-126.72401126305239
短期,-126.94210981237887
相較,-126.98900852559811
反對,-127.0960392790611
不足,-127.16462809564437
保持,-127.43771296234841
我國,-127.59564893268633
工業,-127.72466670560814
整個,-127.74990517390306
凌晨,-127.83907967825877
加速,-127.88140847539975
發出,-127.89464188975577
根本,-128.3783249640133
做好,-128.5765661492527
青年,-128.62130815549662
運用,-128.73027195958622
困難,-128.86297106757706
下滑,-128.9839630693156
網友,-129.74097229933545
變化,-129.88332832751155
效果,-129.89743904194816
比例,-129.95322911798257
學習,-130.29728129922222
給予,-130.30076259092527
核心,-130.4302827442657
大選,-130.6693305775586
訓練,-130.77807057690248
總裁,-130.9580786221258
立院,-131.09099263303997
數位,-131.18003947295742
即可,-131.21840096089377
監督,-131.53285080351984
勞工,-131.78206569161821
總統候,-131.91976165095866
局長,-131.97417050764705
股票,-132.25304006721007
綜合,-132.36169185249938
再次,-132.64478944347513
具體,-132.749954280616
找到,-133.01480162013976
先前,-133.15464356396507
預測,-133.21442706440286
主持,-133.54814037731663
解釋,-133.63278342558883
貨幣,-133.65831448826148
運動,-133.80914638719958
有所,-133.82673700765028
願意,-133.9448411468695
簽署,-133.9872000399024
蔡總統,-134.09838683908924
真正,-134.09838683908924
人力,-134.53847000218065
條例,-134.57134524509502
收入,-134.62648792407757
並非,-134.70960393725215
危機,-134.73858036643804
公平,-134.86876640387112
上海,-134.97856388464683
歐盟,-135.22410951722208
多數,-135.66009799056715
強烈,-135.68634748948364
角色,-135.68807157729123
共有,-135.7451238434172
主題,-135.9309193494173
司法,-135.95146606959287
高達,-136.06831082875135
公尺,-136.4274570665789
停止,-136.4579244260563
大會,-137.0039715381426
商機,-137.27650555938285
唯一,-137.33608811152746
同樣,-137.55472857144045
搭配,-137.64857349994003
更加,-137.82446614496715
分鐘,-138.06294972096717
確實,-138.14754810596713
人才,-138.17047599602344
覺得,-138.21975196844826
下跌,-138.30025554118095
提案,-138.48472644693348
市府,-138.81389035552485
獨立,-138.97216942079484
教育部,-139.10300301352427
大多,-139.52294720789246
通知,-139.72465258671215
一位,-139.80960952415694
利率,-139.93197520096453
大量,-140.2436822966341
特色,-140.2601966511674
優惠,-140.42789429702282
階段,-141.11937336784385
今晚,-141.15177184404862
最好,-141.43660200129267
印度,-141.49314880940236
土地,-141.63124934170645
央行,-141.73567581840413
內部,-141.96495429474544
人事,-142.38069904970456
第季,-142.4879402521989
訪問,-142.75624343324108
機率,-143.0594902501035
生產,-143.29312200054326
品質,-143.31914192943023
商業,-143.35703163230176
肯定,-143.53292123083904
不再,-143.74346270586176
互動,-143.8877470953662
範圍,-144.04673696216858
利益,-144.20893808861658
林全,-144.3109186804931
程度,-144.70644281232003
新台幣,-145.01887543291352
成果,-145.27961229104494
業務,-145.4457129726228
控制,-145.7916929593366
布局,-145.90151610569174
感受,-146.0032808564762
很大,-146.1141671784489
存在,-146.35907399755305
落實,-146.53342055009676
創新,-146.93305190406608
支付,-147.3286327638688
藉由,-147.35257322234838
營收,-147.73865438622127
元年,-147.76411211602684
行程,-148.642588143121
自年,-148.97281412330778
重視,-149.173891156953
資產,-149.5952062049091
上市,-149.93429475114172
決議,-149.96563967366697
時候,-149.98443590477325
第三,-150.59980753078577
之外,-150.6154660335378
金管會,-150.6169828198948
然而,-150.7365007822329
共識,-150.77458829816652
應用,-151.2359040737401
各界,-151.386238538598
依據,-151.47860027996708
各項,-151.56687190969768
遭到,-151.56981683492336
每股,-151.69381721252384
擴大,-151.70534561155873
一天,-151.82262617567352
客戶,-152.3618939315686
其實,-152.45613048941738
領導,-152.70476082901152
結構,-153.46815363473615
將在,-153.59648924180516
黨團,-153.83966758252657
逐漸,-154.0862315209061
市長,-154.22059943285964
而言,-154.55319607403683
選人,-155.12885656802789
新北市,-155.12885656802789
帶動,-155.38664441616567
出口,-155.52657248081772
自行,-155.95824652666352
觀光,-156.7751195661776
還要,-156.78713462748834
辦法,-156.8633985844366
即使,-156.94750813944168
如此,-157.28145433784576
堅持,-157.38788138819172
新加坡,-157.75574656192362
如今,-158.07123025104818
正常,-158.21961457159438
排除,-158.31678144668453
快速,-158.37488024032322
資金,-158.5969804173745
責任,-158.62463542014802
並未,-158.6600499803895
爭取,-159.15193631664587
競爭,-159.16827522225643
轉型,-159.18447203870207
每天,-159.50468341021366
情形,-159.63848058216055
重點,-159.88303280747863
做出,-159.902827799391
完整,-160.27978186277483
電子,-160.37272341648728
體驗,-160.40587611432642
有意,-160.57375093509307
即將,-160.61824767816674
投票,-160.7448097479586
參考,-160.97125117137105
工程,-161.51509844646313
感到,-161.84144786101137
金額,-162.34621465038347
聯盟,-162.50740198181654
感謝,-162.67841845046524
教授,-164.03994258764848
年底,-164.14191172863437
貿易,-164.31960740563372
兩個,-164.38708357983847
傳出,-164.61640515283165
朋友,-164.6472963198514
有助,-164.87238989427857
意外,-165.0375781733792
去年同期,-165.34756487198402
近日,-165.41026328552343
大型,-165.6363373054338
令人,-165.71906482430862
高度,-166.34991611195724
女性,-166.92332355938285
萬人,-167.20985298038633
聯合,-168.12042853407573
挑戰,-168.55450854537162
得到,-168.60548542800865
將會,-168.98135868654063
評估,-169.30841532285012
知名,-170.1738268338887
幫助,-170.1749068483513
連續,-170.54716891512237
智慧,-170.90203752812255
部長,-171.14390443137603
理事,-171.42942668991967
秘書長,-171.87619288049984
擔心,-172.12670256672988
醫院,-172.141234673636
獲利,-172.21663788944485
精神,-172.25973843944502
幾乎,-172.56722515908638
協議,-172.70089411582495
歡迎,-172.75536844190083
截至,-173.04081167783386
關鍵,-173.11447878683424
每個,-173.4617515704813
最低,-173.64106771303116
態度,-174.05529831372178
營運,-174.30179577713517
只能,-174.3564537250781
審查,-174.7980273410978
總統府,-175.08319875468698
必要,-175.20083550789172
創造,-175.7101980526278
建設,-175.94530584224933
考慮,-176.51184876047824
涉及,-176.64700278098132
表現,-176.70732399233017
保護,-177.0741479064794
發表,-177.30264534601025
帶來,-177.7468036278585
限制,-177.787217530381
手機,-177.81768558806291
專案,-178.2288592701909
透露,-178.3244115910603
強化,-178.58896210040425
真的,-178.67712788141768
電視,-178.88434601607494
上任,-179.3909336318137
上述,-179.47420471645992
引述,-179.75987646290892
交通,-179.9194251239356
左右,-180.85005206199324
事業,-181.38778355831786
這麼,-181.67385476980007
中午,-181.85967889212867
進步,-182.26121605618152
隨著,-182.4240517523575
高雄市,-182.79150078799927
預估,-183.3631902273456
台南,-183.4807896122771
關注,-183.56696805600998
修正,-184.22048072836358
啟動,-184.39493314919542
質疑,-184.49968455861884
各種,-185.8740556306488
各國,-186.29713714493985
負責,-186.38940162283652
近期,-187.30618771848995
亞洲,-187.37502544688732
死亡,-187.56407857193227
面臨,-187.57218777578865
再度,-187.69857564440335
醫療,-187.8785668570911
容易,-188.4082908110594
尚未,-188.44782466064478
明年,-188.65426034837608
年前,-188.81700116203424
怎麼,-189.18707249358005
陸續,-189.2815657514569
人數,-189.5464162750476
紐約,-189.80507529360608
功能,-190.26023519522818
可望,-191.14562406069356
條件,-191.46769056370098
學校,-191.52030858324596
聲明,-191.95282000958454
歷史,-192.01547503887238
基本,-192.0496745890092
數據,-192.36004897042815
附近,-192.61302286953813
院長,-192.82440582593983
攻擊,-192.86697313126123
抗議,-192.95535496398662
壓力,-193.2495665700243
成本,-193.29001044329354
今天下午,-194.05254641062012
全台,-194.21950799101657
確定,-194.68664057948382
高雄,-195.02446736509575
引起,-195.04950758607333
原則,-195.46906627381347
掌握,-195.64559466357088
制度,-195.72046427220016
作業,-197.07889304287153
已有,-197.447289871529
設計,-197.59760191408398
之間,-197.78648904838036
目的,-198.47039774484773
臉書,-198.57891718986914
整合,-198.79870905446143
小時,-198.98751530051248
氣象局,-199.76077984847566
多元,-200.1467190065036
結合,-200.44930815874682
分享,-200.85606732697178
機制,-202.13560209751813
今天上午,-202.78618713719553
或是,-202.78874403978344
消息,-202.877832960594
立即,-202.88361170113396
而是,-204.11130978919428
官方,-204.34092378043178
行政,-204.47878884539276
明顯,-205.44544801769405
告訴,-205.65047341210615
以下,-205.68771998337579
模式,-206.05642299990132
有些,-206.51106660881356
領域,-208.07183801432103
鼓勵,-208.64687154166765
時代,-208.69619721508423
不僅,-210.1858193120025
投入,-210.79001990716498
立場,-210.91382538794522
外交部,-211.60408894105234
區域,-211.7482576787033
家庭,-212.67336813953528
打造,-213.14298220539985
事情,-213.40323671369956
因素,-213.7834764554156
年度,-213.99270769557793
城市,-215.05823732694816
尊重,-215.15445651093552
開放,-216.0541774719887
辦理,-216.11800086869823
重新,-216.5465189702342
協會,-216.84139308580313
價值,-217.20002078113077
北京,-217.31585668474267
具有,-217.54679727061085
消費,-218.87663593297833
多年,-219.60994804933972
方向,-219.66264395120814
主任,-220.07335993643147
調整,-220.24903744365986
採取,-220.46538503771458
新政府,-220.70802027281582
實施,-220.8257304309969
趨勢,-221.50591303511945
能夠,-221.52013853389587
各地,-221.68159064432993
專家,-222.12912079817326
海外,-222.55203275623023
權益,-222.84079879479341
維持,-223.29407831537614
降低,-223.5860774969789
開發,-223.95484529566102
香港,-224.09983351416955
自由,-224.51300369537114
經過,-224.58838640215336
標準,-224.77336668213837
主委,-224.83676642695826
不到,-224.89729218768878
首度,-225.12192339509627
安排,-225.33231734856716
考量,-226.9805611028233
此次,-227.4324344329497
加強,-228.60183422333708
公告,-228.96533970385752
結束,-229.05250141803288
總經理,-229.11015529510783
最近,-229.11868124049676
機關,-229.13418117781913
注意,-229.50189121447744
傳統,-230.0343933364979
溝通,-230.60538416108096
意見,-230.8812434936468
相信,-231.9262582651905
至今,-232.34218952128785
例如,-232.4145086593461
全面,-232.73865150342405
實際,-233.83530189021798
航空,-233.86929357326056
而且,-233.90254444479234
力量,-234.16705121570877
期待,-234.60597425905894
改變,-235.1483944049932
程序,-236.17016128978727
作為,-236.25396109643233
一些,-236.63812412337492
一樣,-236.98865032648342
首次,-237.044665068351
參與,-237.23847917629567
業者,-237.31174948609578
提到,-237.32553715981192
團體,-237.43849281650768
改革,-237.75771398832603
清楚,-237.9959222334157
選舉,-239.3452497621759
銷售,-239.35079418282447
這種,-240.5997617435663
團隊,-240.66126728746593
空間,-240.68722971728977
不斷,-241.07266720252227
預期,-242.39283691305167
資源,-243.33110041019
一年,-243.58613791507665
法律,-246.74534914076813
導致,-247.18326354326874
策略,-248.83668230942789
因應,-249.09349892201362
經驗,-250.68622039170174
風險,-251.12606620306445
完全,-251.78215211632806
基礎,-251.98405111355612
吸引,-252.17413381850093
交流,-252.69020090089185
重大,-252.97348841916585
之前,-254.27677639374284
但是,-254.96294322538938
月底,-255.0157762047508
尤其,-256.5643677441782
學生,-257.0139291476588
進黨,-257.3873524260875
公開,-257.6320032432284
包含,-258.78038659402125
大幅,-259.22882307453375
平台,-259.6949835225403
方案,-260.03305914711075
申請,-261.20951851569777
邀請,-261.2919467044245
技術,-262.6459754389554
兩岸,-263.4663430315185
明天,-263.46943488722724
中華民國,-263.9793110347767
呼籲,-264.1753603443636
一般,-264.4829048503633
符合,-264.7322760892432
規模,-264.76724330219554
有關,-264.92150999714886
英國,-264.97006520612246
第二,-266.08446308164577
晚間,-266.4005977062779
官員,-266.5954904403548
提醒,-266.7275405397773
健康,-266.9006772942692
擁有,-267.0503391958735
配合,-267.36885331697226
新聞,-267.81439221608406
提高,-268.44007024269644
同意,-269.1195365286267
經營,-271.20083518750516
發言人,-271.8702893890725
統計,-272.880504215572
正在,-273.65495510488876
引發,-274.1513570287264
系統,-275.8043724104903
網站,-275.82123197782
資訊,-276.2732543054912
旗下,-276.3214628722415
直接,-276.4199218742504
平均,-276.8717336531943
建立,-277.5378971796195
交易,-277.8893679648006
加入,-278.0195199391057
現在,-278.55612890937266
改善,-279.4371331335041
原因,-279.76168842938387
避免,-280.9442303935736
說明,-281.094956614551
歐洲,-282.4147177689744
每年,-282.65863758209974
取得,-283.01461983381756
專業,-283.6173069998081
外界,-285.8427193896922
雙方,-286.34699662169135
過程,-286.39762830883546
一次,-287.5676630671253
原本,-287.6584734210935
全國,-287.8102279853842
今日,-288.8511506437537
主管,-289.45824273298757
分別,-289.54822952829215
整體,-289.92544342045096
措施,-290.3096669206158
一直,-290.4676350625051
利用,-290.77636394990503
至少,-291.56040231703344
有效,-292.1444226384211
回應,-292.7931959666714
減少,-296.14408649956806
不少,-296.8011232229278
教育,-297.85744618910036
選擇,-299.0485009247988
商品,-299.71424962553976
大學,-301.83292921951085
價格,-304.2215606593383
目標,-304.6033324706298
能力,-306.5567581209486
議題,-306.9780670110098
民進,-307.46303414709445
成功,-307.9924570935198
看到,-308.70794046630715
最新,-310.34898052997374
所以,-310.5211080452291
只是,-310.69812607299866
知道,-312.0326961477654
台北市,-313.2625351050088
嚴重,-313.7645684653538
之一,-313.8419260536276
什麼,-314.42245618943537
機構,-315.25818631973846
執行,-315.4041101616968
品牌,-316.21595798910937
產業,-317.33009092718254
召開,-317.9747761842246
近年,-318.99261589713234
擔任,-319.1123701142383
規劃,-320.94393734285205
會議,-321.3895992720483
建議,-321.7594174115157
國內,-323.26823514081696
繼續,-325.6468957741688
狀況,-326.02061646900887
當時,-326.0299157890794
消費者,-327.2259172502465
穩定,-329.1052083947879
這項,-332.4725147867095
才能,-334.0205653849045
相當,-334.31140957842774
方面,-335.66115590938665
分析,-336.94571715213385
網路,-337.11823544449726
解決,-337.2118986175707
一起,-337.50328166987686
行動,-337.8572663412582
積極,-338.6758496301976
期間,-339.9610158562555
科技,-340.511170435193
努力,-340.8767823424165
集團,-342.8680294675545
只有,-343.3600188667208
現場,-344.44582504812496
人士,-344.5113597369504
生活,-347.59668748194815
文化,-348.8031906891611
最高,-349.0434576885735
參加,-351.27271899919185
中央社,-351.5665775468982
億元,-351.9495798805164
準備,-355.7284167447773
主席,-360.6296678102271
基金,-363.53589749602804
針對,-363.6917968936675
這樣,-364.2490252556519
加上,-365.51316467768135
產品,-366.3691623793668
資料,-366.70970359874525
民主,-367.0339504956207
規定,-367.15302210640516
任何,-367.5845930658997
不要,-369.6266245593611
時分,-370.06506472099767
金融,-371.0164467167796
當地,-371.14097815540646
前往,-374.12131733673635
國民黨,-375.293596322367
預計,-377.6683859317158
成立,-378.3041621324675
只要,-381.10978251524557
正式,-382.2081281975475
提升,-382.94155817496056
萬元,-383.33685149953703
如何,-385.8801634694311
以上,-386.86466177604456
許多,-388.3102901717833
一定,-389.3782112744067
地方,-391.09464355295097
組織,-391.5262466957844
昨天,-396.72239643276635
研究,-396.93905004998044
過去,-397.58851216213867
單位,-398.0567454374507
出席,-398.24000899366393
獲得,-398.8952689334928
委員會,-399.1343986764957
舉辦,-399.5415536913725
通過,-399.8168323871034
有人,-402.3306445448829
很多,-404.8102900930628
共同,-406.64018369294297
環境,-406.71275752305866
甚至,-407.9516401744694
討論,-408.0623260787952
應該,-409.5225043668057
還是,-411.0146608122584
事件,-412.37477481005203
情況,-412.8668415952912
人員,-415.07552523132017
年月日,-415.6655753837836
投資,-416.9461118578275
不能,-422.0567318095975
至於,-423.8618278459643
發布,-428.44484468392477
特別,-429.63571320919215
需求,-429.7465402684236
還有,-429.86288399389883
內容,-430.18369939865767
進入,-431.24249219675164
報告,-432.0570753984046
機會,-434.09550486897723
計畫,-434.7452909577975
以來,-436.4291727888315
一步,-436.5203440702504
服務,-439.685362892195
處理,-439.85584049144893
政治,-444.43344690072104
無法,-444.89062837637937
協助,-446.21188577516
了解,-448.59146070665383
非常,-448.9040166811774
世界,-448.97224569901823
大家,-450.166748338114
所有,-454.8912955993746
出現,-455.54478851952985
受到,-459.71683414772076
日前,-461.3121052619209
這次,-463.03383211656353
此外,-463.10231309673287
發現,-465.4649481337879
管理,-467.2839606322177
雖然,-468.437770209389
第一,-468.50398671757677
台幣,-469.456943756027
銀行,-470.2575903231171
強調,-474.46584802444147
不同,-478.63769022997894
美元,-479.05682349553547
英文,-481.01671422661013
企業,-482.39083367504935
最大,-484.0639947347624
推動,-484.7609321915226
董事,-487.836447288189
另外,-495.3274697512745
成為,-495.7554707546027
中國大陸,-503.7405969072675
成長,-505.2942515851523
行政院,-506.8108932617919
完成,-507.18329890856637
決定,-514.544259138257
舉行,-519.4799960726685
需要,-519.6073627159237
調查,-520.5121390787555
推出,-523.2320952069059
結果,-528.5383591020137
不會,-530.3047522529561
大陸,-537.7114161686153
顯示,-538.060669498213
必須,-544.5800348518654
使用,-545.5536829840493
立法院,-553.0759529665842
支持,-553.3278621489786
中心,-556.0907102356487
地區,-558.8851337491545
民眾,-559.4097282201404
這些,-561.1994508184351
已經,-564.2135380806241
持續,-565.7102668943337
立委,-567.1113052110427
這是,-568.061481864862
除了,-571.311661290024
不過,-573.0331680582073
這個,-574.791659661655
同時,-577.288090626481
下午,-577.5005026378467
中央,-580.4520575559048
安全,-580.7830224834609
超過,-582.0920684542345
開始,-588.5278309367492
不是,-589.27381682426
社會,-596.5577994301544
方式,-597.883755640515
日本,-604.7082982036177
接受,-605.6121326618545
人民,-606.134893152503
增加,-614.8457190913698
記者,-614.8752886705744
宣布,-615.691936827332
發生,-616.2916974937527
活動,-616.6449628158313
重要,-617.9807138999076
提出,-623.3841586917982
中國,-625.3672754082643
部分,-628.849856139089
代表,-639.9052740465568
我們,-643.8473229401892
政策,-647.2300649936268
台北,-648.5982482780709
他們,-651.8894893078748
全球,-652.6854173580839
公布,-658.9797665808334
如果,-660.5512634283145
工作,-664.3813960217294
造成,-665.2991680586179
主要,-665.8447493830631
其中,-670.2188819899205
國際,-689.0015267452727
根據,-692.9837968194984
媒體,-700.7972073565302
是否,-704.4960638176725
合作,-705.0820947997028
自己,-710.6240634070243
要求,-721.756586117843
其他,-726.5480828284909
上午,-733.1378218033788
國家,-747.4959571473156
一個,-748.2681065477511
沒有,-751.0369276645143
就是,-757.3706886188035
經濟,-758.0273015387468
透過,-777.3938056466332
影響,-796.1455063425973
去年,-801.9905944514892
提供,-835.2637759232194
因為,-843.2330547077257
因此,-862.4171990970153
發展,-894.1607471686033
相關,-904.940557571918
以及,-911.2529887716051
市場,-912.0357069061747
美國,-940.0504390320724
認為,-956.8965807051135
問題,-959.4865730133968
進行,-973.4585934572566
未來,-980.5852596079224
總統,-1007.7788450615936
時間,-1035.7413539311792
可以,-1076.0202356182842
報導,-1080.8080908900013
公司,-1105.4252269443728
包括,-1119.2421907777766
希望,-1158.5014060081076
可能,-1207.216260896967
政府,-1235.3534980367458
今年,-1242.1876937188317
目前,-1479.6471009543359
台灣,-1692.0679891721688
指出,-1940.3327479027305
今天,-2855.785583633553
表示,-4094.2420602382044
劉德音,
晶圓廠,
廠台,
電奈米,
電在,
電股,
電第季,
何麗梅,
弘塑,
體業,
電奈,
精材,
還原,
股台,
南科,
連結台,
逾點,
配息,
投片,
點台,
電萬張,
線點,
電股價,
攻上,
美國存,
電月,
歷史次,
超台積,
良率,
工現,
占大盤,
電凱,
王大立,
在奈米,
億元台,
挑戰點,
簡伯儀,
標價,
乖乖,
收將,
外資買,
申請量,
點關,
大單,
兆元,
電將,
南京市,
行商,
晶圓龍頭,
晶圓出,
中科,
傳產,
高點點,
超群,
單口,
不淡,
前名個,
將季,
電營,
開紅盤,
傳產股,
約點,
股加權,
電年,
各股,
魏哲家,
電未來,
高效能,
劉坤錫,
助攻,
元台,
減至,
買超,
應材,
超新,
除權息,
點盤,
電法,
國發,
點收,
中來,
前波,
新產業,
單月業績,
封關,
股大漲,
運表現,
將台,
帶動下,
電及,
達新,
茂迪,
電已,
電產能,
商賣,
及奈米,
蘋陣營,
跌元,
回測,
電總經理,
電漲,
電聯,
季線點,
收在,
收高點,
輝達,
配發元,
金獎,
多單,
光法,
以台,
李紀珠,
圓龍頭,
電大立,
英脫,
日線,
電大立光,
蘋陣,
漢微科,
電子束,
億到,
外資賣,
辛耘,
電鴻海,
微科,
性水準,
貢獻營,
電盤,
電對,
單台,
將約,
股量,
電申,
電月合,
基售,
電月業績,
股開,
高水準,
何浩銘,
獨資,
淨多單,
城半導體,
穩盤,
昨夜,
元大漲,
轉賣,
將成長,
建廠,
將減,
王大立光,
帶動台,
營收將,
金台,
股後市,
大台灣,
潘文淵,
止跌回升,
體展,
股日,
吳田玉,
月線,
高大,
追價,
熱賣,
光收,
營益率,
上調,
奠基,
回跌,
韓股,
股上,
兩檔,
看空,
電業績,
案量,
電子業,
研究部,
贏家,
商學院,
文清,
生產奈,
將優,
印證,
自群益,
價格來,
電資料,
凱基,
電是,
超金額,
營運長,
超乎,
王台,
檔個,
廠台積,
縮手,
安謀,
單口淨,
停機,
看淡,
問處,
召開法,
佳音,
設計廠,
電等,
委員會議,
點點,
報價個,
股代碼,
百點,
股價表現,
南科廠,
季減,
收及,
數點,
金富,
電聯電,
股點,
億元為,
罪魁,
綠電,
漢微,
電上,
中漲,
進入量,
立光,
整數,
動下,
回元,
權證發,
停板,
強彈,
以奈米,
儲祥生,
連結元,
比為,
體業者,
偏空,
填權息,
營收達,
觀盤,
元漲,
達兆元,
高標,
中台,
中資,
資動,
機電,
歐美股,
光則,
調至,
股期,
紅翻,
保德信,
技術面,
紫外光,
電不僅,
外資持續,
快充,
造紙,
雙雄,
資政,
矽智,
力旺,
收低點,
展訊,
比值,
股后,
獨派,
費城,
轉進,
傳產類,
熄火,
中場,
撐盤,
基頻,
逾百點,
增率,
電訂,
開盤量,
期顧,
三檔,
紅盤,
值為,
供應鏈,
股中,
認售權,
紅色供,
電南科廠,
小黑,
價大漲,
股權值,
中大漲,
摩根士丹利,
第季量,
日盤,
投片量,
股則,
如火如荼,
電因,
轉弱,
資政名,
漲停,
獲利同,
浦口,
研調,
金國泰金,
金萬張,
繪圖,
同致,
出型,
一開盤,
成份股,
並創,
力守,
創高,
重跌,
一檔,
強弱,
股僅,
元大連,
協進會,
漲家,
紅棒,
圓廠,
攻勢,
禍首,
少約,
點上,
電獨,
電營收,
資賣,
霸主,
漲逾點,
電開,
強漲,
超萬張,
單季業績,
回籠,
百億元,
申請案,
無塵室,
及奈,
調高到,
電赴,
電則,
電營運,
每季,
倉淨,
進榜,
周線,
低階,
出色,
蘋果將,
五加,
觀察台,
影線,
反倒,
衝高,
開始量,
億元營,
進典,
開工,
億度,
低功耗,
超達,
回點,
率將,
電釋,
名個,
張委賣,
點不含,
幅前,
股大盤,
資買盤,
積電月,
電居冠,
改以,
舉行法,
淨空,
磐石,
進評,
自繳,
漲多,
漲近,
穩點,
灣強,
所稅,
散熱,
基購,
片晶,
去化,
竹科,
亞系,
一證券,
單月營,
投產,
級法,
滲入,
將可優,
顧能,
電子類,
作帳,
價持續,
節電,
里昂,
發威,
趕工,
光盤,
蔡明,
產出量,
季底,
買進,
國宴,
科廠,
壓抑,
將配,
回神,
明年初,
超張,
運動會,
點以點,
逐月,
外資及,
電供,
雜音,
因市場,
存調,
同為,
率則,
排列,
電成,
電龍潭廠,
備貨,
湯森,
硫酸,
資不斷,
李政諺,
整合型,
恩智浦,
元大關,
東常會,
電蘋果,
單為,
太差,
震盪盤,
常性,
營建,
進台,
證發,
股撐,
博文,
直逼,
電資深,
一枝,
續強,
行法,
科學園區,
收漲,
損壞,
廠龍頭,
卡位,
反攻,
傳產龍頭,
龍潭廠,
金來,
廠案,
收紅,
現金酬,
沈建宏,
電強,
報喜,
資及,
投資評,
連漲,
試產,
氮化,
外資期,
股賣,
統級,
電持續,
反壓,
點或,
金漲,
連黑,
第一期,
增台,
拉貨,
搶下,
貨金額,
漲股,
均線,
工分,
第批,
跳水,
點開,
股成,
收市,
電月營,
運算物,
說會釋,
電挾,
橡膠,
砷化,
市場並,
大方,
光台,
金收,
新區,
江北,
萬潤,
股東常會,
漲委買,
電技術,
上點,
內資,
價平,
與經,
第季將,
順利達陣,
股領,
電調,
大連結,
聯詠,
收達,
股應,
榜首,
經新聞,
但量,
功耗,
散戶,
股強,
築夢計畫,
漢唐,
江蘇,
收低,
由台,
億元外,
台幣兆元,
越過,
值約,
貢獻台,
產階段,
外資大舉,
電為,
超合計,
往點,
摩台,
雙位,
朱天健,
高俊明,
獲利王,
劉金標,
發點,
崇越,
股相,
量產奈,
理監,
占有,
通通,
正達,
補漲,
元富,
便是,
將再,
電晶體,
拉大,
積電股,
小紅,
超帶,
第度,
創漲,
保衛戰,
出量,
不住,
運作台,
熱泵,
第高,
如虹,
李秀利,
收高,
延後至,
價台,
不淡表現,
衝破點,
既定,
摩爾,
七七,
電先,
年量,
洪淑敏,
帶量,
積電奈,
爾台,
回吐,
元收,
支柱,
出籠,
美林,
恩平,
對後市,
驅動力,
星期五,
未平,
將僅,
光大,
運目,
式微,
億元大關,
外資圈,
新處,
牽動台,
中攻,
場效,
週轉,
擴大至,
第季奈米,
收小紅,
約合,
股短線,
上緣,
奇異,
收跌點,
登陸案,
開漲,
股今,
挑戰元,
再創,
低量,
塑帆,
回測點,
十月,
增創,
國際大廠,
點整,
近慮,
破片,
國偉,
高階產能,
電極力,
千億元,
新思,
季後發,
金酬,
放現,
店頭,
季合,
創單,
衝破,
電富邦,
價表現,
電發言,
光將,
指數來,
股價收,
對照,
仍以,
凱基連,
電評,
為台,
結賣,
藍牙耳機,
過個,
中鋼構,
多給,
貨影響,
坦伯頓,
竹科廠,
積電先,
回補庫,
第一台,
天大,
股尾盤,
配息元,
北區,
設備值,
中指,
資買,
單量,
攀上,
設備將,
壓出,
寶成,
存取,
已來,
觀察國際,
積體,
充沛,
翻揚,
套牢,
標台,
張忠謀親,
出盡,
營業稅,
對奈,
卓永財,
指數盤,
性水,
體類,
師侯明,
低階手,
入帳,
張淑芬,
下調,
無人車,
光來,
高殖,
三雄,
受創,
看旺,
國家級,
早開,
戰役,
產奈米,
調台,
有表現,
盤漲,
生產中,
起伏,
低點點,
游走,
商台,
達兆元續,
施昶成,
矽島,
高居,
積電營,
發區,
經濟開,
急拉,
江蘇省,
億元賣,
營運動,
觀察外,
張銘斌,
減台,
調高至,
轉空,
陰霾,
追高,
僅台,
增奈米,
積電法,
缺陷,
天即,
證市場,
收盤點,
二檔,
零成長,
背離,
電友,
股依舊,
海力士,
職國宴,
淡化,
母校,
軟友,
交貨,
盛況,
美系外,
獨吃,
高晶圓,
易方,
布建,
增聘,
漲富邦,
燈漲,
直至,
新猷,
漲約點,
比比,
將介,
志同道合,
金殖,
體廠,
公司股票,
雙虎友,
吳承,
另一家,
創事業,
字頭,
至兆元,
歐衝擊,
全場,
震盪台,
豐厚,
電資本,
搶產能,
結台,
收黑,
擠入,
黯淡,
營益,
強台,
晶圓產能,
電國泰售,
單遞,
跌聯,
獲利均,
射頻,
標較,
將高,
最會,
手機處,
觀察類,
近百,
數關,
股台積,
百分之百,
頎邦,
科股,
開發者,
鋼鐵股,
電領,
光學鏡頭,
金鼎,
量產奈米,
沙龍,
挑戰年,
累計前,
穩億元,
億支,
葉獻文,
電南科,
巨頭,
營運目,
可領,
計營,
百大,
股匯,
光聯,
做球給,
漢堡,
上下游,
合組,
占有率,
非金電,
航運,
結宏達電,
酬金,
率約,
營所稅,
上榜,
超聯,
推算,
電證實,
不均,
電員工,
艾司,
超過點,
獨拿,
奈米量,
大步,
獲選,
機市場,
出貨將,
工早,
股價大漲,
電除,
點的,
破底,
高效,
營收及,
季增近,
成表現,
稍作,
對產業,
出貨遞,
資人,
三款,
策略性,
他強,
手機產,
將邀,
名員工,
聯電南,
中電子,
封裝產能,
試單,
預期合,
電外,
單一個,
營運將,
結賣壓,
營中,
灣大,
收目,
計三大,
日法,
科漲,
日韓,
分台,
各廠,
創萬張,
創台,
電億元,
急遽,
穩健國,
最熱絡,
金萬,
犀利,
比過,
成蔭,
設立台,
加計,
達漲,
季報,
多頭力,
點間,
營建股,
首座,
英屬,
維京,
退學,
粉絲頁,
凌陽,
詮電,
尾聲,
億元元,
大半,
楠梓,
三安光電,
因美國,
值王,
億晶圓,
光罩,
行庫存,
勞約,
廠將,
一掃,
台達電,
年營,
矽智財,
凸塊,
駕駛車,
報表,
電終,
電並,
差台,
南洋,
重拾,
電晶,
總營,
股作帳,
線約點,
電買,
指數權,
重由下,
縮價,
應將,
電獨漲,
隨美股,
億元國,
股將,
季業績,
晶圓六廠,
墨比爾斯,
及輝,
股後續,
股有,
失而,
高志,
穩住,
寶悍,
微影,
期現,
外資點,
億元到,
標區,
資連續,
專為,
顆奈米,
週期,
個股,
溫台,
股攻,
增近,
連袂,
永昌,
關卡台,
近點,
電客戶,
退潮,
揚盤,
洗三,
開年,
超前,
調幅,
國際板,
下方,
接班人,
業務量,
扣抵,
中股,
股多頭,
各路,
本國人,
電金,
至則,
序幕,
尤以,
奈米市,
股連,
指數則,
仍宜,
天並,
富蘭克林,
攻克,
但台,
經濟景氣,
跟上,
結算外,
高昂,
達台,
出廠,
股收,
股大立,
萬豪,
微機,
電晶圓廠,
及產品,
一路上,
電後市,
技股,
電日,
日台,
攻破,
跌台,
單將,
博士生,
電從,
來臨,
電高達,
盤堅,
五日,
十個,
起薪,
天價,
千點,
金額標,
證券統,
壓倒性,
證券市,
此波,
率台,
受惠者,
層樓,
順利達,
預期奈米,
口逆價,
目標價,
金紅利,
縮小,
創近,
功率,
電權,
點標,
普指數,
說會將,
可觀,
盛事,
賣方,
大局,
貨市場,
比約,
微星,
望台,
公司法,
跌逾點,
演進,
第一句,
單達,
無懼,
激情,
高性能,
科第,
李國鼎,
下合,
籠台,
點月,
重鎮,
證前,
億顆,
權息個,
商台積,
厚度,
量縮,
此座,
股價盤,
計前,
寬敏,
強勁表現,
點但,
導體,
股納入,
積電月合,
電收,
港系,
及營業,
十四,
元現,
回頭,
加溫,
擴廠,
震度級,
軍台,
申請件,
股震盪,
移至,
超車,
僅能,
庫克,
外資動,
移位,
解鎖,
季營,
航運股,
高規,
報導台,
收走,
未納,
將落,
軋空,
補跌,
遇上,
自猴,
勞總計,
事會,
預算台,
東報,
點再,
股馬首,
限電,
中僅,
電內部,
產台,
瑞信,
億台,
股及,
電台積,
商大立,
股除,
泰金,
將創,
相近,
之後台,
盤中來,
以紅盤,
但盤,
活水,
孫又文,
大個,
股股,
點以,
挑戰前,
晶圓大廠,
前例,
拉扯,
資維持,
億元且,
資金避,
絕不會,
中區,
收持續,
產業長,
接帶,
電通富,
少量出,
體化,
學品,
動弘塑,
殷切,
該廠,
弘塑年,
通吃業績,
貨第季,
微電,
平平,
為奈米,
點不過,
漲跌,
欣銓,
封測業,
航運類,
模範,
落後補漲,
股民,
前段,
充裕,
時序,
揚台,
電國泰,
看元,
統一連,
居台,
十家,
基元,
之遙,
電有,
脫震盪,
師及,
國泰證,
全盤,
股期貨,
並擴,
采鈺,
略微,
體庫,
魏永祥,
翻紅台,
電撐,
高至元,
漲元收,
急速,
點費,
億萬元將,
張鴻海,
沈士傑,
產品將,
電登陸,
停元,
光學,
達級,
電自,
若台,
王耀東,
堅挺台,
二天,
瓊永續,
價續揚,
首顆,
積電評,
觀禮,
林文伯,
李遠哲,
園徵才,
邱慧平,
數水準,
機拉貨,
金國,
機將,
率表現,
應聲,
鏈營,
停賣,
股帶,
出脫,
遭調,
盟主,
資上,
趁機,
檔區間,
李遠,
指數續,
台中港,
仍強,
設計業,
點來,
電表現,
電好,
主政,
對員工,
及聯,
交所,
金額僅,
美國道,
第九,
最熱門,
王仲良,
點加權,
買入,
第二根,
破表達兆元,
採用奈米,
收且,
詹家,
達兆元平,
略低,
不淡台,
競爭者,
電估,
跌深,
鏈業績,
滿滿,
中低,
電擁,
空單,
三安光,
資大買,
萬顆,
作多,
泰證,
翻黑,
開放式,
漲台,
虔生,
股下,
網將,
三季,
較強,
電財務長,
點將,
股起,
營收表現,
吳佩凌,
匯能,
日登場,
股站,
口合,
初估,
觀察盤面,
測廠,
短線將,
低階手機,
試產線,
點未來,
收站,
股開盤,
張台,
光寶科,
最壞,
三台,
接案,
以設,
調派,
勁揚台,
資熱錢,
億元大類,
捷安特,
麥克風,
強勁盤,
電後續,
打進,
近台,
選擇權,
資金面,
資青睞,
將親,
下營,
輕薄,
收有,
權證凱,
蘋果奈米,
材股,
電運動會,
光明,
灣發生,
百餘點,
資餘額,
圖及,
行動繪,
快則,
慢則,
順利達成,
中時,
四日,
拋匯,
賣台,
二創,
行進,
極加碼,
送樣,
超萬,
評等及,
股較,
商則,
廠業績,
將比,
使台,
空頭,
億元將,
建股,
財廠,
投資將,
動台,
資持續,
達群,
輪動,
週將,
張百宏,
貨潮,
兌新,
第十,
貨動,
將超過,
現貨持續,
三大類,
機械產業,
電生,
微控制器,
吻合,
電在奈,
贏者,
杜紫宸,
放生,
周線則,
瑞聲,
融資餘額,
二大,
飛翔,
外產業訊息,
評等目,
近千點,
飆上,
手級,
爆炸事件,
台積奈米,
開工率,
看晶圓,
價收,
日線點,
輸家,
看量,
石黑,
瓊工業,
企業入,
渺茫,
率僅,
大熱門,
光鴻海,
電會,
銷售表現,
微科弘,
點失,
追單,
師說,
面相,
反手,
購漢微,
兩方,
股持續,
股面,
半碼,
光光,
日收,
單一檔,
整台,
王美花,
下季,
達電,
將不超過,
採獨資,
回盤,
涉台,
大選前,
之父,
下檔,
運動能,
營收介,
一哥,
高者,
之冠,
營運會,
外台,
口水,
資資金,
值個,
股現,
指數漲,
白牌,
眼光,
點元漲,
電元大售,
已連續,
各期,
獨步,
開平,
高階封,
密切合作,
比將,
外台積,
土建,
電規劃,
拋出,
張統,
薄弱,
轉天數,
台灣員工,
授證,
提防,
分時,
降低成本,
結加權,
看不懂,
灣日,
國泰金收,
聯家,
熱門標,
更多訂,
台資,
展區,
戴正,
連買,
不談,
高年,
效表現,
漲聯,
中國市,
連三黑,
創新要,
高達兆元,
場業務,
上方,
收優,
仍屬,
預計介,
單軸機器,
四倍,
聯電萬張,
體業界,
風港,
源自,
轉進奈米,
跌金,
暖身,
新技術,
外資多,
將趨,
廠員工,
積電上,
電的,
橫向,
股來,
應器,
肥貓,
屹立,
財產局,
儼然,
進入奈米,
缺電,
一包,
網及,
外資調,
江蕙,
津貼,
伙食,
海思,
電翻,
拚先,
四檔,
領先業界,
積電年,
將回,
塑營,
貢獻弘,
營建類,
季成長,
股外,
自大,
股價續,
衝點,
關卡盤,
戲碼,
電生產,
恐較,
耶魯大學,
資金持續,
揚升,
植樹,
績將,
點終場,
居次,
將影響,
同日,
琥奇,
高效率,
定心丸,
預計月動,
電一檔,
衝關,
現價,
跌量,
京城,
內半導,
設計類,
離場,
偏弱,
回日線,
警訊,
投資人關,
戲劇化,
配股,
數台,
迎來,
來將,
與鴻海,
教材,
西進,
這兩家,
點或收,
電現,
聯袂,
過點,
股以,
股業績,
佔率,
拆解,
電和鴻海,
電過,
劣勢,
賺元季,
點營業,
光宏達,
歐民調,
獲利創,
進行奈米,
盤台,
外資目,
群益元,
結標,
隨後在,
電大,
這兩檔,
追逐,
二者,
金國泰,
創掛牌,
天順利,
預期將,
低檔,
顯影,
連賣,
轉佳,
停鎖,
交割股,
將可季,
營行動,
準業績,
億元目,
電以,
產營運,
大餅,
拔河,
抬台,
專利申,
電幾乎,
週自,
週賣,
超上,
碩台,
躍進,
壓力區,
節性,
多口,
圓出,
太高,
透率,
值來,
發新,
統一證券,
廠鴻海,
股資金,
市場關,
力保,
至人,
上修,
積電大立光,
網產業,
資金進,
視半導,
突見,
出強,
彭博新聞,
指數將,
積電達,
四家,
香港股市,
點區間,
億豐,
價約,
手台,
商漢唐,
匱乏,
動土,
中芯,
工紅利,
補貨,
鋼萬張,
大客,
高階手機,
股處,
群益售,
電預,
未退,
夜班,
組裝廠,
億元單,
華亞,
股在,
將採,
電員,
權年,
於點,
兩日,
將受,
股如,
由鴻海,
卡台,
郭智輝,
股暫,
區分,
停產,
二位,
師預,
隱憂,
證券業,
奮力,
三大主軸,
蟬聯,
一役,
張華亞科,
華力,
省委,
台幣重,
周登場,
廠長,
開放態度,
億元表現,
本土化,
金萬元,
電將會,
兩週,
股價元,
殊榮,
大好,
觀察日,
時降,
極買入,
溫至,
投資人積,
或代號,
第六期,
全天候,
下盤,
的點,
恆生,
值僅,
泰金盤,
本薪,
總經理林,
將帶動,
幾家,
日矽,
疲態,
機供,
業將,
川普勝,
置評,
照常,
商大立光,
科展,
護體,
作夢,
積電是,
價俱揚,
股連續,
連結鴻海,
台指,
延影響,
為口,
機械臂,
獨撐,
減對,
施崇棠,
億元間,
低成本,
由紅翻,
台銀,
近尾聲,
固態,
股維持,
名列第一,
中上,
中持續,
商進,
交換器,
戶爭,
奪大戰,
行客,
積電南,
警鐘,
減到,
電反彈,
商弘,
擴建龍潭,
取是,
宣辛耘,
乘載,
添成,
塑及,
發性,
已近,
盤點,
定律,
晶圓生,
殷琪義美,
泥亞泥,
點火,
收表現,
忠謀,
稍弱,
電小漲,
第季表現,
其餘均,
銅台,
壓回,
驚驚漲,
及技術,
股盤面,
時加權,
胡文琦,
戴勝益,
漲約,
修到,
資態度,
單台積,
電開盤,
恐影響,
士修,
貼息,
重話,
電影響,
過量,
安聯,
週線,
點電子,
自營商,
沈重,
康京鼎,
手安謀,
宣去,
開高震盪,
換言,
為盈,
連年,
張鼎張,
林錫銘,
對會員廠,
曾針,
體龍頭,
三日,
老產業,
呼應台,
進目,
計上,
擴建,
點支,
張外,
晶圓級,
漲元來,
碩漲,
數續,
半月,
英瑞,
收維持,
看外,
今開,
一把手,
開市,
更佳,
無量,
停損,
踴躍,
達點,
經濟表現,
股態度,
股價調,
增一成,
放大器,
認養,
楊瑞臨,
重調,
矽力,
電衝,
師陸行,
超眾,
矽創,
的則,
洞察,
光有,
文獲,
非揮,
移動式,
漢翔,
發科中,
減約,
成鴻準,
截止日,
續漲,
力晶,
新進,
數逾點,
第季奈米量,
萬點,
等題,
極度,
計權,
看空標,
經營績,
金約,
相結合,
寶可夢無法,
瘋寶可夢,
僅約,
科來,
利多消息,
而外,
彭明敏,
縮高檔,
外資淨,
投產早,
頸線,
嵌入式,
股月線,
估台,
鄭培敏,
標為,
流竄,
發科盤,
污泥,
萬餘片,
組隊,
底部,
保險理,
開業典,
紅潮,
抬頭,
科政,
往下,
爆量,
股當,
電前,
有二檔,
裕民,
資金居,
以點作,
旺宏,
真理,
唯量,
非蘋,
佳表現,
問候,
不順,
自駕車,
領軍台,
創生,
周國剛,
訊奈米,
海大,
西拉,
電機類,
還不錯,
漸增,
資買超,
鋼鐵類,
調並,
非常少,
轉單,
綠電認,
連紅,
現拉盤,
產將,
蔡明介,
股浩鼎,
新機備,
第高水準,
面表,
產應,
發元,
拉回,
翻倍,
職率,
二季,
看盤,
統計外,
收台,
智能化,
價以,
台積法,
收元外,
搶眼,
用奈米,
獨家供,
至費,
收季增,
惠普,
雙鏡,
獲利將,
股汽車,
至個,
達鴻海,
股近,
體供,
靜態,
縮小至,
收產生,
增約,
能為,
入列,
創元,
科及,
破表,
總員,
工數,
小到,
銀集團,
標機器,
期表現,
廠江,
拉尾盤,
請件數,
線約,
回補空,
老綠,
股並,
名列前茅,
高成,
線台,
工將,
監事會議,
更強,
股均,
陸續將,
逾兆元續,
購權,
億元收,
電轉,
動工,
電半導體,
連個,
積電受,
技業,
值股,
電加,
碼評,
獲利數,
坐領,
空出,
股價漲,
甲仙,
光日,
一席,
時台,
鏈漢微,
連假前,
攻數據,
股晶圓,
張忠謀前,
瑞昱,
收紅上,
股能,
羊台,
櫃企業,
竹南,
搶單,
人手,
餘億元,
扶搖直,
競爭關,
電創,
問世,
逾宏達,
出場,
點或來,
泡沫,
應是,
不出,
儲存型,
資法,
堅攻,
利達,
羨慕,
停價元,
錯表現,
稱霸,
廠區位,
急攻,
未平倉,
破點,
吳澧,
光電股,
估到,
手表,
正反,
進據,
電多達,
展將,
股價創,
順勢,
總營收,
清大,
漲金,
跌近,
估奈米,
計廠,
國泰證期,
電優,
翻升,
新意,
超逾萬張,
三度,
點收盤,
電走勢,
宏博,
測產業,
教案,
密度,
群雄,
各為,
萬萬,
電長,
航運觀,
運成長,
漲動能,
短小,
電明,
創新產品,
輔助系,
歐效應,
劉德,
轉投,
打頭陣,
產業將,
張忠謀則,
雙輪,
致股,
朱晏民,
開始產,
這一波,
超自營,
高目,
愛立信,
超元大金,
吳澧培,
單產出,
該產品,
學堂,
財子,
明晚,
均富,
創新會,
股早,
電根據,
愛行動,
思蓓,
開高拉,
說會本,
挑價外,
生產加,
傲視,
過了,
連結股,
積電申,
無畏,
修資本,
明台,
進超,
推動台,
具題,
揭曉,
創業者,
獨拿處,
高階封裝,
輕薄化,
股陸續,
穩高價,
聚丙烯,
資積,
股樺漢,
資獲利,
衝高後外,
零食,
現高,
歐時,
車供,
業是,
指數拉出,
點元大,
第季拉貨,
高思,
電來,
股漲點,
衝擊台,
平均值,
連結標,
減半,
成長將,
明會後股,
數跌,
生技業,
瓜分,
營運持續,
已大舉,
漲晶圓,
超過兆元續,
拉動,
單中,
電受,
金友,
點報點,
台灣廠,
光漲,
擴大免,
稅項,
不計,
變台,
攻至,
廠務系統,
七個,
價漲,
出名,
強攻,
年報,
貨訂,
電同,
同創,
今盤,
恐會,
慰勉,
貶逾角,
跨校,
攻頂,
竹市,
陸資來,
積奈米,
元大,
說會個,
憂心外,
指結算,
機光,
整將,
積電聯,
修至,
中權,
產奈,
慶祝大會,
購華亞,
貿聯,
衝台,
林威,
看跌,
價量,
五窮六絕,
源源,
穩電子,
告書,
起步,
誕生,
擊敗,
微降,
臨不論,
機等,
技嘉,
當先,
避之為,
開始型,
節後的,
試水溫,
研華,
會量,
段落,
解析,
及物,
逾元漲,
過台,
資喊,
武漢新,
急殺,
傑發,
約兆元,
電不會,
因英國,
積電及,
進逼點,
空手,
張忠謀個,
明會台,
將蒸,
級個,
證衝,
收腳,
時則,
權證台,
略降,
未來市,
互有,
觀察美國,
網通類,
放行,
美濃區,
將召開,
大陸設,
測業,
系外,
雖為,
電可,
打出,
缺少,
連季,
廠並,
收約,
存去化,
張日,
廖祿民,
單動能,
收衝,
電即,
轉化,
及後續,
增發,
發市場,
突圍,
收數,
金鴻海,
現震盪,
友達群,
抵銷,
觀察月,
人及,
點至點,
縮震盪,
高姿態,
紅助,
高階鏡頭,
漲元為,
銷售動,
成品,
時代來,
獎者,
張大立,
收外,
師眼鏡,
更直,
整季,
準天,
數也來,
降權,
營運商,
浩鼎漲,
探底,
人模,
張忠謀及,
日點,
資結束,
營收來,
電路板,
修為,
商標,
漲升,
關後市,
股價衝,
證跌,
起漲,
運而,
獲新訂,
股新,
電在後段,
大台,
睡蓮綻,
睡蓮,
香水,
葉夜,
排班,
廠產能,
回平盤,
中國通,
萬度,
翻天,
壁壘,
攻點,
言表,
獲利較,
歷練,
這已,
領到,
強敵,
達萬張,
還須,
外患,
點短線,
居首,
華映,
落腳,
隨蘋果,
大陸市,
空勢力,
以光電,
電未,
點終,
張俊雄前,
詩人,
經建會,
電在奈米,
正逢,
緊鑼密,
顯優,
由羅鎮球,
體產值,
波資金,
眷屬,
第二代,
受國際,
挽回,
裁員及,
點時,
朱天,
電走,
台灣供,
數終場,
營收季,
整齊,
近五個,
淡定,
庫藏,
電展,
沈學榮,
蘇聯,
震傷,
通訊產品,
美國及,
不濟,
電國泰金,
繼聯電力,
減年減,
落地生根,
重獲,
集成,
結月合,
成將,
爭食,
自傳,
打亂,
鎧勝,
面見,
資動態,
電還,
將出現,
雙雙開,
金像,
張忠謀強,
金遭,
舊產業,
雖逢,
人資,
收當,
練兵,
發紅包,
紅包,
雄厚,
超多,
碩禾,
數類,
當過,
南科及,
暨鈺創,
未受,
勞健保,
學術界,
發科權,
看俏,
資參與度,
二產業,
指紋識別,
股前,
因大,
必需品,
鼓舞,
標季,
三強,
次之,
親臨,
變化將,
輕微,
貢獻將,
數漲,
股價震盪,
龔明鑫,
維持營,
防禦性,
棄息,
已量,
電成長,
擴大台,
以內,
前十名,
齊揚,
資連賣,
現跌,
大陸股,
搖晃,
工有,
減影響,
超低,
線大關,
主攻,
不大台,
第季處,
內晶圓,
機廠,
負值,
大購,
庫藏股,
發放現,
電高,
進台積,
著墨,
獲外資,
按兵,
調受,
數年,
確立台,
證元富,
歸隊,
水中,
插曲,
發科及,
矽戀,
雖低,
超匯,
超權值,
發表新,
領軍上,
紀錄並,
這四檔,
概算,
衝破千億元,
觀察半導體,
股若能,
指日可待,
續將,
體的,
指數連,
股聯,
期貨淨,
點漲,
上周四,
明亮,
傲人,
僅供,
產成,
節前,
揚帶,
日訂,
領台,
電憑,
自給,
投資額,
通訊大會,
時代台,
穩國際,
豐碩面,
銅牌,
過面,
獨得,
電腦展,
態系統,
看景氣,
大企業,
電應,
購入,
指引,
信邦,
相當台,
逆風,
德林,
陸企,
廠群,
翻紅鋼,
開小高,
股匯市,
大陸晶,
若要,
明後年奈米,
貢獻度,
產晶,
浸潤,
資主導,
進鵬,
修銷售,
企管,
似藍牙,
藍牙耳,
正崴,
火熱,
光環,
當樂觀,
營運相,
電看,
許未來,
高超,
過兆元,
資稅制,
研磨,
唯獨,
轉倉,
收元宏達電,
資並,
都屬,
玻陶,
民奇,
衝破兆元,
觀訊息,
為連,
電郵門,
電南科晶,
進奈米,
電全,
計畫轉,
第桌,
聯亞,
遭外資,
東會前,
美台,
創計畫,
盤進,
計賣,
開個,
運系統,
點不僅,
應為,
黑手,
芯國際,
轉買,
現將,
成長僅,
型號,
能略,
手機將,
豐凱基,
資建議,
將轉,
電維持,
新紀錄,
驍龍,
跌鴻海收,
電子次,
研究成果,
美國景氣,
生產國會議,
野心,
查訪,
購會,
避談,
閉口,
詳答,
設計及,
四重,
發生且,
斷電,
林院,
啟議題,
最後結果,
矽品合,
一重,
好菜,
產業整,
應當,
惡意購,
誠實面,
連結漢,
止血,
宋恭源,
火速,
座落,
一較,
億元創,
股價來,
點壓力,
微米,
電累,
張忠謀會,
輕化,
這兩年,
量產晶圓,
榮光,
採奈米,
進用,
廠新,
進人員,
轉進奈米後產業,
風險性,
出超,
二個,
點除,
收較,
股因,
電罕見,
紅台,
開法,
忘記,
現股,
商為,
股過,
往上拉,
盤中漲,
大三,
盤後股,
逾家,
錢冠州,
較輕,
面將,
郝明義等,
高階設備,
獎頒獎,
強強,
傳產業,
關業者,
校全場,
戰點,
兩顆,
臨點,
過盤,
貶台,
爾資料,
發生斷,
業供,
減少台,
工薪,
權證元,
解套,
股順利,
科輝,
檢修,
登漢唐,
跳槽,
黑外,
發條,
材面,
研發費,
美西,
外賓,
洪鎮海,
遞延,
師節,
中線,
也僅,
薪酬,
投資設,
該員工,
調薪率,
浸潤式,
遠優,
隨勢,
科將,
點創,
多分,
需觀察,
接續,
目標邁,
家廠,
數日,
路通,
過成,
一企業,
股連日,
未含,
證券期,
貨顧,
游客,
名下,
區懷生,
中石化,
攻高,
電設,
商進行,
瓊期,
貨電子,
業與,
觀察不過,
獲利皆創,
軟板,
機會攻,
面來,
發行量,
未變,
從技術,
破表高,
組廠,
差明,
顯收斂,
筆電鍵,
組裝業務,
階手機,
機及,
控技術,
辨識市,
及微,
生產超,
協助家,
網路市,
貨超過,
手機市,
倍觸,
過種,
樂趣,
釋股,
比月,
強整,
使用率,
深具,
電器,
趨樂觀,
節點,
獲台積,
紡織盤,
行動處,
運動產業,
全國營,
國稅,
雖然量,
康友,
盤欲罷,
消長,
資先,
奪冠,
品線,
康帆,
強勁類,
發科漢,
微科及,
過後台,
變色,
積電淨,
果粉,
大減,
產年,
全率,
電美國存,
股人氣,
德意志,
經連續,
驚漲,
點距,
崇仁,
開高直,
電積極,
被動,
電早,
第根,
仍逆勢,
節約,
服務團,
強項,
發科來,
點分台,
解凍,
機銷售,
科林,
營收表,
走堅,
終場僅,
日大漲,
聯電則,
竹科及,
收跌台,
貨表現,
隨著台,
骨牌,
日拉出,
探點,
斥資,
貨會,
微乎其微,
貨時間,
資不願,
貨中,
自台,
電今,
台灣生,
預見,
還需,
未明,
過長,
爾將,
預先,
財大廠,
頹勢,
擔綱,
瑞銀證券,
逐夢,
湧進,
股單,
資力,
現貨價,
機械國防,
彩晶,
穩撐,
超動作,
隨現,
除強,
下股,
股拉回,
證期,
攻盤,
漲百點,
緊供,
文伯,
張懋中,
最有,
要是,
速率,
已到,
點為點,
李麗珍,
領先台,
高外資,
碩廣達,
師的,
雖相,
葉獻文點,
高階機種,
電廣達,
獨秀,
減持,
穿越,
衝刺奈米,
約元,
而產能,
線來,
日經亞洲,
賣出,
換成,
電決定,
受聘,
穩台,
鐵股,
而奈米,
體個,
電將端,
科針,
電美系,
補貨期,
隨著奈米奈,
聯電聯,
鋼及,
數早,
擠進,
穩腳步,
打昏,
戰火,
由大立,
跨域,
轉戰,
電和大立,
進亞洲,
貨奈米,
已導入,
第季出,
試產年,
業界表現,
積電遠,
金盤,
股氣勢,
股護,
比電路,
發表奈米鰭式,
欣興,
增億,
聯芯,
王寶座,
應大陸,
計算現,
股線,
數仍,
價計算,
該校,
整至,
科海,
許會,
張忠謀夫,
股多空,
穩後續,
雙鴻等,
非但,
股達,
漲國泰證,
漲群,
鋼鐵盤,
相對持,
億占大盤,
三倍,
書及,
決台積,
提請,
盈餘擬,
東常會議,
任張,
發表台,
忠誠度,
總獎,
實作,
美超級,
產業展,
黏著,
穩坐,
獎年,
拚奈米,
專精,
發來,
開發階段,
正以,
進階開,
意法,
首台,
翻紅收,
貪得,
無厭,
電發,
洪廣禮,
創客,
股轉,
電稱,
調機構,
爾及,
競電腦,
驍龍處,
首當,
裁減,
收相,
應台,
繼月,
金雞母,
思維來,
編列釋,
貨由,
性賣,
電以奈米,
廣積振樺,
飛捷,
電腦廠,
四所,
杜聰明,
杜聰明獎,
統計台,
添增,
點稅後淨利,
約奈,
機會展,
張忠謀演,
講新,
考上,
用水量,
施宣輝,
打工仔,
宣輝,
結鴻海,
尖端,
發言人孫,
前瞻,
廠展,
中國設,
吸附,
跌股,
產時間,
踢踢,
營運釋,
業法,
雖未,
趁勢,
資圈,
開股,
統單,
調面,
李強,
電回,
萬千張,
電英業,
趨近,
選及,
撤資,
避風港,
營收數,
線之間,
獲此,
資賣壓,
電壓,
成大,
影響性,
溫跡,
擁下,
漲樂,
電達,
繁體,
中文版,
產業面,
紋辨識,
領電子,
布下,
工進度,
體景氣,
最後一筆,
往下走,
更能,
當面,
關台,
獲利新,
革命性,
數值,
關表現,
工當,
技術驗證,
車無人機,
領域將,
近股,
第季略,
隨後翻,
電源供,
擴大奈米,
提供者,
箱型,
開台,
轉到,
名分,
計龍頭,
市價,
費半,
證熱絡,
積電即,
精華,
體晶圓,
超額,
恐因,
高至,
可謂,
鏈產值,
矽晶圓,
歐後續,
消息面,
資為,
高手,
趕不上,
工們,
示警,
額將,
集邦,
獨強,
拉攏,
自中,
股綠能,
悄悄,
材發酵,
點日,
遊樂園,
轉用,
阻力,
授予,
翻紅漲,
人要,
調奈米,
投信則,
躋身,
疑問,
微縮,
授命,
臨危,
隱形,
最後一,
美邦,
撮合,
氣盛,
內要,
貨是,
電史,
開始拉貨,
恰恰,
廠量,
獲利則,
貨且,
能將,
開在點,
較營收,
更連續,
減稅後淨利,
廠當,
高飛,
振翅,
突起,
學到,
運將,
超餘,
投資先,
電原,
演講時,
結緣,
書開,
話鋒,
電的員,
細數,
最多達,
附屬,
沾光,
過奈米,
飆股,
提倡,
連結友,
總成長,
第季法,
連四黑,
成鴻海,
杜旭純,
發電系,
迎合,
電下,
成台,
跳躍式,
緩台,
這三檔,
隨著供,
廠中,
師預期,
空方,
電和大立光,
急先鋒,
測技術,
跌樂,
顧不會,
科創,
觀展,
愛美科,
高階產品,
治國,
機種並,
工作台,
已連,
設計龍頭,
開賣後大,
歐系外,
起連續,
開發出,
林伯豐,
工商界,
產能將,
盤鴻海則,
電維,
點營益率,
穩步,
紅會,
前身,
面個,
隨國際,
紡纖股,
彭明敏辜,
聘任,
購台,
需求量,
年均,
點並,
發科鴻海,
撰寫,
資則,
擔心川普,
結算日,
急升,
頻創,
跳高,
穩居龍頭,
貨將,
這兩大,
電傳出,
意謂,
獲外,
是鴻海,
觀察指,
日還,
僑外,
電張,
產業裡,
電工,
通吃,
漲友,
矽品將,
挑戰台,
緊產品,
大成,
灣銀行,
生技光,
詭譎,
多變,
出擊,
帶動國,
股羊年,
狙擊,
教父,
爆台,
親自為,
變以,
為鴻海及,
重為,
網業務開,
電物聯,
發處,
瞻為,
早表現,
瑞昱宇,
選在,
逾千人,
重達,
第一份,
果然,
電統,
採逢,
落後台,
股逆勢,
講求,
股鋼,
成法,
殺出,
焚化,
換機潮,
進一個,
第三季,
高調,
科強,
痛失,
重兵,
碼台,
科南,
強類,
激鬥,
收歛,
整財測,
彌補,
行情表,
操刀,
購從,
金電期,
逾口,
禁得起,
築夢計,
演藝廳,
青春,
擴大資本,
檔標,
收益率,
損萬元,
難講,
看相,
震震,
高精密,
盈餘則,
影院,
平盤點,
產品則,
超強,
已足夠,
貨副,
高階手,
觀設,
電據,
新動能,
很強,
茁壯,
從元調,
並協助,
掩埋,
短少,
點之間,
王兆立則,
砍價,
由原,
豐沃,
過宏達,
集團作,
黑盤,
收月線,
泡沫化,
萬千點,
爾約,
將問,
數倍,
火台,
攻堅,
將具,
擢升,
張曉強,
秦永沛,
玉傑,
新舊,
韌性,
東洋,
虧元,
差異易,
測器,
比聯,
計及,
研以,
獨秀聯,
投資半導,
結合產,
統為,
積電開,
變現,
機虛擬,
淵源,
點驚險,
體產出,
生產據,
除奈米,
試產良率,
任資深,
因台,
數盤,
軟銀,
日大盤,
補空,
漲鴻海收,
郭台銘拔,
強中,
率預,
環差,
點為,
股會,
恐無法,
逾類,
日增,
攻勢止,
股紛,
自亞洲,
漲至點,
袋為,
紛成,
結入,
恐慌性,
趨向,
泰證期,
工整,
惟量,
打敗,
資金技術,
電繼,
逾元,
較重,
過臨,
沒聲音,
鼓掌,
白講,
整好,
遞給,
電各項,
順利通,
時動議,
結算後外資,
注明,
攻奈米,
發科收,
數據表現,
盤前,
電發行,
電進,
金跌,
為宜,
立基,
竹北,
已漲,
產進度,
成威脅,
股出,
扇出,
驚奇,
轉王,
橡膠類,
為後續,
發科日,
論文前,
第季動,
追平,
近倍,
設大,
期能,
進調,
股衝,
每片,
第季用,
那斯達克費,
重展,
締造,
用愛傳,
憨兒,
影志工,
缺貨到,
投資要,
普遍性,
用到,
數蘋果,
方略,
創等,
元晶,
空交戰,
管區,
破裂,
大老,
資選擇,
跟不上,
重摔,
科成,
驅動廠,
業景氣,
未來物,
跌至點,
這顯示,
變且,
鞋子,
時間點,
說服,
進逼,
碩表現,
收元漲,
數再,
更大,
帳面,
盧秀燕,
遺贈稅,
醬油,
稻米,
股明,
數拉回,
顯拉回,
近友,
挫電子,
股後新,
走平,
體股,
震盪僅,
美國費,
提共識,
股觀光,
車大廠,
漲道瓊,
往盤,
鐘又將,
戶訂,
金融界,
全心投入,
這兩,
金高達,
廠漢,
項產品,
戶輝,
積電位,
業聯合,
試廠,
技術員晶,
職缺將,
鴻海收,
富蘭,
凌岩聘,
百家,
電連續,
電等個,
連紅並,
投資台,
股龍頭,
靜待,
企業主,
電獨家供,
強敵獨,
該處,
電擊,
新機處,
而來,
萬台調,
師郭,
本周一,
依序是,
點英國,
補台,
恐出,
生產年,
綜所稅,
爾台積,
產時,
巨量,
電去,
數持續,
漲達點,
順利將,
遞件,
股持,
晚年,
王台積,
積電供,
賽靈思,
獨有,
正積,
連續季,
點到,
徵信所,
獲利賣,
著台,
樊晉源,
產學研,
廠力,
電處,
緊接,
資通訊產業,
張家瑋,
概股,
歷過,
社論,
恐對,
劉鏡,
發經費,
樺漢,
廠興,
領漲,
新頁,
鼓建廠,
金平,
經亞洲,
貨億元,
狂銷,
收恐,
顯卡,
節不過,
目標區,
財信,
第三座,
鞏固江,
積電晶圓,
片區,
投產後台,
新晉,
資赴,
橋林,
最後一塊,
經是,
產業合,
維護費用,
環保設,
施及,
抵抗,
金統,
經濟典,
電子級,
重金,
接替,
國庫,
高階市場,
點大,
沿著,
籌碼面,
遠憂,
領萬,
韓等,
減資本,
股要,
溫水,
技術家,
爾有,
機會導,
影技術,
登在極,
獨董,
金高層,
購華亞科,
重台,
結算盤,
機手,
探元,
震盪拉回,
資金轉,
現小紅,
玻陶少,
翻小紅,
黑半導體,
擴量,
進電子,
雖然法,
貨布,
超外,
網下,
繩菲律,
音顏,
賓及,
田玉科,
林研發,
閉鎖,
電系統,
可愛的,
忍不住,
股殖,
運往,
量產後需,
權證試,
幣走勢,
調配,
顯華,
白白,
數縮,
忍受,
雙項,
座標,
比大盤,
確表達,
要面,
鋼統,
葉菊蘭,
耆老,
清華,
美化,
普台,
聯鈞,
德華映,
百倍,
所大專,
遠見,
蔡美娜,
減億,
首件,
電服務,
化妝品,
金在,
科華碩,
矽晶片,
進場試,
發先,
載奈,
觀察台灣,
正果,
贈馬佐平,
豐洲,
羊蹄甲,
神岡,
發展局,
應植樹,
樹苗,
桃花心木,
植大葉,
植樹株,
蜜月,
歷時,
聯電格羅方德,
股史,
多領,
工程系,
碼調,
離去,
桌則,
引導產業,
過後,
豪威,
拉貨動,
獲利雙,
社會賢達,
雖然現,
財產資料,
抵禦,
林格勒,
隨後就,
略有,
這數,
雙鴻超眾,
審結,
專利新,
延攬,
全面性,
僅為,
寫成,
組合優,
買單,
組拉貨,
平業績,
觸底,
鏈出,
需求增,
頭手,
戶華為,
隨著點,
持穩,
帶動供,
消費端,
熱度,
成市,
揚後可成,
短線量,
歐陰霾,
減反,
比元,
下鴻海,
新將,
人績,
認購度數,
調升後不會,
贏家台,
推到,
本月底,
電由,
行產能,
電相當,
通膨率,
差元,
態度面,
投資及,
身價,
極力,
豐碩,
量則,
數已,
廠則,
幣走,
電中華,
餘點,
積電將,
證空頭,
引發權,
惟賣,
計有,
每支,
養分,
親身,
表彰,
折算,
師陳,
春燕,
敦聘,
無給,
計業,
不開,
碩營運,
不可避免,
第一座,
廠營,
跨產業,
科弘塑,
辛耘家,
第季奈米市,
補庫存,
產外,
電撇開,
心照,
衝刺奈米市,
變動勢,
資關,
獨拿不過,
年後量,
已展,
延導致,
減數,
率採,
必影響,
激發,
泰富,
投資應,
挫跌,
點僅,
電傑出,
明盟,
胡正,
立自動化,
電報導,
魅族,
科研,
腳伸,
跳升,
借重,
格羅方德,
體系益,
海宏達,
能僅,
領著,
擴產,
轟動,
桌坐,
集團會長,
淨利及,
駐美,
投資處,
引薦,
收發器,
盛傳,
撇步,
成形,
通高,
熱台,
投資會,
明晟,
代廠,
搶產,
能效,
貨市,
電其,
數維持,
積電張,
德儀,
恐下,
為物,
結國際,
葉滿足,
密封,
尚在,
現連續,
需個,
急縮,
電晚,
證券亞,
運動館,
科為,
社會責,
確信,
金連續,
處資深,
高學,
歷人員,
歷化,
進技術,
籌設,
第十名,
賴浩敏,
等位,
組裝費,
極買盤,
首支,
老大哥,
隱私,
提存,
看重,
爾處,
總經理侯,
進此,
而架構,
爾擊潰,
百億學費,
爾營業,
要能,
聯軍挑戰,
電往,
永清,
獨占市,
電攜,
高階先,
進者,
鋃鐺,
獨大市,
過後來,
肥美,
電信商,
陣容市,
抗紅潮,
游泳池,
百里,
推銷員,
過人體,
春技術,
電錄,
達篇論,
電阻式,
轉學考,
物理系,
讀書後來,
幫藥商,
揚揚,
漣漪,
開放中,
第四站,
時代聯,
林文,
談聯,
講解,
牽扯,
資議題,
接二連,
杰偉,
洲杰,
自介紹物,
環車,
發科開,
統產品偉,
竹科為,
沸沸,
科瑞昱鈺,
壯大,
未揭露,
需時間,
廠區則,
貨所,
房並,
賠納入,
水電,
張忠謀離,
張忠謀批,
盼望,
記半導,
強手,
機用,
移到,
近三年,
戰台積,
沒辦法,
廠弘塑,
深信,
程中,
文山,
現貨標,
溫表現,
第三名,
隨日台,
現升,
潘公,
綜合者,
潘文淵為,
敬佩,
扶持,
投資標,
將產品,
積電為,
潛在,
高達元,
聚中鋼,
廉政,
許影響,
規模還,
數季,
照表,
新村,
推動產業,
近家,
讓鴻海,
現不佳,
現補,
科加權,
日長,
破月線,
籠盤,
權證僅,
點表現,
追多,
指數型,
獨大,
燃油,
工作效率,
預言會,
認證後技術,
露頭,
角台,
師採用,
駕駛習,
統會,
時代快,
電以種,
德商,
拋售,
脈動,
歐影響,
洶湧,
都將,
感嘆,
原理,
遇見,
決審,
桃竹,
盡頭,
洽台,
畫分,
議室,
關廠,
招手,
強心針,
從奈米,
電各廠,
車載,
技術開,
林全會,
逾成,
戴正吳,
環持續,
挖角,
網際,
銀彈,
難解決,
聯訪,
陌生,
金額將,
排擠,
第季台,
廠因,
配戴者,
眼鏡訂,
視野內,
能事,
改用,
李國鼎們,
耀東,
認為現,
證半導,
描檢測,
描顯,
摸索,
顛峰,
業界漢,
美光格羅方德,
後終,
微技術,
微科以,
時元,
漢民,
能克服,
科業績,
隔年,
臨瓶,
年並,
躍居晶圓,
經無法,
汙水,
金及,
現台,
成及,
頭來,
發想,
立大學,
投資大,
金將,
爭相,
成局,
稅賦,
面針,
布拉,
方國家,
德國學者,
獎人,
貨作,
重承諾,
連環,
證尾盤,
熱絡權,
數及,
排程,
授旗,
空壓,
油當量,
起營,
電聯電友,
整機,
晉升,
效個案,
資產品,
繼年,
編程,
每度,
購度,
樣貌,
王志超,
掌舵,
攻城掠地,
麒麟,
浮上,
不缺,
對待,
群聚,
範例,
走來,
遺餘力,
電志工,
李正春,
總產能,
師為,
資機構,
出眾,
組會議,
獲利淨,
達以,
數十億元,
紅利,
輪替,
體將,
以國家,
看物,
筆記,
這時,
邊聽邊,
獲雜誌,
聯電轉,
郵政,
遲早,
獲道,
綜效,
總統致,
標竿,
財務顧,
老將,
帝傑,
邱慧,
用料,
鏈及,
終獎,
蒸發,
廠海思,
百利,
過件,
科技股份,
康企業,
競合,
續創,
花錢,
留不住,
認股,
翻身,
沒日,
約成,
拔得頭,
百萬度,
為戶,
購戶,
處理廠,
能市,
繳了,
用次,
根據櫃,
承銷,
流動量,
調將,
李智貴,
辭去,
張秉衡,
洪鎮,
強的,
採行,
電任,
正樺,
電擔,
很棒,
戴樂格,
體積,
電億度,
銀成,
英傑華,
壞帳,
西雅,
運長,
經積極,
開放給,
數億元,
計畫針,
研究生,
業還,
達將,
研發友,
經費予,
校級,
期實,
液晶面板,
機會外,
此透過,
期實習,
相關津,
表現傑,
正職,
從學校,
電跟國,
權台,
電實習,
科學委員會,
習者,
研進,
觀摩,
指導員,
生友,
選中,
泥沼,
攝錄,
著來,
電研,
電內,
顯大陸,
電副,
次資,
郭董,
發明類,
預算數,
榮鎮,
比奈米,
資深者,
投資事業,
論文數,
陣容,
省級,
必定,
減台灣員工,
競合關,
雙輸,
遠願景,
趕上,
網成,
必要性,
每一個,
除以,
漢民集團,
歐美日,
理監事,
繳庫,
極爭,
電以件,
進國家,
整年,
過的,
案台,
文說,
師無,
帶子,
震後台,
延後到,
齊力,
震後廠,
還掛,
震台,
愛黑,
構性,
產業者,
需產業,
工會用,
調高免,
準及,
稅額度,
行動證,
當奴隸,
達遠優,
工約,
工心聲,
已年,
給聯,
減連,
股災,
林恩舟,
眼中,
耀眼,
爾件,
東電,
電件,
工件,
技術門檻,
跨業,
電股權,
達件,
挑戰要,
熱能,
廢水及,
減名,
第一波,
缺水,
獎及,
未來會,
財務性,
表揚,
擴大市場,
給員工,
慘跌,
以至,
大氣,
離無線,
近距,
許多廠,
彈升,
范義鑫,
快步,
研發費用,
設攤,
懷偏,
電關,
教協會,
師資及,
歷屆,
首創,
急迫,
急國際,
警惕,
踏入,
工業化,
海內外,
頂著,
全員,
放陸,
韓中,
工年齡,
轉給,
時茂迪,
量大增,
非核心,
通威,
電池廠,
資事業,
認賠,
評審,
環團,
水一噸,
萬噸則,
水源,
很適,
近況,
鼓勵員,
灣企業,
總研,
低落,
拓點,
市調,
正成長,
貨效,
引申,
腦膜,
標局,
招聘,
贖回,
貶破,
遺症,
加熱,
鍋爐,
委外,
工業界,
工績,
全面禁止,
根留,
固守,
閥業,
削價,
閥門,
灣金控,
青輔會,
廢水處,
講到,
遠低,
未定,
營運狀況,
幾項,
留住,
熱泵系統,
業用,
燃燒,
熱源,
故障率,
養份,
控制力,
書設,
撤案,
科到,
開放會,
購換,
沒要,
誤會,
陸資成,
賣聯,
輸送,
球閥,
流體,
極致,
絕技,
洩漏,
講究,
逸散,
迷思,
環保節,
