token,MI
台積電,-3.9163285929474085
張忠謀,-4.009908288660249
積電,-4.107333894454503
台積,-4.253395341715642
奈米,-4.364579418697803
晶圓,-4.403512319120456
聯電,-4.524117817395886
理器,-4.5402427237134
體產業,-4.578639209968072
半導,-4.607860337739564
填息,-4.627062260298018
億至,-4.630088714928206
權值,-4.637775543594497
大立光,-4.641313290475636
認售,-4.647588845672826
英特,-4.65154535440788
除息,-4.654912298653238
大立,-4.669006780958576
財測,-4.672097857935717
半導體,-4.692714532602861
代工,-4.694485324113767
聯發,-4.715321026947863
蘋概,-4.730929021564695
股盤,-4.732948060449464
高台,-4.748188027006201
高通,-4.752597145911255
精測,-4.7558748556724915
點大關,-4.796492706580755
翻紅,-4.814580516010318
權證,-4.815134816636814
封裝,-4.8190171986890595
市值,-4.826415827046502
聯發科,-4.831965024742974
發科,-4.839028885598818
在點,-4.859338479128867
金融股,-4.862588772174592
萬片,-4.864985460659794
股王,-4.867698011903102
股息,-4.869025746531999
參股,-4.875506465359855
可成,-4.880255731597916
月光,-4.885361220031512
超台,-4.894088742877154
多空,-4.897388008167473
量產,-4.89804976235242
值新,-4.904584978078895
法說,-4.904695513707362
賣超,-4.911690158753861
紫光,-4.916251433049914
跳空,-4.917330426106554
盤勢,-4.921975331152318
波段,-4.922898380345496
股漲,-4.924279286061882
上攻,-4.933579309139844
封測,-4.936513742478893
機台,-4.9408785478813435
期指,-4.942154009831586
超億元,-4.944482672150168
美律,-4.944482672150168
尾盤,-4.954984259375235
產出,-4.955619038268128
權息,-4.962332903097381
晶片,-4.963294964252859
平盤,-4.968058210640469
說會,-4.9681235819782765
矽品,-4.971547367647795
刷新,-4.972287012132967
雙鏡頭,-4.972641249087276
本季,-4.975584971791366
美系,-4.976518904150477
漲元,-4.976752804509923
電路,-4.977992435060293
南京,-4.979548374704095
創歷史,-4.981428760453548
施振榮,-4.982271233039569
偏多,-4.98741087269198
台股,-4.98754894119796
蘋果,-4.989060013935987
廣達,-4.989449817666692
市占率,-4.989449817666692
股指,-4.994170456339276
指期,-4.994437140094603
年線,-4.995972510716957
之上,-4.9964004714156625
第季業績,-4.997951437324731
季線,-5.0
外資,-5.000474379601402
買盤,-5.001769022738847
收在點,-5.006829181615132
加權,-5.009609321219574
多頭,-5.009942659637427
大盤,-5.012837224705172
利用率,-5.0138399831324305
亞股,-5.01416037745305
小跌,-5.018268886311088
股表現,-5.018700498666243
終場,-5.0218781088604905
宏碁,-5.02389076306161
攀高,-5.030434793366122
交投,-5.031632847869068
開低,-5.032476547953558
熱錢,-5.035029282202368
三星,-5.03540725044438
訂單,-5.0362926239695165
萬張,-5.036338494494167
陸資,-5.036628895362161
科技股,-5.037904357312404
認購,-5.0379370122604925
漲點,-5.04164196928364
大關,-5.04386730428608
龍頭,-5.05026831213468
概念股,-5.051281183233955
拉升,-5.052471180067903
到點,-5.052924683707729
股跌,-5.058426024457005
失守,-5.058558048924325
選股,-5.062581984228163
開高,-5.067623085352905
群益,-5.068009067735211
第季營,-5.068085528031518
至元,-5.072447863388656
運算,-5.077654726086152
第季合,-5.080932435847388
為點,-5.082218282773107
短線,-5.083156509335109
投審會,-5.088136088700551
盤面,-5.090942356933415
英業,-5.091415702464636
走揚,-5.093095760582658
道瓊,-5.093421685162235
抗跌,-5.093421685162235
投資案,-5.095169351431755
國泰金,-5.098066590207998
賣壓,-5.098643725817057
領頭,-5.10301385505426
交大,-5.104183515017681
美股,-5.105551722188771
應鏈,-5.105586436983655
至點,-5.10577901454142
小漲,-5.107209969647869
先進,-5.110354766024164
水泥,-5.117271295655764
走勢,-5.118174508075395
高峰期,-5.121585094600712
結算,-5.121585094600712
護盤,-5.1249387366083
強勢,-5.127211047779871
股為,-5.129590749525225
早盤,-5.130812631483322
控股,-5.131569315507313
協理,-5.13242675800085
匯損,-5.133538908370218
網通,-5.133538908370218
憑證,-5.135039063512626
富邦金,-5.1352386932481116
題材,-5.135427148222605
調薪,-5.137173193025312
資本,-5.1374514977332675
追加,-5.138159106006962
生技股,-5.13917917572291
純益元,-5.140450902786547
記憶體,-5.14092684199243
上季,-5.146128035678238
盤中,-5.14720569003244
塑化,-5.147897058417085
中小型,-5.148032839090976
泰車,-5.148602654806093
張數,-5.151207561207513
日盛,-5.1514136321399215
十大,-5.152967460208544
互見,-5.153161298409442
股本,-5.153509989300837
中裕,-5.153509989300837
轉強,-5.153814864344529
台達,-5.154901959985743
季增,-5.1556733535844685
自營,-5.160894828610645
多方,-5.161795667933643
回檔,-5.162058637655213
產能,-5.162248031881392
投顧,-5.162365234548924
調升,-5.164002759447943
最先,-5.164352855784437
跌停,-5.165013379838612
亮麗,-5.16830101462943
成交,-5.170442257688933
類股,-5.17341042040791
群創,-5.174156759278482
零組件,-5.1801258751640535
法人,-5.180388338682196
力成,-5.181843587944773
可維持,-5.181843587944773
繳出,-5.184880624670255
震盪,-5.184903209473916
強勁,-5.185096745342494
大漲,-5.187923404668654
改寫,-5.189396725835218
萬口,-5.190184204712632
效能,-5.191057509816683
行情,-5.191068415025334
高點,-5.191229492153587
廠區,-5.191730393362857
定案,-5.1917862475822
業界,-5.192838972246236
庫存,-5.1947125141340935
味道,-5.1947125141340935
財務長,-5.195899652409234
高檔,-5.1974894037569115
缺貨,-5.201397124320452
水位,-5.203131826411859
守住,-5.204119982655925
減碼,-5.206286044412432
拉高,-5.207005670893413
面上,-5.207325122531136
新高,-5.207456743003257
淡季,-5.209515014542631
關卡,-5.210407706494972
股價,-5.210537946251072
狹幅,-5.210586024905156
紡織,-5.210923690710869
激勵,-5.212009942514835
工研院,-5.214285987364822
南台,-5.214843848047698
交易日,-5.2165353574183575
那斯達克,-5.216957207361097
收斂,-5.218360421770535
出具,-5.2208549402996125
機殼,-5.223005326816299
持股,-5.223303299028264
股利,-5.223507227348183
推升,-5.225714596250758
占率,-5.225867859914637
下探,-5.226685810554666
基本面,-5.227322237737022
走高,-5.227735514191989
走弱,-5.230448921378274
好消息,-5.233841864275614
轉趨,-5.235528446907549
格局,-5.236059694046457
本益比,-5.236304666027326
推手,-5.236445647843823
櫃買,-5.237543738142874
入股,-5.238178207915184
新機,-5.240165086840564
將較,-5.241546480596549
調高,-5.242872571647942
創年,-5.243534101832062
高科技,-5.2443498974223575
相繼,-5.2471546148811266
生產線,-5.248136811640299
四大,-5.249256608948024
支出,-5.251566655072438
台塑,-5.251596269761688
配發,-5.252043534973107
在外,-5.253087763612526
發放,-5.253122528029747
台化,-5.253338005326106
重量,-5.25466889905492
以點,-5.255691910719584
出台,-5.256343515465832
保守,-5.2572646851190905
跌破,-5.258477644978518
漲幅,-5.258660083326886
熱絡,-5.259228370285425
年薪,-5.260071387985075
一舉,-5.260866071613768
第二名,-5.261024833992398
盤整,-5.261024833992398
季節,-5.2614727912078765
悲觀,-5.262111929633612
利多,-5.262654458725906
工業局,-5.262714697921772
友達,-5.2636360685881085
止跌,-5.2661644736448086
回補,-5.268993763663673
對台,-5.268993763663673
逐季,-5.269153577642258
台幣元,-5.26923816124013
超標,-5.272835795025385
物聯,-5.27415784926368
南亞科,-5.27600198996205
加持,-5.276461804173244
指數,-5.276596951049052
將達,-5.278753600952829
上市公司,-5.2792612509018095
比重,-5.2812606870550125
明會,-5.2816014438256556
中鋼,-5.282168778304642
看好,-5.282454815490978
現貨,-5.283301228703549
歐系,-5.283301228703549
切入,-5.283301228703549
上周五,-5.28721734614808
成交量,-5.291098466543412
創個,-5.291270158374825
所幸,-5.292256071356476
感測,-5.29323975123773
放量,-5.294666592708125
東陽,-5.295200452003257
扶植,-5.295200452003257
及第,-5.295200452003257
跌點,-5.295200452003257
毛利率,-5.295995499331755
美商,-5.29754166781816
二年,-5.29834915701621
第季,-5.298873097822794
向下,-5.301029995663981
匯出,-5.301029995663981
增至,-5.301572524756275
調節,-5.302186572863923
日股,-5.302269067779529
車用,-5.302854765079228
達元,-5.303504614791836
普通股,-5.3041770708981675
漲勢,-5.304736656701528
驅動,-5.304873334745741
一度,-5.30654215727277
大廠,-5.3067823245530725
總金額,-5.307660574562994
降至,-5.3084119492865804
變數,-5.308682959892507
群聯,-5.309630167425898
跌幅,-5.310814265148126
重挫,-5.31084497795758
走強,-5.312811826212088
產線,-5.312893101496671
供應,-5.3129292189636885
首季,-5.314381117579634
建言,-5.315270434778592
開盤,-5.315996246424983
億元季,-5.316203398578637
相對,-5.319221763182021
滑落,-5.32002403572829
華亞科,-5.3222192947339195
站上,-5.323870606540509
美光,-5.324693913861775
富邦,-5.326335860928752
旗艦,-5.328222733477883
面板,-5.328222733477883
華為,-5.328379603438738
周四,-5.329696918470773
營收,-5.33006820382079
接棒,-5.330413773349191
物料,-5.330782600956839
應商,-5.33255726568352
跌勢,-5.333111263275422
稅後淨利,-5.333303301519498
力道,-5.33344727449675
歐美,-5.334453751150931
財報,-5.334972311787947
反彈,-5.335569329678297
人工智慧,-5.335913565909974
衝上,-5.336459733848529
下台,-5.336621975733949
矽谷,-5.337368490158148
整理,-5.337791926555411
月營,-5.3402637974275615
師認,-5.342422680822207
高薪,-5.342422680822207
指紋,-5.345046824648355
領先,-5.345269425617812
高階,-5.345883212931713
純益,-5.346352974450639
搶進,-5.346352974450639
指標,-5.347272603130747
重回,-5.347655207755883
萎縮,-5.347915186501691
下半年,-5.3482064928735795
走低,-5.349651049880164
接單,-5.350248018334163
上下,-5.350867996286564
單一,-5.351354501689133
僅次,-5.351538641815657
歐股,-5.351655781258553
普爾,-5.354457690860556
告一段落,-5.355387657986574
季度,-5.357087442864469
獲利表現,-5.357348358752102
融券,-5.357934847000454
創下,-5.358247852046005
聯網,-5.3584787349637155
月合,-5.359021942641668
出貨量,-5.359770081469061
缺口,-5.359835482339888
利空,-5.3610608876163806
廠房,-5.361727836017593
模組,-5.362018236885587
動能,-5.362482474751174
業績,-5.363312156282098
創新產業,-5.36334331642431
日均,-5.363611979892144
觀望,-5.363611979892144
消費性,-5.364416974528374
全球股市,-5.364488457448773
近個,-5.365487984890899
恐將,-5.366368014537317
中信,-5.36651956371773
支撐,-5.369849137675114
收元,-5.370451404422449
收盤,-5.371273153923823
連結,-5.37254380075907
同步,-5.373707050298605
收成,-5.3743816980508825
昨日,-5.374407665612366
樂觀,-5.374470610832829
日舉,-5.3747483460101035
大股,-5.375846436309156
換機,-5.376576957056512
實境,-5.376820191160828
東會,-5.376982271581408
股市,-5.377115079289211
三大,-5.377722441307911
上年,-5.378138233088741
反轉,-5.378397900948138
逼近,-5.37853765782204
新款,-5.379358847950428
衰退,-5.380211241711606
成分股,-5.380211241711606
補足,-5.380211241711606
留意,-5.380211241711606
手中,-5.381525295609437
明朗,-5.382017042574868
八大,-5.3865980403730065
前名,-5.38738982633873
預料,-5.3895369416703485
持平,-5.389895378376219
伺服器,-5.390119530371855
勁揚,-5.390430406893292
最強,-5.390430406893292
就近,-5.390935107103379
紀錄,-5.391327246617068
矛盾,-5.391327246617068
中性,-5.392110465011314
下游,-5.3924456981286175
一季,-5.393282650559365
現金,-5.3941872701745766
物聯網,-5.394451680826216
台灣產業,-5.394451680826216
塑膠,-5.394451680826216
預期,-5.3947714146858345
中華電,-5.395723407889854
產業界,-5.396199347095736
早餐,-5.396199347095736
依舊,-5.396522218630868
族群,-5.398596822316366
連帶,-5.398741043910327
電子,-5.3988687720578215
轉正,-5.3990965858719795
仍將,-5.399368274640242
趨緩,-5.400145353543936
熱門,-5.40112471067897
金河,-5.401400540781544
添枝,-5.403692337561129
疲弱,-5.404344921428326
投資人,-5.4044535901344855
大跌,-5.404605680656755
釋出,-5.404833716619938
投信,-5.404937329761764
延至,-5.405213510681662
耳機,-5.408239965311849
之下,-5.410945858687774
大舉,-5.411925654888813
前季,-5.412100386125088
宏達電,-5.412460547429961
弱勢,-5.413634997198556
下挫,-5.413792664465455
欠佳,-5.414017804170809
日光,-5.414973347970818
大增,-5.415487002060149
可望,-5.41574360146608
向上,-5.416085498340186
元件,-5.416307587059882
億元,-5.416652143291016
感測器,-5.417194807964776
客戶,-5.419766212567717
籌碼,-5.420285884941918
回溫,-5.421603926869831
股東會,-5.422130025640288
加大,-5.422334447617187
預估,-5.4224200144546035
智慧型,-5.422699247707434
台廠,-5.422917980767663
偏向,-5.423063741628874
受惠,-5.423820154746858
亮眼,-5.427635891639744
無薪,-5.4281347940287885
八成,-5.4281347940287885
國安,-5.4288544205097695
一線,-5.429429264381787
下單,-5.430290106054923
二手,-5.431363764158987
搭載,-5.4324347745215125
設廠,-5.43274029298779
展望,-5.434414980771236
雖有,-5.434568904034199
貨量,-5.434568904034199
專利,-5.437116093048078
海嘯,-5.438038652039511
拿下,-5.438078373490301
退場,-5.438384107034714
排名,-5.438951327516686
跡象,-5.439914134363382
本周,-5.441099771193157
加薪,-5.441807312958118
單日,-5.442622277509338
擴充,-5.442622277509338
表現,-5.4431335763357005
率先,-5.4431511855577295
精密,-5.444285069496489
走升,-5.444391815099067
報點,-5.445085022719354
擺脫,-5.445244836697938
加碼,-5.445955553928221
設備,-5.44635154182187
帶動,-5.446480680830226
接器,-5.447158031342219
高市,-5.447158031342219
幅度,-5.4476009630296724
避險,-5.450067888002981
上游,-5.450249108319361
英國脫,-5.4507923159973135
建置,-5.450959320222368
出貨,-5.451859506018599
作收,-5.452093249017731
氣體,-5.453318340047038
虛擬,-5.453997455872525
供應商,-5.454191294073423
光電,-5.45484486000851
市況,-5.455062496937096
前三名,-5.455352509957491
挹注,-5.455550456397519
宏達,-5.4556646152399875
多台,-5.4557582031041365
無人機,-5.456973013635818
休市,-5.457665668458725
回穩,-5.458294397460179
首選,-5.459392487759231
投資金額,-5.459392487759231
下跌,-5.460440243350424
有利,-5.460792987140915
微幅,-5.461112468153504
突出,-5.461112468153504
突破,-5.463214085483728
回流,-5.463395230212905
上揚,-5.464390177914741
旺季,-5.464532127411642
估值,-5.464721321264298
浮現,-5.464721321264298
升溫,-5.464841674453901
美國聯,-5.464986054269693
放大,-5.465382851448418
崛起,-5.46573266579025
壽險業,-5.466571072386354
仍維持,-5.4667535874056
焦點,-5.469434426053372
小幅,-5.469611652940917
價元,-5.469688160380893
普遍,-5.4707810766886436
數成長,-5.471291711058939
登陸,-5.471291711058939
拖累,-5.471291711058939
今日,-5.4716122945841645
位居,-5.472756449317212
優異,-5.47342060984106
超越,-5.474044775631024
消化,-5.474216264076255
可期,-5.474216264076255
近期,-5.474888373287371
單月,-5.474944335465388
執行長,-5.477676162410986
無線,-5.477947695467445
學歷,-5.478277831919605
使得,-5.481389539512335
濃厚,-5.481442628502305
新鮮人,-5.482873583608754
哈佛,-5.482873583608754
水準,-5.483260827933923
手機,-5.483620619392732
核准,-5.4839113248000135
開出,-5.485153349903652
看待,-5.485153349903652
汽車,-5.48556657018402
暴跌,-5.48572142648158
經理人,-5.485910620334236
態勢,-5.486126741006475
產值,-5.487009752795393
主力,-5.488305421672176
升至,-5.488550716500444
最重,-5.489355711136674
本國,-5.489355711136674
印刷,-5.489677291663699
最為,-5.490159216420275
材料,-5.490263911944564
營運表現,-5.490426721499199
動向,-5.490426721499199
擴張,-5.490623725123309
大致,-5.490961237852092
氣勢,-5.491361693834273
扮演,-5.491983892338838
牽動,-5.492560851011885
推估,-5.492560851011885
歷來,-5.492760389026838
原訂,-5.494154594018442
先行,-5.494154594018442
黑天,-5.494154594018442
增年,-5.494154594018442
低點,-5.4947110252052624
聘用,-5.496929648073215
鋼鐵,-5.496929648073215
金額,-5.497890742754588
好手,-5.4985862088175175
有家,-5.49876988168213
將是,-5.498901029042904
二成,-5.4996870826184034
期收,-5.4996870826184034
新能源,-5.4996870826184034
部位,-5.501333178645567
王雪紅,-5.501515693664812
獲利,-5.501857702724543
觀察,-5.503432265539187
有利於,-5.503596150251284
大同,-5.5039419261309375
謹慎,-5.504425550325574
暢旺,-5.505149978319906
增幅,-5.505149978319906
名列,-5.506354679458276
全年,-5.5072329294681985
世代,-5.507246335480822
電動車,-5.507855871695831
操作,-5.508372103723481
將由,-5.508395033133053
合資,-5.508754102588731
將維持,-5.509202522331103
聯準,-5.51103216054586
高峰,-5.511680845478864
每股,-5.5123285629470296
已過,-5.5141048209728325
港股,-5.5143579801067295
加快,-5.5144592024546775
半年,-5.515432263112473
轉為,-5.516881487973234
應求,-5.517987203025078
注入,-5.517987203025078
一路,-5.518158106607753
權重,-5.519390417434516
青睞,-5.51997375463693
台灣區,-5.5203899448766425
經濟委員會,-5.521138083704036
導入,-5.521486774595432
擴增,-5.521613501903569
雙雙,-5.521719079753099
碩士,-5.521884935963594
進場,-5.522009286567709
奠定,-5.522878745280337
區間,-5.523746466811565
外電,-5.524266268766978
疲軟,-5.524266268766978
傑出,-5.524612458089338
華碩,-5.524859567331796
研發,-5.524981044908573
不如,-5.525794707435227
準會,-5.528916700277655
國泰,-5.528916700277655
營運,-5.5290643642421875
對手,-5.529283658036626
滿載,-5.529283658036626
有望,-5.530382674604316
加上,-5.531055283958523
工業,-5.532046251521241
邏輯,-5.532208211053942
這股,-5.532499586094662
智慧,-5.532936282443075
徵才,-5.53317870192015
億萬元,-5.53430820706112
差距,-5.534798381471963
證券,-5.536065486239485
好轉,-5.537679203146826
之路,-5.537819095073274
重返,-5.537903008604963
逆勢,-5.537998889934838
鴻海,-5.540215680873833
價差,-5.541579243946581
中旬,-5.541579243946581
其餘,-5.541963065873378
七成,-5.542133544573076
周三,-5.544343699378193
邁進,-5.5445640974960435
上半年,-5.544797338361962
聚焦,-5.545021490357598
三家,-5.546542663478131
單季,-5.546542663478131
旅展,-5.546542663478131
高漲,-5.546542663478131
先前,-5.546701833163587
成長,-5.547004433305689
管理局,-5.547637984315734
升息,-5.547806250293005
高價,-5.5479504264025215
百元,-5.548512256341035
沉重,-5.549820373239367
鏡頭,-5.549820373239367
歷史,-5.550784072237642
災損,-5.551449997972875
生技,-5.551706749078138
值得注意,-5.551736945113743
應用,-5.551944759418415
集中,-5.552023702788012
新廠,-5.552424845704086
信心,-5.555228842663223
證交所,-5.555336327995267
效應,-5.555931150182966
特斯拉,-5.556302500767287
強力,-5.556302500767287
收點,-5.557178978323916
時程,-5.55767902959609
組裝,-5.557908027482705
不景氣,-5.559051209195438
第一名,-5.559188189004775
元月,-5.559188189004775
電子期,-5.559507640642499
環評,-5.559507640642499
降到,-5.559998646327251
再起,-5.56041906696212
景氣,-5.560820559531995
財金,-5.561101383649056
為元,-5.561101383649056
李世光,-5.563141925297593
用以,-5.5639554649958125
年減,-5.5639554649958125
盈餘,-5.565060339796104
匯率,-5.565350629744684
仍有,-5.565847818673517
在手,-5.568983532526376
兩大,-5.569206648114075
辨識,-5.569607967546824
假設,-5.569607967546824
下滑,-5.569607967546824
獨家,-5.569958818096594
檢測,-5.570231506034272
監察人,-5.570542939881897
論文,-5.570542939881897
延續,-5.570542939881897
月台,-5.5733358400660675
提款,-5.57364505651338
位數,-5.574159928514293
基期,-5.575187844927661
創新,-5.576700013871503
一口,-5.576725172132591
陸股,-5.576725172132591
前夕,-5.577315005826274
新興,-5.577491799837225
交叉,-5.578257076655338
步入,-5.57978359661681
資金,-5.580135109773923
增溫,-5.580291246565791
新產品,-5.580924975675619
終端,-5.581304769737343
憂慮,-5.581738413789251
承接,-5.581738413789251
億股,-5.5820633629117085
金元,-5.5820633629117085
上市,-5.5821006366088435
下周,-5.582937019375925
受益,-5.583036754014532
微軟,-5.583198773968623
藍圖,-5.5843312243675305
頻頻,-5.5843312243675305
第名,-5.5843312243675305
合計,-5.5843312243675305
財產權,-5.5843312243675305
據悉,-5.5843312243675305
較佳,-5.5843312243675305
脫歐,-5.585415605659751
中投,-5.586587304671755
採用,-5.587087068227369
五成,-5.587336734507256
年增率,-5.587336734507256
九成,-5.587935348636356
券商,-5.5881916451807685
一台,-5.590321588056718
撤出,-5.5910646070264995
打入,-5.5910646070264995
企業界,-5.5910646070264995
看台,-5.593286067020458
不變,-5.594129357541541
再度,-5.594256286875306
今早,-5.594466215795314
低價,-5.594760752586463
擁抱,-5.595055089759304
報價,-5.595251203775688
外型,-5.595496221825574
依序,-5.596597095626461
不高,-5.596816935915591
偏高,-5.596816935915591
五年,-5.597926009466372
台幣,-5.598133645813237
硬體,-5.598706349320374
明年,-5.599397826792029
中興,-5.599883072073688
亞太區,-5.599883072073688
走跌,-5.600319329751661
設計,-5.6009003258007235
產業,-5.601915202367827
全數,-5.6020599913279625
端午,-5.6020599913279625
第二季,-5.6020599913279625
董事,-5.6026260932746
競爭,-5.602783212947059
彭博資訊,-5.603299063443511
股東,-5.604496052771067
設立,-5.604496052771067
技術,-5.605590860223096
大展,-5.606381365110605
蔡明忠,-5.606381365110605
市場,-5.606647651754372
利率,-5.606712004244888
儲存,-5.6069952090034745
不錯,-5.6072405038317426
國安局,-5.607812320217054
稅後純益,-5.608288259422936
連續,-5.608356208180315
緩步,-5.608953699275863
飆漲,-5.609238575955086
看法,-5.609271689026041
高達,-5.609807769328702
電機,-5.61066016308988
發酵,-5.61066016308988
下修,-5.61066016308988
績效,-5.61066016308988
自家,-5.6114336174027795
國內外,-5.611510887126657
關注,-5.611675760119562
合成,-5.612077112085487
降為,-5.6127838567197355
生技產業,-5.613489453108744
分配,-5.614428468570572
進度,-5.6148972160331345
種子,-5.6148972160331345
隨機,-5.615499148883345
路透,-5.615950051656401
分析,-5.616184634019569
湧入,-5.616515907738932
強震,-5.616580530085886
關鍵,-5.616932657105815
上旬,-5.617000341120899
反觀,-5.617699125635138
能量,-5.618213300980326
布局,-5.618289527913661
新設,-5.619093330626742
聚落,-5.619093330626742
股票,-5.619093330626742
衝擊,-5.620609194231692
主軸,-5.620760489994206
量身,-5.6211762817750355
熱銷,-5.621868384681515
第一家,-5.622658011229776
動力,-5.62287311498945
主流,-5.622973460295327
安裝,-5.623249290397901
發明,-5.623249290397901
控股公司,-5.624075731145683
將從,-5.624075731145683
震撼,-5.625541087177485
機械,-5.626735072920618
中立,-5.627365856592733
周一,-5.627365856592733
百度,-5.627365856592733
新創,-5.627365856592733
一波,-5.628110148946118
貢獻,-5.628729419665481
轉虧,-5.628729419665481
稅後淨,-5.629700778786375
有限,-5.6303600641915805
優勢,-5.630404221285637
明日,-5.630936119064192
腳步,-5.6311314392752205
上演,-5.631443769013172
二日,-5.631443769013172
學位,-5.632023214705406
上周,-5.632794608304131
角度,-5.633362128126024
出走,-5.633468455579586
受影響,-5.633872262658333
親自,-5.634019008556638
停工,-5.634141258939403
並進,-5.635483746814912
縮短,-5.63748972951251
抱持,-5.637775543594497
地位,-5.638422693312557
廠商,-5.639486489268586
表態,-5.639486489268586
正面,-5.640481436970422
多出,-5.640812580319979
供水,-5.640812580319979
隨著,-5.640944966994348
這波,-5.641077313325375
認證,-5.641590746595012
跨入,-5.641870545476313
上漲,-5.642398563148532
掛牌,-5.642925939633378
既有,-5.643013773485817
會將,-5.643452676486188
暴增,-5.643452676486188
流向,-5.643452676486188
架構,-5.644110200429959
能否,-5.644138765857792
值得,-5.644329154042816
調降,-5.644438589467838
整體,-5.6450458040871725
萬支,-5.645422269349092
美元,-5.645637746645451
認列,-5.645702911996598
敲定,-5.645702911996598
日本央行,-5.646076820312336
更名,-5.646076820312336
清單,-5.646076820312336
加深,-5.646076820312336
評價,-5.646599751720373
維持,-5.646621526870515
不動,-5.646823672571894
快速,-5.646999216018869
方面,-5.647238036196404
一根,-5.64738297011462
毛治國,-5.64738297011462
輪胎,-5.64738297011462
太陽能,-5.647683832254746
規格,-5.647738512076272
新低,-5.647738512076272
生產,-5.647893004796732
發表會,-5.648034574860867
增添,-5.648360010980932
主因,-5.648847708372894
首日,-5.649056554004186
天下,-5.6499835436451455
仍會,-5.651278013998144
稅額,-5.651278013998144
宣告,-5.65198246586696
閣員,-5.653855436885955
面試,-5.653855436885955
看出,-5.654176541877961
生產力,-5.6551384348113825
價位,-5.655565259889378
降息,-5.655778515224821
石化,-5.655906418180215
廈門,-5.655906418180215
燈號,-5.656417653650555
利基,-5.657055852857104
正吳,-5.658964842664435
發會,-5.658964842664435
北美,-5.658964842664435
五個,-5.660486015784968
地震,-5.660486015784968
支援,-5.660594467397943
高速,-5.66086547800387
用地,-5.66086547800387
評等,-5.66086547800387
以上,-5.662693818934476
將面,-5.662757831681574
今晨,-5.662757831681574
過關,-5.662757831681574
最高,-5.663967467294807
可持續,-5.664641975556125
電競,-5.666517980554881
基準,-5.666517980554881
周刊,-5.666517980554881
化解,-5.6674529528899535
業的,-5.668012971641832
玉山,-5.668758541750957
持續,-5.668771765167998
注重,-5.669006780958576
鴻夏戀,-5.669006780958576
下一代,-5.669316880566112
創歷,-5.669502834104343
三天,-5.669715254985029
公投,-5.670097350941748
不畏,-5.670245853074124
蝴蝶,-5.670245853074124
會持續,-5.670245853074124
驗證,-5.670245853074124
總經理,-5.670682329977098
類別,-5.670987603010034
現階段,-5.671481400086431
偏好,-5.671833768853756
電動,-5.672713441996122
競價,-5.6739419986340875
縮減,-5.6739419986340875
邁入,-5.675574686579191
科系,-5.675778341674085
萬噸,-5.675778341674085
幾年,-5.675874776554442
相較,-5.676124886163641
一代,-5.676388734581175
激烈,-5.676737145736567
科技,-5.676758252583475
機器,-5.677201259573847
營業,-5.677229250581681
憂心,-5.677275050157986
登場,-5.677294022853295
萬件,-5.6776069527204935
先是,-5.6776069527204935
大通,-5.6788217632521745
一片,-5.679064318121313
領域,-5.679185544774411
首波,-5.680033185186619
意願,-5.68009685072685
今年底,-5.680582716427728
不佳,-5.680815249620096
股權,-5.682274042813355
推測,-5.682274042813355
新一波,-5.682686478249768
挑戰,-5.682896841287014
不致,-5.68304703823885
連日,-5.68304703823885
負成長,-5.68304703823885
重心,-5.68330439793936
食品,-5.683481798571664
其中,-5.68424044192352
電池,-5.68517153100402
合約,-5.68517153100402
電腦,-5.686380877027998
子公司,-5.686558557088532
氛圍,-5.6868348038860494
這兩個,-5.686993566264679
全球,-5.687524088099225
金融,-5.6875975538834815
見度,-5.687707279624819
期貨,-5.688419822002711
流動性,-5.688419822002711
揭露,-5.689012715585447
一期,-5.689841409137505
半小時,-5.689841409137505
暴漲,-5.690196080028514
往前,-5.690196080028514
原先,-5.691523522168154
新品,-5.691693413999098
耐震,-5.691965102767361
超高,-5.691965102767361
當中,-5.692522247785276
展台,-5.692670699156369
廢棄物,-5.693140460675295
拍板,-5.693140460675295
天數,-5.693140460675295
升值,-5.6932639977211865
競爭力,-5.694640292019273
工商,-5.694702672726348
助益,-5.695481676490197
目標,-5.696072037076944
居多,-5.696880371682762
延宕,-5.697229342759718
日止,-5.697387873326144
不了,-5.697478436246273
摩根,-5.69781033880878
院士,-5.698274576674367
需求,-5.69891009751726
國際油,-5.698970004336019
補償,-5.699664320202373
不過,-5.700231572345587
組件,-5.70070371714502
科技部,-5.701049630729139
人才,-5.701311220150921
訊號,-5.702430536445525
造就,-5.702430536445525
把握,-5.702430536445525
優化,-5.702430536445525
新科,-5.702430536445525
工程,-5.703071325173953
兩家,-5.703195813263638
美金,-5.704150516839799
附近,-5.70472233322511
主要,-5.705241513779353
附加,-5.706351957958618
本土,-5.706547102640357
葉倫,-5.707570176097937
台新,-5.70926996097583
差點,-5.70926996097583
新一代,-5.70926996097583
否決,-5.70926996097583
前三季,-5.7106250150607964
全球化,-5.7106250150607964
登上,-5.710963118995275
更是,-5.710963118995275
平板,-5.711300959916166
回到,-5.711872092678367
前年,-5.712088234862644
機種,-5.712275471115556
機會,-5.712589579182054
透露,-5.712649701627211
解盲,-5.712649701627211
因而,-5.713770462202507
大量,-5.714143407250675
一家,-5.714609138643194
上升,-5.715724860469179
一半,-5.7160033436347994
更具,-5.716956789642122
順利,-5.717153793266232
轉向,-5.7174855788002334
大專,-5.717670503002262
產學,-5.717670503002262
六個,-5.717670503002262
衝刺,-5.7186677353162105
擅長,-5.719331286983727
傳聞,-5.719993826367604
董監事,-5.7204349584338745
綠能,-5.7211691842755386
元年,-5.721743792109673
累計,-5.7223901422962
發燒,-5.722633922533812
減年,-5.724275869600789
損害,-5.7246035153967165
今年,-5.724765119675002
估計,-5.7248218086819875
年度,-5.725109952512597
全額,-5.725258066359961
共計,-5.725258066359961
論壇,-5.726067098372206
逐漸,-5.726426911550951
不振,-5.726564216162244
介面,-5.726564216162244
變化,-5.726727209026572
中長,-5.7283537820212285
效益,-5.728547016499123
將持續,-5.728882871810814
經濟部,-5.72916478969277
湧現,-5.72916478969277
開議,-5.72916478969277
全體,-5.730160878390676
用水,-5.730782275666389
歐派,-5.731320101718905
位置,-5.731413568733557
多月,-5.731933945611774
將進,-5.731933945611774
日月,-5.732393759822968
童子,-5.732393759822968
最大,-5.732641150591209
博覽會,-5.733464770185494
反映,-5.733770288651772
多來,-5.733999286538387
產品,-5.734581645971144
三年,-5.734799829588847
雙贏,-5.7355988996981795
不具,-5.7355988996981795
四天,-5.7355988996981795
天內,-5.737192642704737
宿舍,-5.737722593328035
短短,-5.737987326333431
點數,-5.738780558484369
回收,-5.738780558484369
短期,-5.739625078890312
前景,-5.740257393219779
顯見,-5.741151598851785
硬碟,-5.7419390777291985
力推,-5.7419390777291985
畢業生,-5.7419390777291985
扣除,-5.742725131304698
一支,-5.7435097647284294
資深,-5.7439015504851785
投資,-5.7445268671936445
中華電信,-5.7450747915820575
水資源,-5.7450747915820575
大戰,-5.7450747915820575
淨利,-5.7450747915820575
左右,-5.7450747915820575
收購,-5.745239203653642
兩位,-5.745421810763048
調整,-5.745992768000571
軌道,-5.746115018383335
統一,-5.746634198937579
學界,-5.746634198937579
降溫,-5.746634198937579
穿戴,-5.747300806101307
則是,-5.747457506258844
排行,-5.748188027006201
轉讓,-5.748188027006201
新光,-5.748188027006201
火力,-5.748188027006201
去年同期,-5.748351264926522
一向,-5.748876836796753
強大,-5.749220832443968
第一天,-5.749736315569061
逐年,-5.750251187569974
攤位,-5.750662646134056
人氣,-5.750838866254917
動態,-5.750838866254917
博士,-5.751279103983342
壓力,-5.751279103983342
毛利,-5.751718895901334
相當,-5.751765163890713
驚喜,-5.752304593201033
電源,-5.7533276666586115
帶領,-5.753668156273781
接近,-5.753692466748858
速度,-5.754093393242939
醞釀,-5.754348335711019
對外,-5.754348335711019
成績,-5.7557363026383275
裝置,-5.7559920583400235
計價,-5.756382505621472
平均,-5.756513415790332
油價,-5.756788198768118
電廠,-5.756788198768118
依然,-5.756889562867517
十足,-5.757396028793024
國稅局,-5.757396028793024
管線,-5.757396028793024
驚人,-5.758407192187886
評鑑,-5.758911892397974
仍須,-5.758911892397974
反應,-5.759958245557625
終止,-5.760422483423212
去年,-5.76110351615161
接下,-5.761283325096348
紛紛,-5.762142463817486
逆價,-5.76242846612081
評選,-5.76242846612081
將有,-5.762828553189091
遊戲,-5.7632703262960385
數量,-5.763285344692578
野村,-5.763427993562937
重點,-5.76368464351539
自動化,-5.763855659261606
用人,-5.764425225876886
排名第,-5.764922984649888
總額,-5.765088777544402
拿到,-5.7664128471124
多重,-5.7664128471124
即便,-5.7664128471124
九月,-5.7664128471124
提升,-5.766842699818461
趨勢,-5.766908334310359
隨後,-5.767403256850422
預購,-5.767601068050335
外傳,-5.76789761601809
大幅,-5.76789761601809
容量,-5.768109312089503
租稅,-5.768391413094488
議案,-5.768391413094488
新增,-5.7700801818403304
第個,-5.770115294787102
階層,-5.770361005957392
打開,-5.770641648604898
不僅,-5.7707538549049415
金屬,-5.770852011642144
備受,-5.771146348814985
投入,-5.771669122855723
數據,-5.772178540582871
零件,-5.77232170672292
洪水,-5.77232170672292
揣測,-5.77232170672292
一座,-5.773298747589232
受限,-5.773298747589232
不足,-5.773407172126532
觸控,-5.7737864449811935
投資者,-5.773995290612486
數的,-5.774273595320442
歷年,-5.774662922537822
陷入,-5.7752462597402365
書記,-5.7752462597402365
一如,-5.776216750606444
曙光,-5.776216750606444
爆出,-5.776701183988411
全都,-5.776991584856405
相比,-5.777259474953459
機率,-5.77737848419772
買賣,-5.778151250383644
不足以,-5.778151250383644
外國人,-5.778151250383644
囊括,-5.778151250383644
忽略,-5.779307827583586
號稱,-5.780077171419682
期刊,-5.781036938621132
頒發,-5.781036938621132
最低,-5.781036938621132
發展署,-5.781036938621132
第一季,-5.781036938621132
大環境,-5.781994589465404
演講,-5.782342303240506
園區,-5.782472624166286
歐元區,-5.782472624166286
因素,-5.7833837773173205
等等,-5.783903579272735
一成,-5.783903579272735
首款,-5.783903579272735
講座,-5.783903579272735
供需,-5.783903579272735
大型,-5.784239590494064
升級,-5.784260582566084
數字,-5.784379518478618
此外,-5.784444606450065
央行,-5.785280731671701
一倍,-5.785329835010767
避開,-5.785329835010767
大大,-5.785329835010767
新竹,-5.785391740004372
母公司,-5.786041210242554
吸收,-5.7861833455676335
中油,-5.7861833455676335
分別,-5.786607066325085
每位,-5.786751422145561
失業,-5.787318756624548
過半,-5.787696568289874
學子,-5.787696568289874
化工,-5.787696568289874
繳稅,-5.787696568289874
減少,-5.7884512070234555
必然,-5.789580712164425
可靠,-5.789580712164425
引領,-5.789580712164425
取得,-5.790371596939158
交易所,-5.790385706800655
年底,-5.7909458825833235
偏低,-5.791189212084256
轉變,-5.791189212084256
應會,-5.791456717163181
至於,-5.791764930424287
文教,-5.791830947674836
來源,-5.7923916894982534
未能,-5.792741785834749
同業,-5.793663416561891
郭台銘,-5.794388449254329
筆電,-5.795184589682424
活絡,-5.795184589682424
擴大,-5.796296740051791
漂亮,-5.797036594544017
內將,-5.797036594544017
已久,-5.797036594544017
當天,-5.797344495642985
員工,-5.797406049676382
以來,-5.797444695425016
企業,-5.797639227927301
將來,-5.797708097548928
放緩,-5.7979596437371965
二氧化碳,-5.7979596437371965
如期,-5.7979596437371965
以個,-5.7988807352423875
第天,-5.799340549453582
大典,-5.800717078282385
盈餘元,-5.800717078282385
尤其,-5.801046796998896
貶值,-5.8011397493443635
合理,-5.801449446890854
全力,-5.801632346233166
偏鄉,-5.801815168581437
潛力,-5.802213786766286
出售,-5.802213786766286
窘境,-5.802545689328793
預計,-5.803718952904812
畢業,-5.804139432335351
握有,-5.804366633220419
上空,-5.804366633220419
大安,-5.804366633220419
交出,-5.804366633220419
提前,-5.804462261203168
動作,-5.804548308388056
太多,-5.805274250022864
荷蘭,-5.805274250022864
財產,-5.805576367935501
銷售,-5.805589498730583
就業,-5.80568617690749
換算,-5.8061799739838875
參展,-5.8061799739838875
名譽,-5.8061799739838875
主角,-5.8061799739838875
則有,-5.8061799739838875
以元,-5.806858029518818
谷底,-5.807083812982132
心態,-5.807083812982132
買氣,-5.807728262546748
更為,-5.8079857748471495
標案,-5.8088858673598125
形容,-5.809131023720769
威力,-5.809425028797034
研究所,-5.809425028797034
一顆,-5.809784098252712
低利率,-5.809784098252712
這年,-5.809784098252712
稅制,-5.809784098252712
回台,-5.810232517995084
差異,-5.810381888411657
將出,-5.811575005870593
場域,-5.811575005870593
淮南,-5.811575005870593
七年,-5.811575005870593
減產,-5.811575005870593
少數,-5.812062156209842
意圖,-5.812913356642856
退出,-5.813034820629636
熱潮,-5.813358558611011
持有,-5.813866802650178
利益,-5.814148903655163
減量,-5.814247595731921
缺乏,-5.814780145745805
新建,-5.814780145745805
玻璃,-5.815134816636814
已達,-5.815134816636814
各大,-5.815577748324268
成本,-5.815872785347777
人大,-5.816020228731269
兩成,-5.8169038393756605
難免,-5.8169038393756605
應付,-5.8169038393756605
自動,-5.8169038393756605
安定,-5.817961804531994
迅速,-5.818037274943498
尺寸,-5.818079197283595
性能,-5.818225893613955
擴散,-5.818225893613955
出爐,-5.818414430400899
頻傳,-5.818665685531947
更進,-5.818665685531947
營業額,-5.8190171986890595
共同,-5.819087467192069
計算,-5.819368427565383
院校,-5.819543935541868
深港,-5.819543935541868
不大,-5.819919785398215
為止,-5.820128450410592
顯示器,-5.820420413098497
上限,-5.8208579894397
否則,-5.820935163048415
分歧,-5.821295125341632
招募,-5.821295125341632
評估,-5.821492397424017
華爾街,-5.8221680793680175
本業,-5.8221680793680175
小型,-5.8221680793680175
大校,-5.8221680793680175
回升,-5.822494985278751
傳出,-5.82303928223169
物價,-5.823213313282667
解讀,-5.823329295252085
一日,-5.8244047940900865
亞洲,-5.824470405745541
系列,-5.824516328007209
內外,-5.825065318144261
影響,-5.825534299231056
集團,-5.825614545487275
職缺,-5.82564245375332
公布,-5.826063908434451
充足,-5.826074802700826
時期,-5.8262599634292345
交易,-5.827265857293864
星期,-5.827369273053825
定性,-5.827369273053825
估算,-5.828230114726962
午盤,-5.828402078491593
科大,-5.828402078491593
這將,-5.828402078491593
可是,-5.828402078491593
輔助,-5.82865989653532
昨天,-5.829040896418553
中止,-5.829089253448099
問卷,-5.829089253448099
增加,-5.82915167001646
高低,-5.829432433617598
循環,-5.8299466959416355
干擾,-5.8299466959416355
環保,-5.830802448892219
引爆,-5.831656518945059
滿意,-5.83177839195888
剛剛,-5.832508912706237
節能,-5.833359636743013
陣營,-5.833784374656479
可為,-5.83420869758413
基金,-5.834500179293778
重啟,-5.834547857680949
有助,-5.834793291133032
正向,-5.835056101720117
宋楚瑜,-5.835056101720117
周末,-5.835056101720117
第五,-5.835563751669097
最深,-5.835901855603575
本市,-5.836866418980426
上台,-5.837588438235511
人均,-5.837588438235511
疑慮,-5.837588438235511
申報,-5.837588438235511
國際化,-5.837588438235511
陸續,-5.837741439639913
企業家,-5.839268496353533
再次,-5.839560018084166
物理,-5.840942080243099
休息,-5.841609712168435
已有,-5.841874516914767
收回,-5.842609239610562
健身,-5.842609239610562
驚訝,-5.842609239610562
首家,-5.842609239610562
省長,-5.842609239610562
超過,-5.842659155647845
之際,-5.843717134297871
攸關,-5.845098040014257
吸引,-5.845155749732221
獎學金,-5.847572659142112
這套,-5.847572659142112
特性,-5.847572659142112
一部分,-5.847572659142112
比例,-5.847572659142112
首批,-5.849214606209089
開始,-5.849710942813859
即將,-5.849942372582834
看準,-5.850850368903348
聯想,-5.850850368903348
截至,-5.850962953345172
成為,-5.851302564470754
應有,-5.851502952770544
顯示,-5.851611621476705
朝向,-5.851665945634872
來台,-5.851937464544562
逐步,-5.852479993636856
一大,-5.853366309213667
額度,-5.853454841368067
現象,-5.853698211776174
做到,-5.85394144588049
顯得,-5.854913022307856
將可,-5.854913022307856
另外,-5.855090514776195
明顯,-5.855198366918582
今年初,-5.855721012274689
為主,-5.8559515907148825
矚目,-5.8561244442423
保持,-5.856642592422956
駕駛,-5.8567288903828825
出現,-5.85694628521693
搶修,-5.857332496431268
實力,-5.857332496431268
中有,-5.857332496431268
接班,-5.857332496431268
栽培,-5.857332496431268
培育,-5.8578683317637745
中期,-5.858537197569639
攜手,-5.8587090252600715
李登輝,-5.8589380231466865
董座,-5.859395656995042
密集,-5.859738566197147
籌資,-5.859738566197147
連假,-5.859738566197147
去年底,-5.859956640257417
不確,-5.860081204859419
特殊,-5.860081204859419
擴展,-5.860218184668756
準則,-5.860537636306479
預定,-5.860765672269663
有別,-5.860936620700094
企圖,-5.8614490626261
清華大學,-5.862131379313038
巨擘,-5.862131379313038
意味,-5.862131379313038
盈餘為,-5.862131379313038
影像,-5.862131379313038
甚至,-5.86285387903366
困境,-5.863190634672059
工廠,-5.863322860120456
三成,-5.863719295092669
追求,-5.8641153685190295
中將,-5.864511081058392
手臂,-5.864511081058392
滲透率,-5.865301426102544
一環,-5.865301426102544
前一天,-5.865301426102544
談話,-5.865932668193186
提高,-5.866218627038817
充電,-5.866877814337498
徐國勇,-5.866877814337498
成熟,-5.866877814337498
財務,-5.867820908045573
當作,-5.868056361823042
確定,-5.868246150962934
不妨,-5.868448501336729
全面,-5.868787363721543
周休,-5.869231719730976
進駐,-5.86956695284828
點分,-5.869700973673878
下降,-5.870169721136441
雖然,-5.870941418084153
國內,-5.871389766212964
總量,-5.871572935545879
進而,-5.871572935545879
敏感,-5.871572935545879
功能,-5.871572935545879
統計,-5.871790082791354
展開,-5.872091496182895
公司,-5.872162973220894
往年,-5.872350544494723
現有,-5.8726094383813185
測試,-5.872738827472669
達到,-5.8733653214243455
除此之外,-5.874675052177361
自來,-5.876217840591642
財長,-5.876217840591642
下周一,-5.876217840591642
書籍,-5.876217840591642
十年,-5.876217840591642
增長,-5.8766026828692866
採購,-5.877371345869774
還沒,-5.877755167796572
而定,-5.877755167796572
記憶,-5.878521795501206
聯名,-5.879287072319319
像是,-5.879541865217154
外界,-5.8797733654795135
尚未,-5.879866728936456
分散,-5.87989832433001
穩健,-5.880305348241624
疏散,-5.880813592280791
防水,-5.880813592280791
校友,-5.880813592280791
商業,-5.880813592280791
終結,-5.880813592280791
開啟,-5.880813592280791
商機,-5.8819006879220055
將與,-5.8819549713396
智能,-5.8819549713396
產品線,-5.882334765401324
等國,-5.882334765401324
包括,-5.882334765401324
怎樣,-5.882334765401324
三個,-5.882472790027276
策略,-5.882494579379909
加重,-5.88309335857569
聰明,-5.88309335857569
清明,-5.88309335857569
不利,-5.883300017861961
總體,-5.8846065812979305
正常,-5.884795363948981
電信,-5.884795363948981
呈現,-5.885109819456097
層面,-5.885361220031512
一步,-5.885909225759622
銷售量,-5.886265059029757
整合,-5.886565921169883
將舉,-5.886866575028829
完畢,-5.886866575028829
前天,-5.886866575028829
席次,-5.887167020894775
調度,-5.887167020894775
流入,-5.887167020894775
波動,-5.887242099896068
一開始,-5.887295719808712
相互,-5.887617300335736
新手,-5.887617300335736
雜誌,-5.887867254001285
通訊,-5.889861721258188
領導者,-5.889861721258188
通信,-5.889861721258188
簡化,-5.889861721258188
履歷,-5.889861721258188
百分,-5.8901814080462
適時,-5.8909795969896885
日經,-5.8909795969896885
融資,-5.8916489438705595
促使,-5.892094602690481
減弱,-5.892539804658635
活化,-5.89283635262639
大事,-5.89283635262639
總監,-5.893428841779545
攀升,-5.8935095731640885
探討,-5.895422546039408
評比,-5.896526217489555
主體,-5.896526217489555
國際,-5.896548044074905
修正,-5.896607859464023
啟動,-5.896934273971612
成分,-5.897627091290442
夏季,-5.897846931579572
以下,-5.898286278589123
震度,-5.898725181589493
當成,-5.898725181589493
里程碑,-5.898725181589493
走出,-5.898725181589493
考量,-5.899389342113341
搭配,-5.899601659146122
夫人,-5.899820502427096
韓國,-5.8999767515678005
總裁,-5.900108286204046
分布,-5.900184996348536
未來,-5.900759351499946
新版,-5.900913067737669
顯著,-5.901458321396112
運轉,-5.901639920596711
淨值,-5.901639920596711
徵詢,-5.901639920596711
浩鼎,-5.90200289135073
數為,-5.903089986991944
四年,-5.903089986991944
韓元,-5.903089986991944
低薪,-5.903089986991944
驕傲,-5.903089986991944
落幕,-5.903957708523171
引擎,-5.903957708523171
傳統,-5.904010242027759
英國,-5.90411736303608
新年,-5.904174368284163
將於,-5.904174368284163
波及,-5.904174368284163
每週,-5.904535227866124
進展,-5.904535227866124
開發,-5.905391069574008
創辦,-5.905422222265651
成功,-5.905452428802398
四個,-5.905687967711852
激增,-5.905975675229432
興起,-5.905975675229432
暫時,-5.906237062226129
大宗,-5.90633504180509
受損,-5.9066941112607685
豐金,-5.907411360774586
原有,-5.907411360774586
途徑,-5.907411360774586
拖延,-5.907411360774586
解除,-5.907411360774586
該案,-5.907411360774586
巴拉圭,-5.907411360774586
撤離,-5.907411360774586
接駁,-5.907411360774586
最新,-5.908094904788278
只是,-5.9084850188786495
薪水,-5.908842315881035
進入,-5.908889152708463
平穩,-5.909556029241175
經濟,-5.909616007763343
期望,-5.909750474949328
本來,-5.909861547707453
回歸,-5.909983694939844
進來,-5.910268571619067
報酬,-5.910471940614543
中研院,-5.910624404889202
將成,-5.910742951220469
低迷,-5.911157608739977
理想,-5.911157608739977
終身,-5.911690158753861
王品,-5.911690158753861
過往,-5.913107107749467
一批,-5.913107107749467
外面,-5.913107107749467
日系,-5.913813852383717
私募,-5.914519448772725
匯入,-5.914519448772725
將為,-5.9148718175400505
還未,-5.9148718175400505
反而,-5.9153646539994105
指出,-5.91588018553094
全部,-5.916175167445732
負面,-5.916529144547326
部分,-5.916605191623682
除了,-5.916780338025533
能源,-5.916918186415512
實驗,-5.917330426106553
溫暖,-5.917330426106553
近年,-5.9176487071628685
第四,-5.917730513174834
首度,-5.918233325562543
產量,-5.918449742401158
算是,-5.918449742401158
供電,-5.918729121299118
也將,-5.918836526884408
比率,-5.918982946251933
周二,-5.919078092376074
日商,-5.920123326290724
總經,-5.920123326290724
文化局,-5.920123326290724
本週,-5.921166050637739
增資,-5.9215130698187295
第年,-5.922206277439017
五大,-5.922206277439017
將會,-5.922296614305052
正式,-5.922445976358855
對岸,-5.922621671523199
而言,-5.922898380345496
有點,-5.922898380345496
全民,-5.923036668670786
匯市,-5.923244018630276
僅有,-5.924279286061882
好奇,-5.924279286061882
接見,-5.924279286061882
剛好,-5.924279286061882
電量,-5.924279286061882
面對,-5.924574624041235
簽約,-5.924869761315185
過度,-5.9253120914996495
創業,-5.925655814890685
差不多,-5.926342446625655
例子,-5.927027994490032
降低,-5.927301910917848
重視,-5.92757565469111
最快,-5.92757565469111
東元,-5.928395852256714
減幅,-5.928395852256714
下個,-5.928395852256714
實地,-5.928395852256714
稍微,-5.928395852256714
實驗室,-5.928395852256714
打工,-5.928395852256714
擔心,-5.92875197731308
審慎,-5.929214503737394
兼顧,-5.929418925714293
不及,-5.929759415329462
戰力,-5.9304395947667
加速,-5.930559515927728
光是,-5.930847191682497
不斷,-5.9310762969506765
身亡,-5.931118710592187
有如,-5.931118710592187
受到,-5.931207696245997
恐慌,-5.931457870689005
重諺,-5.931457870689005
搶攻,-5.931661239684481
石油,-5.932022549590432
肯定,-5.932046309443922
並未,-5.932087037597366
第一,-5.93214631651122
形成,-5.932203091884407
淘汰,-5.9324737646771535
基本上,-5.9324737646771535
意志,-5.9324737646771535
轉型,-5.933246187258544
排放,-5.933487287848705
他並,-5.933824603968112
慢慢,-5.93409426835548
為例,-5.9344984512435675
視為,-5.9344984512435675
台商,-5.934722834861012
升高,-5.934722834861012
同事,-5.935171254603384
一股,-5.935171254603384
重要,-5.935519705693579
新台幣,-5.935666338342908
創造,-5.9359889152465595
看來,-5.93601079571521
過去,-5.936281685576817
資歷,-5.936513742478893
環保署,-5.936513742478893
極大,-5.936513742478893
中學,-5.936513742478893
認為,-5.9367067193680505
以及,-5.9368177638297075
本月,-5.937183433408669
電台,-5.937317247762494
專門,-5.937517892017347
漲價,-5.938519725176492
幾個,-5.938519725176492
因此,-5.938769822783118
各有,-5.9391863323402205
工業區,-5.940516484932568
劇烈,-5.940516484932568
並不,-5.940516484932568
第位,-5.940516484932568
例如,-5.940914737580285
時機,-5.941180036600083
記錄,-5.941180036600083
價值,-5.941369436726026
多款,-5.94184257598396
挑選,-5.94184257598396
開花,-5.942504106168081
強度,-5.942504106168081
並將,-5.942504106168081
規模,-5.942737347034
補貼,-5.943494515906102
低調,-5.943494515906102
龐大,-5.943918286779118
大部分,-5.944087679415434
飲料,-5.944482672150168
好事,-5.944482672150168
典禮,-5.944482672150168
電信業者,-5.944482672150168
毫不,-5.944482672150168
協力,-5.944482672150168
預測,-5.944946910015756
最多,-5.944975908412048
相同,-5.945558102700292
處長,-5.945796726048
董監,-5.946452265013073
習慣,-5.946452265013073
舉行,-5.946511810427838
瑞典,-5.947106815976317
可達,-5.947853668235875
達成,-5.948168361727132
以此,-5.948412965778601
未有,-5.948412965778601
機上,-5.948412965778601
建中,-5.948412965778601
核一廠,-5.948412965778601
進去,-5.948412965778601
之外,-5.9490302999008895
月初,-5.9495851513266516
效率,-5.9499751778296535
狀況,-5.950127288327913
這批,-5.950364854376123
七月,-5.950364854376123
帶頭,-5.950364854376123
更好,-5.950514636920082
時將,-5.950754181593504
高出,-5.951337518795918
概念,-5.951661256777292
夫婦,-5.952308009662125
課稅,-5.952308009662125
熱議,-5.952308009662125
面向,-5.95286160372294
不見,-5.952953800832277
何時,-5.953082843912086
重新,-5.953168851335262
留在,-5.953414493017094
不到,-5.953690673936992
便宜,-5.953759691733229
如下,-5.954242509439325
垂直,-5.954885432549936
股份,-5.954885432549936
中秋,-5.955399086639267
轉投資,-5.956168430475364
優秀,-5.956168430475364
總計,-5.956168430475364
兩周,-5.956168430475364
研究,-5.95671712856718
配備,-5.957128197676813
擴大到,-5.958085848521085
接軌,-5.958085848521085
年將,-5.958085848521085
體質,-5.958723111264779
可惜,-5.958723111264779
自台灣,-5.958723111264779
有力,-5.958723111264779
發光,-5.958723111264779
一筆,-5.958723111264779
開賣,-5.959232249050996
理事,-5.959450268373799
銷量,-5.960756090901773
高興,-5.960946195733832
發揮,-5.961516011448949
幾乎,-5.961805155588726
相關,-5.962205696335681
實習,-5.962527174843811
舉例,-5.963247995726138
曝光,-5.963787827345556
稅前,-5.963787827345556
迎接,-5.964326988782777
態度,-5.964865481699757
外商,-5.9650448310650575
減緩,-5.965295795811656
空間,-5.9653477014507645
未來將,-5.9656719712201065
響應,-5.9656719712201065
報告,-5.9657442753045
滿足,-5.966298207063155
極為,-5.966298207063155
標準,-5.966437248038219
決議,-5.966715196516124
所致,-5.966798546383361
實質,-5.96717342295554
審核,-5.967547976218862
內部,-5.967547976218862
所得,-5.968379162083874
取代,-5.968379162083874
日前,-5.969110799321867
紀律,-5.969415912353981
按照,-5.969415912353981
國大陸,-5.969415912353981
返國,-5.969415912353981
裡面,-5.970036776622557
受邀,-5.970036776622557
氣氛,-5.970450193580861
動盪,-5.971275848738105
初期,-5.971275848738105
普當,-5.971275848738105
價格,-5.97179108723952
延伸,-5.9718057993614035
比照,-5.971894061628124
積極,-5.972480549876476
提問,-5.972511395750412
震央,-5.973127853599698
耕耘,-5.9737434376601035
半數,-5.9737434376601035
眾多,-5.974050902792877
之中,-5.974050902792877
彭博,-5.974235277443026
永續,-5.974445895527612
面臨,-5.974971994298069
結構,-5.974971994298069
首要,-5.974971994298069
新車,-5.974971994298069
美國,-5.97580765836561
銀行業,-5.976197085327375
海外,-5.976385254516585
穩固,-5.976808337338066
願景,-5.977418730245156
缺席,-5.977418730245156
因應,-5.977629011797661
售價,-5.977723605288848
英鎊,-5.977723605288848
同樣,-5.977952121201462
還能,-5.978028266460165
財委會,-5.978636948384474
興建,-5.978636948384474
中小,-5.979299993523803
一部,-5.979851758916156
外匯,-5.980292667057481
起跑,-5.9804578922761005
混合,-5.9804578922761005
出席,-5.9804578922761005
行動,-5.980690795419936
電力,-5.980717404970947
出手,-5.9810631808506
通過,-5.981877672086579
核心,-5.9820298912818135
實上,-5.982271233039568
心聲,-5.982271233039568
並與,-5.982271233039568
美日,-5.982271233039568
腫瘤,-5.982271233039568
近日,-5.982461671315763
不但,-5.982549537747524
培養,-5.982787942775599
將近,-5.982874001327729
這幾年,-5.983475934177939
梅姬,-5.984077033902831
趕緊,-5.984077033902831
能力,-5.984643024066576
部副,-5.984677302805447
薪資,-5.9848486559273795
轉換,-5.985276743179294
行人,-5.985875357308394
熱烈,-5.985875357308394
無力,-5.985875357308394
但是,-5.985999105558812
平衡,-5.986323777050766
一再,-5.986592606822211
明星,-5.986771734266245
交由,-5.986771734266245
兩項,-5.988261596728756
台灣,-5.98874100892316
目前,-5.9887885149410325
年初,-5.98885611356616
眼睛,-5.989449817666692
罕見,-5.989449817666692
現況,-5.989449817666692
慣例,-5.989449817666692
完成,-5.990323273319059
各類,-5.990871404801486
思維,-5.991226075692495
版圖,-5.991226075692495
平台,-5.992629684457825
交割,-5.992995098431342
改選,-5.993876914941211
最佳,-5.994254288881164
中國大陸,-5.994254288881164
衡量,-5.994756944587628
檢視,-5.995509838995034
上櫃,-5.99563519459755
還會,-5.995732668390329
同仁,-5.995810631676043
存款,-5.995810631676043
組合,-5.996011044453897
經營,-5.996044437593885
角色,-5.996278117708161
展現,-5.9965116721541785
主打,-5.9965116721541785
不公,-5.9965116721541785
活力,-5.9965116721541785
宣布,-5.996614670964552
計畫,-5.996730515435153
出來,-5.997386384397314
研判,-5.998259338423699
此次,-5.998329099002421
原定,-5.998840334472761
行事,-5.998840334472761
流量,-5.998840334472761
控制,-5.998912904358786
政策,-5.999069246143534
瓦斯,-6.0
模型,-6.0
早就,-6.0
穩定,-6.000096499163135
之處,-6.000867721531227
群島,-6.000867721531227
用電,-6.001733712809001
未見,-6.001733712809001
預算,-6.002310082478074
深耕,-6.002770628101194
對策,-6.003460532109506
總處,-6.003460532109506
即使,-6.003663236655498
高度,-6.004034616108373
職場,-6.006037954997317
至今,-6.006072217510207
財政,-6.006323393378873
如同,-6.0068937079479
新春,-6.0068937079479
其次,-6.0068937079479
大選,-6.007625870776949
收益,-6.00774777800074
主管,-6.00777530070311
不得不,-6.00803209518399
倍增,-6.00803209518399
失望,-6.008259414991275
談及,-6.008600171761918
一年,-6.008993020709467
財經,-6.009167506240904
個案,-6.009450895798694
看看,-6.009450895798694
定位,-6.010299956639812
高盛,-6.010299956639812
改變,-6.0104356524640385
發行,-6.0106391167366295
以外,-6.010723865391773
完整,-6.0112967311923695
瘋狂,-6.011993114659257
具備,-6.012556036944036
邀集,-6.012837224705172
第二天,-6.013679697291193
損失,-6.014197330823156
日將,-6.01464052618289
其實,-6.015150103229471
完善,-6.015359755409214
還有,-6.01606716652676
加工,-6.016197353512439
有所,-6.01631687862174
輕人,-6.016699138064971
主計,-6.017033339298781
繼續,-6.017033339298781
財政部,-6.017033339298781
裁撤,-6.017033339298781
意在,-6.017033339298781
幕僚,-6.017700971224117
將在,-6.0178677189635055
重要性,-6.019033163930999
廣泛,-6.019254799292739
學系,-6.019254799292739
軟體,-6.019697730980192
部份,-6.019697730980192
存底,-6.020361282647708
教學,-6.020361282647708
零星,-6.020361282647708
金控,-6.020834628178929
詞時,-6.020913468967365
蓬勃,-6.021464954097855
移動,-6.0220157398177205
出口,-6.0224283711854865
已成,-6.022722868031316
前進,-6.022840610876528
進出,-6.023663918197793
遴選,-6.023663918197793
比起,-6.023663918197793
這條,-6.023663918197793
選情,-6.023663918197793
所長,-6.023663918197793
期待,-6.024485667699167
人家,-6.024759239035396
同時,-6.024833398178697
前院,-6.02530586526477
第六,-6.02530586526477
流出,-6.02530586526477
月份,-6.025715383901341
唯一,-6.025773855053486
本次,-6.025851804345969
一一,-6.025851804345969
如此,-6.026533264523297
恐怕,-6.026578657205011
推進,-6.027757204690554
連鎖,-6.028028723600244
勇敢,-6.028028723600244
如今,-6.028367883697062
話題,-6.0285712526925375
參與,-6.0285712526925375
晚宴,-6.0285712526925375
之間,-6.0287338793493355
選出,-6.028896445131471
改成,-6.030194785356751
熱情,-6.030194785356751
以利,-6.030194785356751
自月,-6.03181227133037
跨足,-6.03181227133037
評論,-6.031991620695671
方向,-6.032252360354927
福利,-6.032963941275756
緊密,-6.033423755486949
開業,-6.033423755486949
團隊,-6.03382569395331
第三,-6.034280774969608
完美,-6.034494765849475
常常,-6.034494765849475
之所以,-6.034494765849475
建議,-6.034828915655837
稅收,-6.035029282202368
推出,-6.035090914854413
是否,-6.035166622997874
變得,-6.035349676522988
其他,-6.036140749466909
每年,-6.036286616756316
強調,-6.036289045214211
榮譽,-6.036628895362161
中心,-6.036861076325672
台大,-6.03726709456871
治理,-6.03726709456871
交付,-6.037692040279623
綠色,-6.037904357312404
虧損,-6.037995318561433
支應,-6.038222638368718
靈活,-6.038222638368718
神經,-6.038222638368718
有趣,-6.038222638368718
訊息,-6.038656282420627
之前,-6.0390490791165
符合,-6.039444627024971
以前,-6.03981055414835
走向,-6.03981055414835
顯然,-6.03981055414835
債權,-6.03981055414835
經理,-6.040127441781456
坦言,-6.04033857182057
加班,-6.040602340114073
創意,-6.041217177181739
不少,-6.041338224755382
量化,-6.041392685158225
傷亡,-6.041392685158225
教授,-6.041984501486787
時會,-6.04233920456355
不再,-6.0425192603214795
起飛,-6.04296907339318
開放,-6.043268690156981
緩慢,-6.044016828984374
不易,-6.044539760392411
方針,-6.044539760392411
招牌,-6.044539760392411
一段,-6.044713931031161
情勢,-6.045409915926754
具有,-6.045807121379757
夥伴,-6.047239456688094
成共識,-6.048182755238576
很大,-6.0485527769717065
第期,-6.0485971584016065
框架,-6.049218022670182
超級,-6.049218022670182
無論,-6.049218022670182
之一,-6.049424780342215
早已,-6.0502508281079495
下旬,-6.050766311233042
應該,-6.050805938449813
新政府,-6.051134139223103
凸顯,-6.0515383905153275
本身,-6.051923916046107
洽談,-6.052309099647323
大陸,-6.052309099647323
新藥,-6.052309099647323
善用,-6.053334588865014
不可,-6.054016905551951
窗口,-6.0553783313750005
已將,-6.0553783313750005
整個,-6.055887767775823
應變,-6.056599976292781
將以,-6.057557435203669
受理,-6.057666103909829
主導,-6.058426024457005
一同,-6.058805486675907
只有,-6.058805486675907
大多,-6.058893007815874
一直,-6.059773719819039
兩年,-6.059941888061955
經常,-6.060244426898225
四成,-6.060446002433013
業者,-6.06076649808546
擔憂,-6.0608488730388075
商用,-6.061452479087193
目光,-6.061452479087193
首見,-6.061452479087193
可能性,-6.06295783408451
選前,-6.06295783408451
學習,-6.063208220071211
保險,-6.063258279950456
申請,-6.064083435963596
土地,-6.064457989226918
結束,-6.064885654925587
當然,-6.065002217972202
一周,-6.065056603356019
暑假,-6.065206128054312
除非,-6.065206128054312
兩次,-6.065206128054312
限定,-6.0654552215408675
配套措施,-6.065952980313869
開展,-6.066450169242703
基礎,-6.066536578809623
兩個,-6.066648885549946
周年,-6.066698550422995
密切,-6.067442842776381
一分,-6.067442842776381
選區,-6.068927611682072
考慮,-6.06911285138712
接待,-6.069421408758468
旗下,-6.069816042571995
這類,-6.069816042571995
需要,-6.069904156462225
一致,-6.07007893270224
永和,-6.070407321740119
發表,-6.070776462843435
案件,-6.0714803166822335
主持,-6.072372458495351
程度,-6.072447863388656
歌手,-6.073351702386901
電視,-6.074084689028243
關切,-6.074189300490126
合作,-6.074468141258551
開票,-6.074816440645175
期許,-6.075303590984423
走上,-6.076276255404218
中華郵政,-6.076276255404218
吸引力,-6.076276255404218
休假,-6.076276255404218
近來,-6.076640443670342
列為,-6.076858810128593
南下,-6.07700432679335
親民黨,-6.07700432679335
萬元,-6.0772182333542935
社長,-6.077246746270426
新制,-6.077731179652392
專注,-6.078456818053293
共有,-6.078456818053293
發展,-6.078667852190097
外流,-6.079181246047625
第一步,-6.079181246047625
手段,-6.079759919660093
威脅,-6.080145274150242
大利,-6.080626486921806
紅色,-6.080626486921806
科學,-6.080832557854214
表示,-6.081497746164928
協會,-6.081764078985599
還是,-6.0819071203065285
超出,-6.0820669342851135
第二次,-6.083024585129385
原油,-6.083502619830267
年輕,-6.083502619830267
付費,-6.083502619830267
契機,-6.083980128929394
國營,-6.083980128929394
可能,-6.084525211500983
原本,-6.084819271874626
名單,-6.084933574936716
表面,-6.084933574936716
舞台,-6.084933574936716
世界,-6.085006830310408
交易量,-6.085884932342132
不知,-6.086359830674748
那麼,-6.086715663944882
太陽,-6.087781417809542
人類,-6.087781417809542
誘因,-6.087781417809542
試驗,-6.088490470182396
環境,-6.088510711821229
凌晨,-6.088554872122442
訪時,-6.0887265639538555
稍早,-6.088996228341224
慘重,-6.089198366805149
各界,-6.0893071716364595
多少,-6.090610707828406
外觀,-6.090610707828406
局面,-6.091315159697223
高等,-6.092018470752797
登台,-6.092018470752797
獲得,-6.09210113839974
課程,-6.092219207748237
第一位,-6.093421685162235
召開,-6.093525446835624
情況,-6.09414157672354
狀態,-6.094221491063982
年前,-6.09429639740537
世紀,-6.094354648962281
毛額,-6.0948203803548
替代,-6.0948203803548
宣示,-6.0950995796456136
酒店,-6.0955180423231505
競賽,-6.0955180423231505
處分,-6.095657440328489
給予,-6.095708119420898
帶來,-6.095843234762084
決策,-6.095866453478543
掀起,-6.096214585346405
有待,-6.096214585346405
重申,-6.096562438374136
爆炸,-6.096771016533225
人士,-6.0967901911058195
輸入,-6.097604328874411
不明,-6.0978817447138685
數位,-6.098234563322412
或是,-6.098338278976261
正好,-6.098989639401177
多家,-6.098989639401177
空襲,-6.098989639401177
選人川,-6.098989639401177
系統,-6.10031059695239
自行,-6.1004765869889
簽訂,-6.10064620014548
家族,-6.101059354908116
直接,-6.101149119174907
思考,-6.101472117000238
南港,-6.1026623418971475
生物,-6.1039404850830214
自主,-6.1039404850830214
當下,-6.104487111312395
機構,-6.104487111312395
翻轉,-6.104487111312395
停滯,-6.104487111312395
人壽,-6.105169427999332
民國,-6.105169427999332
控管,-6.1053966288844
運作,-6.105578304052037
原因,-6.105673060934953
營造,-6.107209969647869
手法,-6.107209969647869
明確,-6.108226656374929
心理,-6.108294350940088
調漲,-6.108565023732835
南韓,-6.108903127667313
不良,-6.109015770511131
眼鏡,-6.109915863023793
高層,-6.110252917353403
迄今,-6.110365210691302
難度,-6.111710470874545
接手,-6.111710470874545
似乎,-6.112307029322609
參考,-6.112398734856794
行業,-6.1126050015345745
全世界,-6.11327469246435
獎勵,-6.113497693486916
推動,-6.113840548546881
加州,-6.113943352306837
或許,-6.114388554274992
最長,-6.114388554274992
教室,-6.115277591395901
糾紛,-6.115277591395901
暗示,-6.115277591395901
經過,-6.115277591395901
優質,-6.116607743988248
經驗,-6.1170059966359664
風險,-6.117668940562442
事先,-6.117933835039642
民生,-6.117933835039642
點名,-6.117933835039642
細節,-6.117933835039642
為題,-6.117933835039642
愈來,-6.117933835039642
各個,-6.117933835039642
一般,-6.118815651549511
財富,-6.118815651549511
日本,-6.118925752825777
展示,-6.119067270607479
概況,-6.1192558892779365
流失,-6.1192558892779365
多元化,-6.119695681195928
不夠,-6.119695681195928
管理,-6.11986197287935
重大,-6.120442306873306
並有,-6.12057393120585
展覽,-6.121450408762478
變成,-6.122616300689269
減碳,-6.123198075031999
獲准,-6.123198075031999
色彩,-6.123198075031999
中國,-6.123838312713409
條件,-6.123895177078786
說明,-6.124267035051268
好像,-6.1249387366083
已經,-6.1256291106320315
階段,-6.125806458139527
歐洲,-6.126042808883811
根本,-6.126066436885335
台電,-6.1264561134318045
運用,-6.127104798364807
模式,-6.1272668183188985
成效,-6.127364001286201
引導,-6.1275367173282085
轉移,-6.128399268717806
包含,-6.129045059887958
變遷,-6.129260110390942
演說,-6.129260110390942
放在,-6.129689892199301
拜訪,-6.129689892199301
專題,-6.129689892199301
充分,-6.130011949671904
生存,-6.130976691605617
導致,-6.131111922645758
成就,-6.1316186643491255
品質,-6.131676978479042
納入,-6.13207663600593
時代,-6.132099521916504
演出,-6.132515834912638
就是,-6.132524664818034
哪些,-6.1326865146090395
緊急,-6.133538908370218
坦承,-6.134389632406994
旅館,-6.134389632406994
下午,-6.134466888385478
資訊,-6.1353598522618435
主辦,-6.1357231266300785
頒獎,-6.136931851267557
精采,-6.136931851267557
越來,-6.137173193025312
部落,-6.137775961313472
打破,-6.137986732723531
擬定,-6.1386184338994925
第二,-6.139627248480638
造成,-6.139677627748939
總數,-6.139879086401237
科學家,-6.139879086401237
觀點,-6.140298492017514
代表,-6.1404032801666295
雙向,-6.141136090120739
退休金,-6.141136090120739
邁向,-6.141136090120739
貨幣,-6.141387054867337
集結,-6.1423894661188365
真正,-6.142639707832417
蔡總統,-6.142639707832417
本人,-6.142806455571805
醫療,-6.142925521914403
月底,-6.142981910369426
看到,-6.142987630528295
取消,-6.143084226276448
一定,-6.143122525538513
工藝,-6.143639235274543
人力,-6.1438887581092745
收入,-6.144138137663588
項目,-6.144193535901039
這一,-6.144885418287142
上海,-6.1451342263614945
資源,-6.145714224801858
兩者,-6.14695447642602
審議,-6.147367107793786
增進,-6.1477793474848275
玩笑,-6.148602654806093
保護,-6.148602654806093
知識,-6.14921911265538
認同,-6.149834696715785
實踐,-6.15024460187307
作家,-6.15024460187307
關心,-6.15024460187307
方案,-6.150417077841144
優先,-6.15044940946088
多年,-6.151523067564944
外籍,-6.1518803645673295
錄取,-6.152288344383057
意外,-6.152288344383057
多個,-6.1525329484345255
盡量,-6.1526959412988536
創投,-6.153509989300837
清查,-6.153509989300837
確實,-6.1539976866928
迫使,-6.154728207440155
太大,-6.154728207440155
自然,-6.155403521651648
兩岸,-6.155431932909143
聯邦,-6.155943017971837
此案,-6.15642799231805
東京,-6.156635672794744
經費,-6.15675100793867
抱怨,-6.15675100793867
往往,-6.157154439906281
革新,-6.157154439906281
印象,-6.1573963193232295
事業,-6.157805347077334
規劃,-6.1578376648629165
絕對,-6.157960181291211
知名度,-6.158362492095249
完全,-6.15876443056161
輔導,-6.15896526038341
香港,-6.1592663310934945
失去,-6.159807732969431
非常,-6.159867847092567
網路,-6.160368474792849
畢竟,-6.160768561861128
購案,-6.160768561861128
首先,-6.161795667933643
瑞士,-6.162365234548924
影音,-6.162564406523019
到底,-6.162820350631342
自由化,-6.163161374977018
印度,-6.163161374977018
不願,-6.163558898558002
規畫,-6.163638359628923
任內,-6.163757523981956
各部,-6.163956058605712
詳見,-6.164055291893452
服務,-6.1640840973111715
融合,-6.16474929075665
所有,-6.164947372621842
採訪,-6.165541076722373
顧問,-6.165936429031791
還要,-6.165972352310847
春節,-6.166015456323775
得以,-6.166015456323775
每人,-6.1661339703051095
考驗,-6.166331421766525
八年,-6.166726055580051
做好,-6.166857520536982
尋求,-6.16723291556589
最近,-6.1677602664356295
唯有,-6.16790781000148
不會,-6.168099143207558
新加坡,-6.1683367428579805
意義,-6.169086357487023
另一方面,-6.169086357487023
瞄準,-6.169086357487023
第三方,-6.169086357487023
延燒,-6.169086357487023
品牌,-6.169193339746932
一個,-6.1696292256600875
範圍,-6.170026898151117
清理,-6.1702617153949575
竟然,-6.1702617153949575
林全,-6.170730969337859
效果,-6.170783077380624
很多,-6.171433900943009
轉述,-6.17182392744601
生活,-6.172116217629945
隨即,-6.172213603992479
期盼,-6.172213603992479
意識,-6.17260293120986
邀請,-6.172991909723909
成果,-6.173302841888186
訓練,-6.173380540158704
可以,-6.173642931554667
一條,-6.17376882313665
收到,-6.17435059747938
部隊,-6.17435059747938
英文,-6.174579567504545
豐富,-6.174599690965935
即可,-6.174673469014512
大力,-6.174931593528442
有意,-6.175142672260133
有效,-6.17539583139403
兩天,-6.175511813363448
都市,-6.176091259055681
說過,-6.176091259055681
柯林,-6.176322821034989
戰爭,-6.176477127123627
設有,-6.177247836255623
福祉,-6.177247836255623
原來,-6.17897694729317
放款,-6.179551791165188
前提,-6.179551791165188
所以,-6.180098555031821
因為,-6.180276823857626
服務業,-6.1803170679833
生態,-6.180699201296035
首次,-6.1808424146466825
程式,-6.181080998667352
消息人士,-6.181080998667352
配合,-6.181843587944773
同期,-6.181843587944773
有限公司,-6.18366835736002
研究院,-6.184123354239671
其它,-6.184123354239671
上任,-6.184312795674257
資產,-6.184577874932025
招生,-6.185258765296585
交通,-6.185447712213598
自有,-6.185636576961912
案例,-6.186391215695493
今天,-6.186403120534569
著名,-6.187144545428013
照明,-6.1875207208364635
杭州,-6.1875207208364635
防治,-6.1875207208364635
空中,-6.1875207208364635
大學,-6.187971701647396
對此,-6.188197016558756
指派,-6.188647295999718
鄭麗君,-6.188647295999718
職演,-6.188647295999718
面積,-6.188647295999718
成立,-6.1890071837202525
解散,-6.189770956346874
節省,-6.189770956346874
落成,-6.190891716922169
手遊,-6.190891716922169
進行,-6.1909966400912495
不得,-6.191171455728559
引發,-6.191513114197882
某些,-6.191637287031295
壽險,-6.19200959265367
低溫,-6.19200959265367
秘密,-6.19200959265367
背景,-6.192232822924277
臨床,-6.192381579384681
工具,-6.19248780281236
歐元,-6.192567453336546
資料,-6.19275324777014
雲林縣,-6.193124598354462
列入,-6.193124598354462
夏普,-6.193124598354462
警戒,-6.193124598354462
注意,-6.193273049725555
更加,-6.193619239047914
當年,-6.195346058348419
爆料,-6.195346058348419
多元,-6.195686815119062
作用,-6.195899652409234
回應,-6.196045217847802
如何,-6.19667350048806
幫助,-6.197556213153536
現在,-6.19767867036058
儀式,-6.197923481236231
不便,-6.198290438995201
開幕,-6.198290438995201
首位,-6.198290438995201
致力,-6.198499990015867
身心,-6.198657086954423
改善,-6.198901347074417
中間,-6.199755177253475
接獲,-6.199755177253475
房市,-6.200850498091078
消息,-6.200934639228976
風格,-6.201214992012518
房產,-6.20194306340165
十分,-6.20194306340165
真實,-6.20194306340165
資策,-6.20194306340165
李大維,-6.20194306340165
允許,-6.202669916260692
國外,-6.202877365264829
披露,-6.203032887014711
而是,-6.203283996869583
擁有,-6.2034808442301905
最好,-6.2036371649498285
一旦,-6.203848463746235
獎金,-6.204119982655925
選擇,-6.204234255642218
外國,-6.204554060135243
提供,-6.204734115893172
計劃,-6.20484320427502
一些,-6.20513215603678
這塊,-6.205204363948145
各自,-6.2057455409426625
能夠,-6.206286044412432
這也,-6.206286044412432
公股,-6.206286044412432
排除,-6.206502057588685
出新,-6.20772410692475
無法,-6.2079035303860515
以往,-6.208082879751352
展出,-6.208082879751352
主動,-6.208441356438567
過程,-6.208441356438567
情形,-6.209729428016205
衍生,-6.209872311545016
做出,-6.21037203402529
生涯,-6.210586024905156
聚集,-6.210586024905156
說法,-6.211013690603825
了解,-6.211120541258049
用戶,-6.211298567283048
德國,-6.211654400553183
固定,-6.211654400553183
流通,-6.211654400553183
很快,-6.212187604403958
這家,-6.212720154417842
經典,-6.212720154417842
費用,-6.213024175768657
根據,-6.213412730341659
預告,-6.213783299335304
承諾,-6.213783299335304
訂定,-6.214313897424399
刺激,-6.214490619494754
中華,-6.214490619494754
機密,-6.214843848047698
首個,-6.214843848047698
感到,-6.21505564736031
特地,-6.215901813204032
並沒有,-6.215901813204032
不能,-6.216226823121466
初步,-6.216655927791676
增強,-6.216957207361097
萬台,-6.218010042984363
行政院,-6.218992648433778
元首,-6.219060332448861
文學,-6.219060332448861
不是,-6.219468093376586
詳細,-6.2197591169630995
時刻,-6.220108088040055
機車,-6.221153321954705
金牌,-6.221153321954705
空氣,-6.221848749616356
勞工,-6.221935599828005
查核,-6.22219604630172
性別,-6.22219604630172
黑色,-6.22219604630172
但現,-6.222543065482711
作法,-6.222820481322168
仍然,-6.22288980760245
嚴重,-6.222908049521256
結果,-6.222976449893391
特別,-6.223156344054846
對象,-6.223236273102998
靠近,-6.223236273102998
只要,-6.224228946636675
令人,-6.224274014294258
工資,-6.224274014294258
風潮,-6.225309281725863
公益,-6.225825991461893
幸福,-6.2259980915164155
發電,-6.226342087163631
減輕,-6.226342087163631
時候,-6.2264566918567095
傾向,-6.226685810554666
台南,-6.226810733461296
專屬,-6.226857570288724
專業,-6.226887873779781
不動產,-6.227372442289636
結合,-6.227372442289636
運動,-6.227886704613674
到場,-6.228742457564257
信貸,-6.229425847920695
角落,-6.229425847920695
充滿,-6.229425847920695
預計將,-6.230448921378274
究竟,-6.230789410993443
建物,-6.231469590430681
並在,-6.231469590430681
善意,-6.232148706256169
負責,-6.232949930958658
多數,-6.2332500095411
未達,-6.233503760341135
新聞稿,-6.233503760341135
募集,-6.233503760341135
不行,-6.233503760341135
累積,-6.2343726392209575
環球,-6.2345172835126865
獲獎,-6.2345172835126865
比較,-6.235191653961703
設置,-6.235191653961703
百萬,-6.235528446907549
美分,-6.235528446907549
提早,-6.236537261488694
無關,-6.236537261488694
精彩,-6.236537261488694
勞資,-6.237543738142874
排定,-6.237543738142874
日益,-6.23821342907265
曾任,-6.238547887681328
工時,-6.238547887681328
適逢,-6.239549720840473
學術,-6.239549720840473
更新,-6.2400497721126476
時間,-6.240216328004201
雲端,-6.240216328004201
提出,-6.241435790018174
尋找,-6.241546480596549
新竹市,-6.241546480596549
價為,-6.242044239369551
加入,-6.242789809478676
鼓勵,-6.243038048686294
政府,-6.243310598716468
身上,-6.2440295890300215
考試,-6.244194625886236
互相,-6.244194625886236
用途,-6.244524511570083
關懷,-6.244854146866291
深圳,-6.244854146866291
審查,-6.245117675079415
有線,-6.2455126678141495
普及,-6.2455126678141495
院長,-6.246229917327967
意味著,-6.246498580795801
適合,-6.2471546148811266
購買,-6.248043364736893
公告,-6.248086496575433
爭取,-6.249660271670736
大規模,-6.25009456618883
解決,-6.251087239722508
打造,-6.251394850040104
親節,-6.251394850040104
歷經,-6.251394850040104
出任,-6.251784177257485
單純,-6.252367514459899
會議,-6.253445703896256
強化,-6.253531843527004
真的,-6.253725595250898
遇到,-6.2541128395760675
結盟,-6.2552725051033065
想法,-6.2556583731712525
各方,-6.2557547866430445
體系,-6.256236533205923
專區,-6.256236533205923
而且,-6.256458697665659
力量,-6.2569026859291395
台北,-6.256984856190657
不論,-6.257198426139344
方便,-6.25758258758138
一系列,-6.257838506552783
心中,-6.257838506552783
想像,-6.257838506552783
議題,-6.257876128979445
年月日,-6.258199874273875
直言,-6.258477644978518
國防,-6.258477644978518
這些,-6.258868910571077
一種,-6.259115844185066
剩下,-6.259115844185066
等待,-6.260071387985075
男女,-6.260071387985075
業務,-6.260548372636979
使用,-6.260643706735025
澄清,-6.261024833992398
我國,-6.261568721955659
父母,-6.26245108973043
刻意,-6.262925469331831
付出,-6.262925469331831
為何,-6.262925469331831
不受,-6.263557170507792
選項,-6.2638726768652235
微笑,-6.264817823009537
小心,-6.26544677964648
工作,-6.266440768535021
幾天,-6.268577971882843
從業,-6.268577971882843
變動,-6.269201510370291
債券,-6.269824154895442
教育,-6.269863040554411
自年,-6.269979676645324
計師,-6.271376871894074
準備,-6.272110436307945
身份,-6.272305844402086
不用,-6.272305844402086
開車,-6.272305844402086
確保,-6.272676877728288
沒有,-6.273232834043045
還沒有,-6.273541391414393
行銷,-6.273541391414393
線上,-6.27415784926368
身為,-6.274619619091238
然而,-6.274619619091238
保證,-6.275080898456858
知名,-6.27600198996205
拓展,-6.27600198996205
配置,-6.276614967455347
努力,-6.276614967455347
改為,-6.276614967455347
建仁,-6.276921132065774
產生,-6.277838333002047
總統,-6.278218489736697
部長,-6.278245356913661
障礙,-6.278448725909137
舉辦,-6.278448725909137
編列,-6.279666944048455
分局,-6.279666944048455
願意,-6.28070841812527
承受,-6.281487887940081
落差,-6.282395504742525
危機,-6.283042643115736
大批,-6.283301228703549
予以,-6.283301228703549
方式,-6.283826267431897
是不是,-6.28390399699171
就要,-6.28390399699171
還在,-6.28450592984192
一切,-6.286306738843275
至少,-6.286905352972375
部門,-6.286905352972375
觀測,-6.286905352972375
難以,-6.286905352972375
必要,-6.287503143131319
經歷,-6.288696260590256
開會,-6.288696260590256
保留,-6.288696260590256
耐心,-6.288696260590256
人次,-6.289410560885989
內閣,-6.289588952542597
贊成,-6.289588952542597
問題,-6.2898254815190855
距離,-6.290123688274306
磋商,-6.290479813330673
談會,-6.292256071356476
秘書,-6.293141483450931
基地,-6.2934362201313325
決定,-6.294025094095323
設施,-6.294613170667107
正是,-6.294613170667107
獨立,-6.295284284545145
送交,-6.29578694025161
事宜,-6.2962262872611605
擔任,-6.297103650149257
規則,-6.29754166781816
期間,-6.298159294585307
主任,-6.298336933526379
察院,-6.29928933408768
猜測,-6.29928933408768
年齡,-6.301608669276449
等到,-6.301608669276449
閱讀,-6.301897717195208
國家,-6.302202181212032
機制,-6.302417519150622
脫離,-6.303340078142055
這是,-6.303874594494948
直播,-6.3044905277734875
一事,-6.304835069229006
手上,-6.305351369446623
兄弟,-6.306210508167761
官方,-6.306725176782492
破壞,-6.3067823245530725
主委,-6.306834270547022
銀行,-6.306956206293796
施政,-6.307067950661298
現身,-6.307067950661298
並以,-6.307353389042854
高中,-6.30758160475063
流程,-6.307923703611881
記者,-6.307923703611881
貿易,-6.308777773664721
開拓,-6.309630167425898
秩序,-6.310480891462675
此舉,-6.310764096221262
各種,-6.310952796846392
倒塌,-6.311329952303793
簡報,-6.311329952303793
助理,-6.313023110323238
巴西,-6.3135860326080175
調查,-6.314170698803578
才能,-6.315235409617727
起來,-6.31722734917642
說現,-6.31722734917642
藉由,-6.318540319614666
新型,-6.318897714627487
並且,-6.31917548533213
遭遇,-6.31917548533213
負起,-6.319730494330225
發現,-6.320561680195237
同一,-6.321943464631346
所謂,-6.3222192947339195
實際,-6.322444843677916
國人,-6.3227153478796865
學校,-6.322862217844531
汙染,-6.323045735481702
基本,-6.323962162244844
針對,-6.324984120676384
或者,-6.325241919589885
青年,-6.325789234699378
創立,-6.326335860928752
排隊,-6.3271545124094315
金管會,-6.327271336749585
精神,-6.3275632601872775
幫忙,-6.327971623623011
看見,-6.327971623623011
疫苗,-6.327971623623011
廣告,-6.328515511586272
協議,-6.328583449714202
官網,-6.329601248356519
引起,-6.330143100556445
行列,-6.330413773349191
不敢,-6.33176461264015
言論,-6.332034277027518
總統府,-6.334051440346892
作業,-6.3342749923577495
蔡正元,-6.336059277866349
局長,-6.336059277866349
臉書,-6.337303930252886
不好,-6.338456493604605
假期,-6.338456493604605
放棄,-6.339252634032699
已知,-6.339252634032699
大約,-6.339782584655998
官員,-6.340047317661393
彼此,-6.3404441148401185
接著,-6.340840549812332
最受,-6.340840549812332
社會責任,-6.340840549812332
方法,-6.341157437445437
天然,-6.341368567484551
不必,-6.341895943969397
消失,-6.342422680822207
道理,-6.343999069057161
並非,-6.344261245027637
引述,-6.344588742578714
領袖,-6.344942162765236
當選人,-6.34619644372921
管制,-6.34619644372921
內容,-6.347627832516698
深度,-6.3492127509025575
生意,-6.350248018334163
正在,-6.350506450047771
大會,-6.351022852584124
享有,-6.351022852584124
許多,-6.351159444653783
身體,-6.351796306897024
補助,-6.352182518111363
發動,-6.352182518111363
回饋,-6.352311178897936
機關,-6.3524140800906705
分鐘,-6.354108439147401
版本,-6.3548764225162335
建立,-6.356153384570901
首例,-6.356408327038981
這次,-6.356561220714879
南投,-6.356790460351716
引進,-6.357934847000454
防止,-6.357934847000454
據點,-6.358696099573811
領導人,-6.358696099573811
當時,-6.3589133554472275
辛苦,-6.359456020120986
開心,-6.359456020120986
澳洲,-6.359835482339888
零售,-6.362105319293773
今晚,-6.362984839737095
容易,-6.3634239329171765
彈性,-6.363486624289628
透過,-6.363532212331648
一樣,-6.365937022823617
這項,-6.366769720642408
突然,-6.369586890736344
早上,-6.369957607346053
互動,-6.3706980925755765
一起,-6.372806834188408
本案,-6.372912002970106
地產,-6.372912002970106
交換,-6.373402454159332
研討會,-6.373647472209218
媒體,-6.373774151462778
柯文,-6.3743816980508825
握手,-6.3743816980508825
人生,-6.3743816980508825
通常,-6.3747483460101035
利用,-6.374870493242494
消費,-6.376333586648404
存在,-6.377549077175673
原則,-6.3782161497498775
掌握,-6.378579576115775
學童,-6.378761175316373
每月,-6.379124146070392
採取,-6.379245068939586
深刻,-6.379486813717274
藉此,-6.379486813717274
重建,-6.381175269814223
離岸,-6.381656482585787
小組,-6.382017042574868
年期,-6.382377303468114
事實,-6.38252132418968
發言人,-6.382835385537755
房價,-6.383096929949094
勞動部,-6.3845326154942486
社會,-6.385129419878263
觀念,-6.38524868240322
發文,-6.38524868240322
涵蓋,-6.385963570600698
學院,-6.385963570600698
只能,-6.385963570600698
總會,-6.385963570600698
平等,-6.38738982633873
參加,-6.388912777572923
建設,-6.389621664607619
當前,-6.39022836246913
幹部,-6.39022836246913
日圓,-6.39022836246913
不同,-6.390526079349274
依據,-6.391405632048541
通路,-6.391640703492388
各項,-6.391640703492388
立即,-6.3932241163612975
這份,-6.394451680826216
定期,-6.3953846446262625
討論,-6.395501124305626
手續費,-6.395850376018781
交接,-6.396315608502374
中文,-6.396548037987132
發出,-6.396687435992471
意見,-6.397862793900405
召集人,-6.3993275321586784
主席,-6.399525388418093
曾銘宗,-6.400019635065158
一點,-6.400019635065158
禁止,-6.400365273349939
就算,-6.40048042500961
既然,-6.400710636773232
深入,-6.40094072657035
職務,-6.40094072657035
處理,-6.401319432464583
貸款,-6.402318711275554
下去,-6.402318711275554
高壓,-6.402777069610347
中午,-6.402973360904944
這樣,-6.403561703034079
雙方,-6.403775448169344
觀光,-6.405289429654306
辦法,-6.405517106976376
建構,-6.406880670049125
協助,-6.407120855039247
週年,-6.407560849486362
所屬,-6.407560849486362
執行,-6.407674109229318
明天,-6.408646925655765
提到,-6.408993295044369
高溫,-6.41161970596323
具體,-6.411754350044887
找到,-6.412561339094492
巨大,-6.413634997198556
黨候,-6.413634997198556
參觀,-6.414081572540633
解釋,-6.414438502482157
大樓,-6.415418549938973
足夠,-6.416973172603036
同意,-6.417239121467381
公平,-6.418168662067866
怎麼,-6.418963830703623
紐約,-6.420285884941918
任務,-6.421603926869831
基因,-6.421603926869831
類似,-6.421603926869831
停止,-6.422917980767663
授權,-6.423355116669595
祭出,-6.423573519732735
爸爸,-6.42422807069598
法規,-6.425099273559653
年代,-6.42856671299219
提及,-6.429429264381787
全台,-6.429613874153708
工會,-6.429859898509192
專家,-6.429913697763754
社群,-6.430397591386967
接到,-6.430719887863282
販售,-6.431363764158987
失敗,-6.432006687269598
通知,-6.43252034135893
影響力,-6.432648660013107
制度,-6.43274029298779
自由,-6.434249452396475
得到,-6.434781741324371
被迫,-6.435844365984441
更多,-6.437116093048078
螢幕,-6.437750562820388
時分,-6.440036712541419
學生,-6.441328487681496
發布,-6.4414123202233835
什麼,-6.441709414363143
陸委會,-6.44216608578472
公開,-6.4423055285478075
如果,-6.443637071448852
組成,-6.443732241401597
這個,-6.443919801103023
歡迎,-6.4446692309385245
溝通,-6.445136968713304
要求,-6.445766060657314
每個,-6.446330014919989
建築,-6.446744220465839
希望,-6.447064958266483
措施,-6.448025752873447
協調,-6.4480876666923415
發起,-6.448397103457768
支持,-6.449307847162808
理由,-6.450249108319361
打算,-6.450864692379766
飯店,-6.451684116173622
第屆,-6.452706226511029
第次,-6.452910360231311
法令,-6.453318340047038
中山,-6.453318340047038
大眾,-6.453624073591451
接觸,-6.454946437481059
制定,-6.4557582031041365
自己,-6.456062224454952
社團,-6.456973013635818
補充,-6.457579146995762
改革,-6.457579146995762
消費者,-6.457964428229234
清晨,-6.458486763798207
國立,-6.459995256047391
一項,-6.460195993042832
月薪,-6.4605971888976015
大家,-6.461558549515739
溫度,-6.46179855752511
依照,-6.463295609962003
生效,-6.463594402187
參訪,-6.464787519645937
必須,-6.4648537079386665
這麼,-6.465184498176232
良好,-6.468051791454238
領導,-6.468701711894003
單位,-6.469754063676895
質疑,-6.471487295156774
不應,-6.47207351951832
辦理,-6.473132299173559
商務,-6.473632926873841
污染,-6.474798818800632
隨時,-6.475574344867255
監理,-6.475961589192424
前往,-6.477121254719663
知道,-6.477468551405026
避免,-6.4776356693275154
現場,-6.478907396391152
即日起,-6.481729196960016
確認,-6.482587769526767
各地,-6.48352616747595
帳戶,-6.484014962667563
照顧,-6.484774218948188
推廣,-6.485153349903652
觀賞,-6.485153349903652
離開,-6.485910620334236
每天,-6.48651548739845
一次,-6.487169810784058
房屋,-6.4893020912240305
想到,-6.490426721499199
檢驗,-6.493039588317651
理念,-6.493039588317651
網友,-6.4933186082321015
發生,-6.49333328852625
活動,-6.493568105770091
聯盟,-6.494154594018442
人物,-6.496006598880037
這位,-6.499136994537383
回答,-6.500785172917456
籌備,-6.500785172917456
任期,-6.501333178645567
證明,-6.501880493755059
贊助,-6.501880493755059
相信,-6.502036742895763
瞭解,-6.502973059065631
上午,-6.504409072001051
健康,-6.504878459410216
海峽,-6.505149978319906
女性,-6.505149978319906
航空,-6.5054600779274425
任何,-6.505544612133432
書面,-6.506234359612126
人民,-6.5086942782919355
喜歡,-6.508754102588731
作為,-6.509624894434678
談到,-6.510545010206612
農業,-6.511259310502346
我們,-6.51127809202253
簡單,-6.5123285629470296
萬名,-6.512684396217163
時報,-6.513395189308566
本地,-6.513750150081823
選舉,-6.514964960613505
希拉,-6.516931808868013
網站,-6.5183823155453435
陪伴,-6.5190400386483445
覺得,-6.519302849235428
提案,-6.520090328112842
代理,-6.521835185750824
教育部,-6.5219222448835
適用,-6.522183317618686
巴黎,-6.522531170646417
地區,-6.523746466811565
一位,-6.524006445557372
優惠,-6.5258219521566625
員會,-6.528402437953617
家庭,-6.529772453228238
慶祝,-6.530455843584676
資格,-6.530455843584676
限制,-6.531069976821923
專案,-6.532091606278936
部會,-6.533009022495485
城市,-6.534364605279744
男性,-6.534533756005116
負擔,-6.535209700860484
實現,-6.53655844257153
報名,-6.53655844257153
洪秀柱,-6.539577883345309
精品,-6.540579716504454
這段,-6.543571423962366
設定,-6.543571423962366
熟悉,-6.5445640974960435
候選人,-6.545554507234065
理解,-6.549003262025788
行程,-6.549248556854056
表演,-6.549493713215013
勞動,-6.549820373239367
暫停,-6.55339751012388
照護,-6.55339751012388
小孩,-6.556302500767288
接受,-6.5568450298595815
登記,-6.557266528869904
不管,-6.557908027482705
一天,-6.557988148224913
第一次,-6.558228421803325
提醒,-6.559598869396516
緊張,-6.56062387454993
立刻,-6.564902672529205
進口,-6.5652179498438885
美食,-6.567261692353874
問到,-6.567731962548069
證實,-6.567731962548069
退休,-6.568670978009897
公會,-6.570542939881897
組織,-6.5708230395252105
堅持,-6.57287160220048
程序,-6.573026403300641
新任,-6.573026403300641
形象,-6.5733358400660675
民間,-6.574262829707027
當初,-6.575187844927661
責任,-6.5761108941208395
獎項,-6.577031985626031
小時,-6.577583704288294
美好,-6.577951127729755
聲音,-6.580696939712436
投票,-6.581608366032057
政治,-6.583837427291134
今天上午,-6.585415605659751
規定,-6.587835636896301
衝突,-6.588383768378728
兩岸關,-6.590024024165733
不要,-6.590618948206578
事件,-6.592310024255779
朱立倫,-6.592398846115564
中央,-6.594550389549217
自身,-6.596816935915591
總部,-6.597256282925142
每日,-6.598279700794236
用品,-6.598571663482141
爆發,-6.600755149639618
交流,-6.601045453448491
立場,-6.601712416694042
森林,-6.6020599913279625
反對,-6.603505232202143
立法院,-6.60525530542501
運輸,-6.608097946325279
管會,-6.608097946325279
困難,-6.609238575955086
秘書長,-6.609380944250707
尊重,-6.609978381973561
醫院,-6.610021024664145
報導,-6.611918643496712
地方,-6.614053105987219
還說,-6.618257344840401
電商,-6.619093330626743
呼籲,-6.619510720838498
涉及,-6.620760489994206
公聽會,-6.622421273975671
委員會,-6.622513353798321
權益,-6.624570841761993
簽署,-6.625449647134637
上述,-6.627365856592733
歐盟,-6.629273648410764
東南亞,-6.63103769653674
主題,-6.631443769013172
陪同,-6.633468455579586
上路,-6.639486489268586
當地,-6.641275757231913
特色,-6.6445042374888095
國民黨,-6.645913275033844
日東,-6.648945182165672
人數,-6.650113164443572
人事,-6.650760688764962
老師,-6.650890077856312
昨晚,-6.6512780139981444
這種,-6.656519828567366
今天下午,-6.65991620006985
感受,-6.661244608959334
高雄,-6.662001879389917
落實,-6.662757831681574
支付,-6.665017825412472
目的,-6.669316880566112
文化,-6.671093463944599
此事,-6.672836454171397
規範,-6.6739419986340875
分享,-6.674309888941477
共識,-6.674677467873199
有人,-6.674952948048565
遭到,-6.676876431973137
現行,-6.679427896612119
行政,-6.681783766467881
市長,-6.684126925613075
特定,-6.684845361644412
有些,-6.685920792194535
公民,-6.689841409137505
辯論,-6.689841409137505
藝術,-6.693023067923694
文件,-6.697926444806505
晚間,-6.699108956339093
事情,-6.699664320202373
體驗,-6.700588351363519
新聞,-6.701326163359879
接任,-6.70620554188197
這場,-6.707570176097937
朋友,-6.711526041280055
訴訟,-6.712649701627211
實施,-6.713994267660644
萬人,-6.718003168267018
安排,-6.722469385884031
加強,-6.728516104759767
詢問,-6.729488769179562
電話,-6.729812507160935
災情,-6.729812507160935
拒絕,-6.730782275666389
私人,-6.732393759822968
安全,-6.7352794480604565
氣溫,-6.743196081448701
人員,-6.744002238292972
團體,-6.744449457446798
每桶,-6.747567162737625
商品,-6.748560119973617
政黨,-6.749117662356323
發言,-6.752816431188271
地點,-6.754654069255432
事務,-6.756179516843809
孩子,-6.758306181725307
影片,-6.758306181725307
東西,-6.758609142659743
晚上,-6.760422483423212
各國,-6.763427993562937
得知,-6.774662922537822
聲明,-6.776022825851311
立院,-6.7861833455676335
監督,-6.787602146182338
有關,-6.790566625146076
研議,-6.797406049676382
強烈,-6.800717078282385
司法,-6.8015409061903185
告訴,-6.805092878342673
透明,-6.805636766305935
人選,-6.81050134776653
區域,-6.8174331441113845
訪問,-6.8221680793680175
全國,-6.8255559322903565
北京,-6.828402078491593
九二,-6.8401060944567575
公園,-6.841609712168435
新北市,-6.857332496431268
選人,-6.857332496431268
首席,-6.860218184668756
台北市,-6.8614149186359965
仲裁,-6.865932668193186
清楚,-6.866877814337499
他們,-6.8782344686750445
法律,-6.88218288763027
聯合,-6.891425942847994
民意,-6.894758994371892
通報,-6.902220528279314
中華民國,-6.910837764992683
進步,-6.9257245269360626
高雄市,-6.926959488380276
提名,-6.936111431674854
死亡,-6.93791890264778
立委,-6.94124633604024
認定,-6.9452715815077095
攻擊,-6.949780208362
抗議,-6.9499751778296535
台中市,-6.950364854376123
現任,-6.951531790542348
氣象局,-6.964730921053629
民進,-6.97570746353718
外交部,-6.989271791641693
維護,-6.998259338423699
購物,-7.011316643366872
想要,-7.0246498311794445
中央社,-7.032887258220573
民主,-7.051281183233955
衛生,-7.065952980313869
進黨,-7.07291131585408
總統候,-7.083502619830267
綜合,-7.084933574936716
條例,-7.092018470752797
公尺,-7.0978817447138685
市府,-7.105305762793075
民眾,-7.108497371348259
黨團,-7.149342299291265
感謝,-7.173302841888186
劉德音,
晶圓廠,
廠台,
電奈米,
電在,
電股,
電第季,
何麗梅,
弘塑,
體業,
電奈,
精材,
還原,
股台,
南科,
連結台,
逾點,
配息,
投片,
點台,
電萬張,
線點,
電股價,
攻上,
美國存,
電月,
歷史次,
超台積,
良率,
工現,
占大盤,
電凱,
王大立,
在奈米,
億元台,
挑戰點,
簡伯儀,
標價,
乖乖,
收將,
外資買,
申請量,
點關,
大單,
兆元,
電將,
南京市,
行商,
晶圓龍頭,
晶圓出,
中科,
傳產,
高點點,
超群,
單口,
不淡,
前名個,
將季,
電營,
開紅盤,
傳產股,
約點,
股加權,
電年,
各股,
魏哲家,
電未來,
高效能,
劉坤錫,
助攻,
元台,
減至,
買超,
應材,
超新,
除權息,
點盤,
電法,
國發,
點收,
中來,
前波,
新產業,
單月業績,
封關,
股大漲,
運表現,
將台,
帶動下,
電及,
達新,
茂迪,
電已,
電產能,
商賣,
及奈米,
蘋陣營,
跌元,
回測,
電總經理,
電漲,
電聯,
季線點,
收在,
收高點,
輝達,
配發元,
金獎,
多單,
光法,
以台,
李紀珠,
圓龍頭,
電大立,
英脫,
日線,
電大立光,
蘋陣,
漢微科,
電子束,
億到,
外資賣,
辛耘,
電鴻海,
微科,
性水準,
貢獻營,
電盤,
電對,
單台,
將約,
股量,
電申,
電月合,
基售,
電月業績,
股開,
高水準,
何浩銘,
獨資,
淨多單,
城半導體,
穩盤,
昨夜,
元大漲,
轉賣,
將成長,
建廠,
將減,
王大立光,
帶動台,
營收將,
金台,
股後市,
大台灣,
潘文淵,
止跌回升,
體展,
股日,
吳田玉,
月線,
高大,
追價,
熱賣,
光收,
營益率,
上調,
奠基,
回跌,
韓股,
股上,
兩檔,
看空,
電業績,
案量,
電子業,
研究部,
贏家,
商學院,
文清,
生產奈,
將優,
印證,
自群益,
價格來,
電資料,
凱基,
電是,
超金額,
營運長,
超乎,
王台,
檔個,
廠台積,
縮手,
安謀,
單口淨,
停機,
看淡,
問處,
召開法,
佳音,
設計廠,
電等,
委員會議,
點點,
報價個,
股代碼,
百點,
股價表現,
南科廠,
季減,
收及,
數點,
金富,
電聯電,
股點,
億元為,
罪魁,
綠電,
漢微,
電上,
中漲,
進入量,
立光,
整數,
動下,
回元,
權證發,
停板,
強彈,
以奈米,
儲祥生,
連結元,
比為,
體業者,
偏空,
填權息,
營收達,
觀盤,
元漲,
達兆元,
高標,
中台,
中資,
資動,
機電,
歐美股,
光則,
調至,
股期,
紅翻,
保德信,
技術面,
紫外光,
電不僅,
外資持續,
快充,
造紙,
雙雄,
資政,
矽智,
力旺,
收低點,
展訊,
比值,
股后,
獨派,
費城,
轉進,
傳產類,
熄火,
中場,
撐盤,
基頻,
逾百點,
增率,
電訂,
開盤量,
期顧,
三檔,
紅盤,
值為,
供應鏈,
股中,
認售權,
紅色供,
電南科廠,
小黑,
價大漲,
股權值,
中大漲,
摩根士丹利,
第季量,
日盤,
投片量,
股則,
如火如荼,
電因,
轉弱,
資政名,
漲停,
獲利同,
浦口,
研調,
金國泰金,
金萬張,
繪圖,
同致,
出型,
一開盤,
成份股,
並創,
力守,
創高,
重跌,
一檔,
強弱,
股僅,
元大連,
協進會,
漲家,
紅棒,
圓廠,
攻勢,
禍首,
少約,
點上,
電獨,
電營收,
資賣,
霸主,
漲逾點,
電開,
強漲,
超萬張,
單季業績,
回籠,
百億元,
申請案,
無塵室,
及奈,
調高到,
電赴,
電則,
電營運,
每季,
倉淨,
進榜,
周線,
低階,
出色,
蘋果將,
五加,
觀察台,
影線,
反倒,
衝高,
開始量,
億元營,
進典,
開工,
億度,
低功耗,
超達,
回點,
率將,
電釋,
名個,
張委賣,
點不含,
幅前,
股大盤,
資買盤,
積電月,
電居冠,
改以,
舉行法,
淨空,
磐石,
進評,
自繳,
漲多,
漲近,
穩點,
灣強,
所稅,
散熱,
基購,
片晶,
去化,
竹科,
亞系,
一證券,
單月營,
投產,
級法,
滲入,
將可優,
顧能,
電子類,
作帳,
價持續,
節電,
里昂,
發威,
趕工,
光盤,
蔡明,
產出量,
季底,
買進,
國宴,
科廠,
壓抑,
將配,
回神,
明年初,
超張,
運動會,
點以點,
逐月,
外資及,
電供,
雜音,
因市場,
存調,
同為,
率則,
排列,
電成,
電龍潭廠,
備貨,
湯森,
硫酸,
資不斷,
李政諺,
整合型,
恩智浦,
元大關,
東常會,
電蘋果,
單為,
太差,
震盪盤,
常性,
營建,
進台,
證發,
股撐,
博文,
直逼,
電資深,
一枝,
續強,
行法,
科學園區,
收漲,
損壞,
廠龍頭,
卡位,
反攻,
傳產龍頭,
龍潭廠,
金來,
廠案,
收紅,
現金酬,
沈建宏,
電強,
報喜,
資及,
投資評,
連漲,
試產,
氮化,
外資期,
股賣,
統級,
電持續,
反壓,
點或,
金漲,
連黑,
第一期,
增台,
拉貨,
搶下,
貨金額,
漲股,
均線,
工分,
第批,
跳水,
點開,
股成,
收市,
電月營,
運算物,
說會釋,
電挾,
橡膠,
砷化,
市場並,
大方,
光台,
金收,
新區,
江北,
萬潤,
股東常會,
漲委買,
電技術,
上點,
內資,
價平,
與經,
第季將,
順利達陣,
股領,
電調,
大連結,
聯詠,
收達,
股應,
榜首,
經新聞,
但量,
功耗,
散戶,
股強,
築夢計畫,
漢唐,
江蘇,
收低,
由台,
億元外,
台幣兆元,
越過,
值約,
貢獻台,
產階段,
外資大舉,
電為,
超合計,
往點,
摩台,
雙位,
朱天健,
高俊明,
獲利王,
劉金標,
發點,
崇越,
股相,
量產奈,
理監,
占有,
通通,
正達,
補漲,
元富,
便是,
將再,
電晶體,
拉大,
積電股,
小紅,
超帶,
第度,
創漲,
保衛戰,
出量,
不住,
運作台,
熱泵,
第高,
如虹,
李秀利,
收高,
延後至,
價台,
不淡表現,
衝破點,
既定,
摩爾,
七七,
電先,
年量,
洪淑敏,
帶量,
積電奈,
爾台,
回吐,
元收,
支柱,
出籠,
美林,
恩平,
對後市,
驅動力,
星期五,
未平,
將僅,
光大,
運目,
式微,
億元大關,
外資圈,
新處,
牽動台,
中攻,
場效,
週轉,
擴大至,
第季奈米,
收小紅,
約合,
股短線,
上緣,
奇異,
收跌點,
登陸案,
開漲,
股今,
挑戰元,
再創,
低量,
塑帆,
回測點,
十月,
增創,
國際大廠,
點整,
近慮,
破片,
國偉,
高階產能,
電極力,
千億元,
新思,
季後發,
金酬,
放現,
店頭,
季合,
創單,
衝破,
電富邦,
價表現,
電發言,
光將,
指數來,
股價收,
對照,
仍以,
凱基連,
電評,
為台,
結賣,
藍牙耳機,
過個,
中鋼構,
多給,
貨影響,
坦伯頓,
竹科廠,
積電先,
回補庫,
第一台,
天大,
股尾盤,
配息元,
北區,
設備值,
中指,
資買,
單量,
攀上,
設備將,
壓出,
寶成,
存取,
已來,
觀察國際,
積體,
充沛,
翻揚,
套牢,
標台,
張忠謀親,
出盡,
營業稅,
對奈,
卓永財,
指數盤,
性水,
體類,
師侯明,
低階手,
入帳,
張淑芬,
下調,
無人車,
光來,
高殖,
三雄,
受創,
看旺,
國家級,
早開,
戰役,
產奈米,
調台,
有表現,
盤漲,
生產中,
起伏,
低點點,
游走,
商台,
達兆元續,
施昶成,
矽島,
高居,
積電營,
發區,
經濟開,
急拉,
江蘇省,
億元賣,
營運動,
觀察外,
張銘斌,
減台,
調高至,
轉空,
陰霾,
追高,
僅台,
增奈米,
積電法,
缺陷,
天即,
證市場,
收盤點,
二檔,
零成長,
背離,
電友,
股依舊,
海力士,
職國宴,
淡化,
母校,
軟友,
交貨,
盛況,
美系外,
獨吃,
高晶圓,
易方,
布建,
增聘,
漲富邦,
燈漲,
直至,
新猷,
漲約點,
比比,
將介,
志同道合,
金殖,
體廠,
公司股票,
雙虎友,
吳承,
另一家,
創事業,
字頭,
至兆元,
歐衝擊,
全場,
震盪台,
豐厚,
電資本,
搶產能,
結台,
收黑,
擠入,
黯淡,
營益,
強台,
晶圓產能,
電國泰售,
單遞,
跌聯,
獲利均,
射頻,
標較,
將高,
最會,
手機處,
觀察類,
近百,
數關,
股台積,
百分之百,
頎邦,
科股,
開發者,
鋼鐵股,
電領,
光學鏡頭,
金鼎,
量產奈米,
沙龍,
挑戰年,
累計前,
穩億元,
億支,
葉獻文,
電南科,
巨頭,
營運目,
可領,
計營,
百大,
股匯,
光聯,
做球給,
漢堡,
上下游,
合組,
占有率,
非金電,
航運,
結宏達電,
酬金,
率約,
營所稅,
上榜,
超聯,
推算,
電證實,
不均,
電員工,
艾司,
超過點,
獨拿,
奈米量,
大步,
獲選,
機市場,
出貨將,
工早,
股價大漲,
電除,
點的,
破底,
高效,
營收及,
季增近,
成表現,
稍作,
對產業,
出貨遞,
資人,
三款,
策略性,
他強,
手機產,
將邀,
名員工,
聯電南,
中電子,
封裝產能,
試單,
預期合,
電外,
單一個,
營運將,
結賣壓,
營中,
灣大,
收目,
計三大,
日法,
科漲,
日韓,
分台,
各廠,
創萬張,
創台,
電億元,
急遽,
穩健國,
最熱絡,
金萬,
犀利,
比過,
成蔭,
設立台,
加計,
達漲,
季報,
多頭力,
點間,
營建股,
首座,
英屬,
維京,
退學,
粉絲頁,
凌陽,
詮電,
尾聲,
億元元,
大半,
楠梓,
三安光電,
因美國,
值王,
億晶圓,
光罩,
行庫存,
勞約,
廠將,
一掃,
台達電,
年營,
矽智財,
凸塊,
駕駛車,
報表,
電終,
電並,
差台,
南洋,
重拾,
電晶,
總營,
股作帳,
線約點,
電買,
指數權,
重由下,
縮價,
應將,
電獨漲,
隨美股,
億元國,
股將,
季業績,
晶圓六廠,
墨比爾斯,
及輝,
股後續,
股有,
失而,
高志,
穩住,
寶悍,
微影,
期現,
外資點,
億元到,
標區,
資連續,
專為,
顆奈米,
週期,
個股,
溫台,
股攻,
增近,
連袂,
永昌,
關卡台,
近點,
電客戶,
退潮,
揚盤,
洗三,
開年,
超前,
調幅,
國際板,
下方,
接班人,
業務量,
扣抵,
中股,
股多頭,
各路,
本國人,
電金,
至則,
序幕,
尤以,
奈米市,
股連,
指數則,
仍宜,
天並,
富蘭克林,
攻克,
但台,
經濟景氣,
跟上,
結算外,
高昂,
達台,
出廠,
股收,
股大立,
萬豪,
微機,
電晶圓廠,
及產品,
一路上,
電後市,
技股,
電日,
日台,
攻破,
跌台,
單將,
博士生,
電從,
來臨,
電高達,
盤堅,
五日,
十個,
起薪,
天價,
千點,
金額標,
證券統,
壓倒性,
證券市,
此波,
率台,
受惠者,
層樓,
順利達,
預期奈米,
口逆價,
目標價,
金紅利,
縮小,
創近,
功率,
電權,
點標,
普指數,
說會將,
可觀,
盛事,
賣方,
大局,
貨市場,
比約,
微星,
望台,
公司法,
跌逾點,
演進,
第一句,
單達,
無懼,
激情,
高性能,
科第,
李國鼎,
下合,
籠台,
點月,
重鎮,
證前,
億顆,
權息個,
商台積,
厚度,
量縮,
此座,
股價盤,
計前,
寬敏,
強勁表現,
點但,
導體,
股納入,
積電月合,
電收,
港系,
及營業,
十四,
元現,
回頭,
加溫,
擴廠,
震度級,
軍台,
申請件,
股震盪,
移至,
超車,
僅能,
庫克,
外資動,
移位,
解鎖,
季營,
航運股,
高規,
報導台,
收走,
未納,
將落,
軋空,
補跌,
遇上,
自猴,
勞總計,
事會,
預算台,
東報,
點再,
股馬首,
限電,
中僅,
電內部,
產台,
瑞信,
億台,
股及,
電台積,
商大立,
股除,
泰金,
將創,
相近,
之後台,
盤中來,
以紅盤,
但盤,
活水,
孫又文,
大個,
股股,
點以,
挑戰前,
晶圓大廠,
前例,
拉扯,
資維持,
億元且,
資金避,
絕不會,
中區,
收持續,
產業長,
接帶,
電通富,
少量出,
體化,
學品,
動弘塑,
殷切,
該廠,
弘塑年,
通吃業績,
貨第季,
微電,
平平,
為奈米,
點不過,
漲跌,
欣銓,
封測業,
航運類,
模範,
落後補漲,
股民,
前段,
充裕,
時序,
揚台,
電國泰,
看元,
統一連,
居台,
十家,
基元,
之遙,
電有,
脫震盪,
師及,
國泰證,
全盤,
股期貨,
並擴,
采鈺,
略微,
體庫,
魏永祥,
翻紅台,
電撐,
高至元,
漲元收,
急速,
點費,
億萬元將,
張鴻海,
沈士傑,
產品將,
電登陸,
停元,
光學,
達級,
電自,
若台,
王耀東,
堅挺台,
二天,
瓊永續,
價續揚,
首顆,
積電評,
觀禮,
林文伯,
李遠哲,
園徵才,
邱慧平,
數水準,
機拉貨,
金國,
機將,
率表現,
應聲,
鏈營,
停賣,
股帶,
出脫,
遭調,
盟主,
資上,
趁機,
檔區間,
李遠,
指數續,
台中港,
仍強,
設計業,
點來,
電表現,
電好,
主政,
對員工,
及聯,
交所,
金額僅,
美國道,
第九,
最熱門,
王仲良,
點加權,
買入,
第二根,
破表達兆元,
採用奈米,
收且,
詹家,
達兆元平,
略低,
不淡台,
競爭者,
電估,
跌深,
鏈業績,
滿滿,
中低,
電擁,
空單,
三安光,
資大買,
萬顆,
作多,
泰證,
翻黑,
開放式,
漲台,
虔生,
股下,
網將,
三季,
較強,
電財務長,
點將,
股起,
營收表現,
吳佩凌,
匯能,
日登場,
股站,
口合,
初估,
觀察盤面,
測廠,
短線將,
低階手機,
試產線,
點未來,
收站,
股開盤,
張台,
光寶科,
最壞,
三台,
接案,
以設,
調派,
勁揚台,
資熱錢,
億元大類,
捷安特,
麥克風,
強勁盤,
電後續,
打進,
近台,
選擇權,
資金面,
資青睞,
將親,
下營,
輕薄,
收有,
權證凱,
蘋果奈米,
材股,
電運動會,
光明,
灣發生,
百餘點,
資餘額,
圖及,
行動繪,
快則,
慢則,
順利達成,
中時,
四日,
拋匯,
賣台,
二創,
行進,
極加碼,
送樣,
超萬,
評等及,
股較,
商則,
廠業績,
將比,
使台,
空頭,
億元將,
建股,
財廠,
投資將,
動台,
資持續,
達群,
輪動,
週將,
張百宏,
貨潮,
兌新,
第十,
貨動,
將超過,
現貨持續,
三大類,
機械產業,
電生,
微控制器,
吻合,
電在奈,
贏者,
杜紫宸,
放生,
周線則,
瑞聲,
融資餘額,
二大,
飛翔,
外產業訊息,
評等目,
近千點,
飆上,
手級,
爆炸事件,
台積奈米,
開工率,
看晶圓,
價收,
日線點,
輸家,
看量,
石黑,
瓊工業,
企業入,
渺茫,
率僅,
大熱門,
光鴻海,
電會,
銷售表現,
微科弘,
點失,
追單,
師說,
面相,
反手,
購漢微,
兩方,
股持續,
股面,
半碼,
光光,
日收,
單一檔,
整台,
王美花,
下季,
達電,
將不超過,
採獨資,
回盤,
涉台,
大選前,
之父,
下檔,
運動能,
營收介,
一哥,
高者,
之冠,
營運會,
外台,
口水,
資資金,
值個,
股現,
指數漲,
白牌,
眼光,
點元漲,
電元大售,
已連續,
各期,
獨步,
開平,
高階封,
密切合作,
比將,
外台積,
土建,
電規劃,
拋出,
張統,
薄弱,
轉天數,
台灣員工,
授證,
提防,
分時,
降低成本,
結加權,
看不懂,
灣日,
國泰金收,
聯家,
熱門標,
更多訂,
台資,
展區,
戴正,
連買,
不談,
高年,
效表現,
漲聯,
中國市,
連三黑,
創新要,
高達兆元,
場業務,
上方,
收優,
仍屬,
預計介,
單軸機器,
四倍,
聯電萬張,
體業界,
風港,
源自,
轉進奈米,
跌金,
暖身,
新技術,
外資多,
將趨,
廠員工,
積電上,
電的,
橫向,
股來,
應器,
肥貓,
屹立,
財產局,
儼然,
進入奈米,
缺電,
一包,
網及,
外資調,
江蕙,
津貼,
伙食,
海思,
電翻,
拚先,
四檔,
領先業界,
積電年,
將回,
塑營,
貢獻弘,
營建類,
季成長,
股外,
自大,
股價續,
衝點,
關卡盤,
戲碼,
電生產,
恐較,
耶魯大學,
資金持續,
揚升,
植樹,
績將,
點終場,
居次,
將影響,
同日,
琥奇,
高效率,
定心丸,
預計月動,
電一檔,
衝關,
現價,
跌量,
京城,
內半導,
設計類,
離場,
偏弱,
回日線,
警訊,
投資人關,
戲劇化,
配股,
數台,
迎來,
來將,
與鴻海,
教材,
西進,
這兩家,
點或收,
電現,
聯袂,
過點,
股以,
股業績,
佔率,
拆解,
電和鴻海,
電過,
劣勢,
賺元季,
點營業,
光宏達,
歐民調,
獲利創,
進行奈米,
盤台,
外資目,
群益元,
結標,
隨後在,
電大,
這兩檔,
追逐,
二者,
金國泰,
創掛牌,
天順利,
預期將,
低檔,
顯影,
連賣,
轉佳,
停鎖,
交割股,
將可季,
營行動,
準業績,
億元目,
電以,
產營運,
大餅,
拔河,
抬台,
專利申,
電幾乎,
週自,
週賣,
超上,
碩台,
躍進,
壓力區,
節性,
多口,
圓出,
太高,
透率,
值來,
發新,
統一證券,
廠鴻海,
股資金,
市場關,
力保,
至人,
上修,
積電大立光,
網產業,
資金進,
視半導,
突見,
出強,
彭博新聞,
指數將,
積電達,
四家,
香港股市,
點區間,
億豐,
價約,
手台,
商漢唐,
匱乏,
動土,
中芯,
工紅利,
補貨,
鋼萬張,
大客,
高階手機,
股處,
群益售,
電預,
未退,
夜班,
組裝廠,
億元單,
華亞,
股在,
將採,
電員,
權年,
於點,
兩日,
將受,
股如,
由鴻海,
卡台,
郭智輝,
股暫,
區分,
停產,
二位,
師預,
隱憂,
證券業,
奮力,
三大主軸,
蟬聯,
一役,
張華亞科,
華力,
省委,
台幣重,
周登場,
廠長,
開放態度,
億元表現,
本土化,
金萬元,
電將會,
兩週,
股價元,
殊榮,
大好,
觀察日,
時降,
極買入,
溫至,
投資人積,
或代號,
第六期,
全天候,
下盤,
的點,
恆生,
值僅,
泰金盤,
本薪,
總經理林,
將帶動,
幾家,
日矽,
疲態,
機供,
業將,
川普勝,
置評,
照常,
商大立光,
科展,
護體,
作夢,
積電是,
價俱揚,
股連續,
連結鴻海,
台指,
延影響,
為口,
機械臂,
獨撐,
減對,
施崇棠,
億元間,
低成本,
由紅翻,
台銀,
近尾聲,
固態,
股維持,
名列第一,
中上,
中持續,
商進,
交換器,
戶爭,
奪大戰,
行客,
積電南,
警鐘,
減到,
電反彈,
商弘,
擴建龍潭,
取是,
宣辛耘,
乘載,
添成,
塑及,
發性,
已近,
盤點,
定律,
晶圓生,
殷琪義美,
泥亞泥,
點火,
收表現,
忠謀,
稍弱,
電小漲,
第季表現,
其餘均,
銅台,
壓回,
驚驚漲,
及技術,
股盤面,
時加權,
胡文琦,
戴勝益,
漲約,
修到,
資態度,
單台積,
電開盤,
恐影響,
士修,
貼息,
重話,
電影響,
過量,
安聯,
週線,
點電子,
自營商,
沈重,
康京鼎,
手安謀,
宣去,
開高震盪,
換言,
為盈,
連年,
張鼎張,
林錫銘,
對會員廠,
曾針,
體龍頭,
三日,
老產業,
呼應台,
進目,
計上,
擴建,
點支,
張外,
晶圓級,
漲元來,
碩漲,
數續,
半月,
英瑞,
收維持,
看外,
今開,
一把手,
開市,
更佳,
無量,
停損,
踴躍,
達點,
經濟表現,
股態度,
股價調,
增一成,
放大器,
認養,
楊瑞臨,
重調,
矽力,
電衝,
師陸行,
超眾,
矽創,
的則,
洞察,
光有,
文獲,
非揮,
移動式,
漢翔,
發科中,
減約,
成鴻準,
截止日,
續漲,
力晶,
新進,
數逾點,
第季奈米量,
萬點,
等題,
極度,
計權,
看空標,
經營績,
金約,
相結合,
寶可夢無法,
瘋寶可夢,
僅約,
科來,
利多消息,
而外,
彭明敏,
縮高檔,
外資淨,
投產早,
頸線,
嵌入式,
股月線,
估台,
鄭培敏,
標為,
流竄,
發科盤,
污泥,
萬餘片,
組隊,
底部,
保險理,
開業典,
紅潮,
抬頭,
科政,
往下,
爆量,
股當,
電前,
有二檔,
裕民,
資金居,
以點作,
旺宏,
真理,
唯量,
非蘋,
佳表現,
問候,
不順,
自駕車,
領軍台,
創生,
周國剛,
訊奈米,
海大,
西拉,
電機類,
還不錯,
漸增,
資買超,
鋼鐵類,
調並,
非常少,
轉單,
綠電認,
連紅,
現拉盤,
產將,
蔡明介,
股浩鼎,
新機備,
第高水準,
面表,
產應,
發元,
拉回,
翻倍,
職率,
二季,
看盤,
統計外,
收台,
智能化,
價以,
台積法,
收元外,
搶眼,
用奈米,
獨家供,
至費,
收季增,
惠普,
雙鏡,
獲利將,
股汽車,
至個,
達鴻海,
股近,
體供,
靜態,
縮小至,
收產生,
增約,
能為,
入列,
創元,
科及,
破表,
總員,
工數,
小到,
銀集團,
標機器,
期表現,
廠江,
拉尾盤,
請件數,
線約,
回補空,
老綠,
股並,
名列前茅,
高成,
線台,
工將,
監事會議,
更強,
股均,
陸續將,
逾兆元續,
購權,
億元收,
電轉,
動工,
電半導體,
連個,
積電受,
技業,
值股,
電加,
碼評,
獲利數,
坐領,
空出,
股價漲,
甲仙,
光日,
一席,
時台,
鏈漢微,
連假前,
攻數據,
股晶圓,
張忠謀前,
瑞昱,
收紅上,
股能,
羊台,
櫃企業,
竹南,
搶單,
人手,
餘億元,
扶搖直,
競爭關,
電創,
問世,
逾宏達,
出場,
點或來,
泡沫,
應是,
不出,
儲存型,
資法,
堅攻,
利達,
羨慕,
停價元,
錯表現,
稱霸,
廠區位,
急攻,
未平倉,
破點,
吳澧,
光電股,
估到,
手表,
正反,
進據,
電多達,
展將,
股價創,
順勢,
總營收,
清大,
漲金,
跌近,
估奈米,
計廠,
國泰證期,
電優,
翻升,
新意,
超逾萬張,
三度,
點收盤,
電走勢,
宏博,
測產業,
教案,
密度,
群雄,
各為,
萬萬,
電長,
航運觀,
運成長,
漲動能,
短小,
電明,
創新產品,
輔助系,
歐效應,
劉德,
轉投,
打頭陣,
產業將,
張忠謀則,
雙輪,
致股,
朱晏民,
開始產,
這一波,
超自營,
高目,
愛立信,
超元大金,
吳澧培,
單產出,
該產品,
學堂,
財子,
明晚,
均富,
創新會,
股早,
電根據,
愛行動,
思蓓,
開高拉,
說會本,
挑價外,
生產加,
傲視,
過了,
連結股,
積電申,
無畏,
修資本,
明台,
進超,
推動台,
具題,
揭曉,
創業者,
獨拿處,
高階封裝,
輕薄化,
股陸續,
穩高價,
聚丙烯,
資積,
股樺漢,
資獲利,
衝高後外,
零食,
現高,
歐時,
車供,
業是,
指數拉出,
點元大,
第季拉貨,
高思,
電來,
股漲點,
衝擊台,
平均值,
連結標,
減半,
成長將,
明會後股,
數跌,
生技業,
瓜分,
營運持續,
已大舉,
漲晶圓,
超過兆元續,
拉動,
單中,
電受,
金友,
點報點,
台灣廠,
光漲,
擴大免,
稅項,
不計,
變台,
攻至,
廠務系統,
七個,
價漲,
出名,
強攻,
年報,
貨訂,
電同,
同創,
今盤,
恐會,
慰勉,
貶逾角,
跨校,
攻頂,
竹市,
陸資來,
積奈米,
元大,
說會個,
憂心外,
指結算,
機光,
整將,
積電聯,
修至,
中權,
產奈,
慶祝大會,
購華亞,
貿聯,
衝台,
林威,
看跌,
價量,
五窮六絕,
源源,
穩電子,
告書,
起步,
誕生,
擊敗,
微降,
臨不論,
機等,
技嘉,
當先,
避之為,
開始型,
節後的,
試水溫,
研華,
會量,
段落,
解析,
及物,
逾元漲,
過台,
資喊,
武漢新,
急殺,
傑發,
約兆元,
電不會,
因英國,
積電及,
進逼點,
空手,
張忠謀個,
明會台,
將蒸,
級個,
證衝,
收腳,
時則,
權證台,
略降,
未來市,
互有,
觀察美國,
網通類,
放行,
美濃區,
將召開,
大陸設,
測業,
系外,
雖為,
電可,
打出,
缺少,
連季,
廠並,
收約,
存去化,
張日,
廖祿民,
單動能,
收衝,
電即,
轉化,
及後續,
增發,
發市場,
突圍,
收數,
金鴻海,
現震盪,
友達群,
抵銷,
觀察月,
人及,
點至點,
縮震盪,
高姿態,
紅助,
高階鏡頭,
漲元為,
銷售動,
成品,
時代來,
獎者,
張大立,
收外,
師眼鏡,
更直,
整季,
準天,
數也來,
降權,
營運商,
浩鼎漲,
探底,
人模,
張忠謀及,
日點,
資結束,
營收來,
電路板,
修為,
商標,
漲升,
關後市,
股價衝,
證跌,
起漲,
運而,
獲新訂,
股新,
電在後段,
大台,
睡蓮綻,
睡蓮,
香水,
葉夜,
排班,
廠產能,
回平盤,
中國通,
萬度,
翻天,
壁壘,
攻點,
言表,
獲利較,
歷練,
這已,
領到,
強敵,
達萬張,
還須,
外患,
點短線,
居首,
華映,
落腳,
隨蘋果,
大陸市,
空勢力,
以光電,
電未,
點終,
張俊雄前,
詩人,
經建會,
電在奈米,
正逢,
緊鑼密,
顯優,
由羅鎮球,
體產值,
波資金,
眷屬,
第二代,
受國際,
挽回,
裁員及,
點時,
朱天,
電走,
台灣供,
數終場,
營收季,
整齊,
近五個,
淡定,
庫藏,
電展,
沈學榮,
蘇聯,
震傷,
通訊產品,
美國及,
不濟,
電國泰金,
繼聯電力,
減年減,
落地生根,
重獲,
集成,
結月合,
成將,
爭食,
自傳,
打亂,
鎧勝,
面見,
資動態,
電還,
將出現,
雙雙開,
金像,
張忠謀強,
金遭,
舊產業,
雖逢,
人資,
收當,
練兵,
發紅包,
紅包,
雄厚,
超多,
碩禾,
數類,
當過,
南科及,
暨鈺創,
未受,
勞健保,
學術界,
發科權,
看俏,
資參與度,
二產業,
指紋識別,
股前,
因大,
必需品,
鼓舞,
標季,
三強,
次之,
親臨,
變化將,
輕微,
貢獻將,
數漲,
股價震盪,
龔明鑫,
維持營,
防禦性,
棄息,
已量,
電成長,
擴大台,
以內,
前十名,
齊揚,
資連賣,
現跌,
大陸股,
搖晃,
工有,
減影響,
超低,
線大關,
主攻,
不大台,
第季處,
內晶圓,
機廠,
負值,
大購,
庫藏股,
發放現,
電高,
進台積,
著墨,
獲外資,
按兵,
調受,
數年,
確立台,
證元富,
歸隊,
水中,
插曲,
發科及,
矽戀,
雖低,
超匯,
超權值,
發表新,
領軍上,
紀錄並,
這四檔,
概算,
衝破千億元,
觀察半導體,
股若能,
指日可待,
續將,
體的,
指數連,
股聯,
期貨淨,
點漲,
上周四,
明亮,
傲人,
僅供,
產成,
節前,
揚帶,
日訂,
領台,
電憑,
自給,
投資額,
通訊大會,
時代台,
穩國際,
豐碩面,
銅牌,
過面,
獨得,
電腦展,
態系統,
看景氣,
大企業,
電應,
購入,
指引,
信邦,
相當台,
逆風,
德林,
陸企,
廠群,
翻紅鋼,
開小高,
股匯市,
大陸晶,
若要,
明後年奈米,
貢獻度,
產晶,
浸潤,
資主導,
進鵬,
修銷售,
企管,
似藍牙,
藍牙耳,
正崴,
火熱,
光環,
當樂觀,
營運相,
電看,
許未來,
高超,
過兆元,
資稅制,
研磨,
唯獨,
轉倉,
收元宏達電,
資並,
都屬,
玻陶,
民奇,
衝破兆元,
觀訊息,
為連,
電郵門,
電南科晶,
進奈米,
電全,
計畫轉,
第桌,
聯亞,
遭外資,
東會前,
美台,
創計畫,
盤進,
計賣,
開個,
運系統,
點不僅,
應為,
黑手,
芯國際,
轉買,
現將,
成長僅,
型號,
能略,
手機將,
豐凱基,
資建議,
將轉,
電維持,
新紀錄,
驍龍,
跌鴻海收,
電子次,
研究成果,
美國景氣,
生產國會議,
野心,
查訪,
購會,
避談,
閉口,
詳答,
設計及,
四重,
發生且,
斷電,
林院,
啟議題,
最後結果,
矽品合,
一重,
好菜,
產業整,
應當,
惡意購,
誠實面,
連結漢,
止血,
宋恭源,
火速,
座落,
一較,
億元創,
股價來,
點壓力,
微米,
電累,
張忠謀會,
輕化,
這兩年,
量產晶圓,
榮光,
採奈米,
進用,
廠新,
進人員,
轉進奈米後產業,
風險性,
出超,
二個,
點除,
收較,
股因,
電罕見,
紅台,
開法,
忘記,
現股,
商為,
股過,
往上拉,
盤中漲,
大三,
盤後股,
逾家,
錢冠州,
較輕,
面將,
郝明義等,
高階設備,
獎頒獎,
強強,
傳產業,
關業者,
校全場,
戰點,
兩顆,
臨點,
過盤,
貶台,
爾資料,
發生斷,
業供,
減少台,
工薪,
權證元,
解套,
股順利,
科輝,
檢修,
登漢唐,
跳槽,
黑外,
發條,
材面,
研發費,
美西,
外賓,
洪鎮海,
遞延,
師節,
中線,
也僅,
薪酬,
投資設,
該員工,
調薪率,
浸潤式,
遠優,
隨勢,
科將,
點創,
多分,
需觀察,
接續,
目標邁,
家廠,
數日,
路通,
過成,
一企業,
股連日,
未含,
證券期,
貨顧,
游客,
名下,
區懷生,
中石化,
攻高,
電設,
商進行,
瓊期,
貨電子,
業與,
觀察不過,
獲利皆創,
軟板,
機會攻,
面來,
發行量,
未變,
從技術,
破表高,
組廠,
差明,
顯收斂,
筆電鍵,
組裝業務,
階手機,
機及,
控技術,
辨識市,
及微,
生產超,
協助家,
網路市,
貨超過,
手機市,
倍觸,
過種,
樂趣,
釋股,
比月,
強整,
使用率,
深具,
電器,
趨樂觀,
節點,
獲台積,
紡織盤,
行動處,
運動產業,
全國營,
國稅,
雖然量,
康友,
盤欲罷,
消長,
資先,
奪冠,
品線,
康帆,
強勁類,
發科漢,
微科及,
過後台,
變色,
積電淨,
果粉,
大減,
產年,
全率,
電美國存,
股人氣,
德意志,
經連續,
驚漲,
點距,
崇仁,
開高直,
電積極,
被動,
電早,
第根,
仍逆勢,
節約,
服務團,
強項,
發科來,
點分台,
解凍,
機銷售,
科林,
營收表,
走堅,
終場僅,
日大漲,
聯電則,
竹科及,
收跌台,
貨表現,
隨著台,
骨牌,
日拉出,
探點,
斥資,
貨會,
微乎其微,
貨時間,
資不願,
貨中,
自台,
電今,
台灣生,
預見,
還需,
未明,
過長,
爾將,
預先,
財大廠,
頹勢,
擔綱,
瑞銀證券,
逐夢,
湧進,
股單,
資力,
現貨價,
機械國防,
彩晶,
穩撐,
超動作,
隨現,
除強,
下股,
股拉回,
證期,
攻盤,
漲百點,
緊供,
文伯,
張懋中,
最有,
要是,
速率,
已到,
點為點,
李麗珍,
領先台,
高外資,
碩廣達,
師的,
雖相,
葉獻文點,
高階機種,
電廣達,
獨秀,
減持,
穿越,
衝刺奈米,
約元,
而產能,
線來,
日經亞洲,
賣出,
換成,
電決定,
受聘,
穩台,
鐵股,
而奈米,
體個,
電將端,
科針,
電美系,
補貨期,
隨著奈米奈,
聯電聯,
鋼及,
數早,
擠進,
穩腳步,
打昏,
戰火,
由大立,
跨域,
轉戰,
電和大立,
進亞洲,
貨奈米,
已導入,
第季出,
試產年,
業界表現,
積電遠,
金盤,
股氣勢,
股護,
比電路,
發表奈米鰭式,
欣興,
增億,
聯芯,
王寶座,
應大陸,
計算現,
股線,
數仍,
價計算,
該校,
整至,
科海,
許會,
張忠謀夫,
股多空,
穩後續,
雙鴻等,
非但,
股達,
漲國泰證,
漲群,
鋼鐵盤,
相對持,
億占大盤,
三倍,
書及,
決台積,
提請,
盈餘擬,
東常會議,
任張,
發表台,
忠誠度,
總獎,
實作,
美超級,
產業展,
黏著,
穩坐,
獎年,
拚奈米,
專精,
發來,
開發階段,
正以,
進階開,
意法,
首台,
翻紅收,
貪得,
無厭,
電發,
洪廣禮,
創客,
股轉,
電稱,
調機構,
爾及,
競電腦,
驍龍處,
首當,
裁減,
收相,
應台,
繼月,
金雞母,
思維來,
編列釋,
貨由,
性賣,
電以奈米,
廣積振樺,
飛捷,
電腦廠,
四所,
杜聰明,
杜聰明獎,
統計台,
添增,
點稅後淨利,
約奈,
機會展,
張忠謀演,
講新,
考上,
用水量,
施宣輝,
打工仔,
宣輝,
結鴻海,
尖端,
發言人孫,
前瞻,
廠展,
中國設,
吸附,
跌股,
產時間,
踢踢,
營運釋,
業法,
雖未,
趁勢,
資圈,
開股,
統單,
調面,
李強,
電回,
萬千張,
電英業,
趨近,
選及,
撤資,
避風港,
營收數,
線之間,
獲此,
資賣壓,
電壓,
成大,
影響性,
溫跡,
擁下,
漲樂,
電達,
繁體,
中文版,
產業面,
紋辨識,
領電子,
布下,
工進度,
體景氣,
最後一筆,
往下走,
更能,
當面,
關台,
獲利新,
革命性,
數值,
關表現,
工當,
技術驗證,
車無人機,
領域將,
近股,
第季略,
隨後翻,
電源供,
擴大奈米,
提供者,
箱型,
開台,
轉到,
名分,
計龍頭,
市價,
費半,
證熱絡,
積電即,
精華,
體晶圓,
超額,
恐因,
高至,
可謂,
鏈產值,
矽晶圓,
歐後續,
消息面,
資為,
高手,
趕不上,
工們,
示警,
額將,
集邦,
獨強,
拉攏,
自中,
股綠能,
悄悄,
材發酵,
點日,
遊樂園,
轉用,
阻力,
授予,
翻紅漲,
人要,
調奈米,
投信則,
躋身,
疑問,
微縮,
授命,
臨危,
隱形,
最後一,
美邦,
撮合,
氣盛,
內要,
貨是,
電史,
開始拉貨,
恰恰,
廠量,
獲利則,
貨且,
能將,
開在點,
較營收,
更連續,
減稅後淨利,
廠當,
高飛,
振翅,
突起,
學到,
運將,
超餘,
投資先,
電原,
演講時,
結緣,
書開,
話鋒,
電的員,
細數,
最多達,
附屬,
沾光,
過奈米,
飆股,
提倡,
連結友,
總成長,
第季法,
連四黑,
成鴻海,
杜旭純,
發電系,
迎合,
電下,
成台,
跳躍式,
緩台,
這三檔,
隨著供,
廠中,
師預期,
空方,
電和大立光,
急先鋒,
測技術,
跌樂,
顧不會,
科創,
觀展,
愛美科,
高階產品,
治國,
機種並,
工作台,
已連,
設計龍頭,
開賣後大,
歐系外,
起連續,
開發出,
林伯豐,
工商界,
產能將,
盤鴻海則,
電維,
點營益率,
穩步,
紅會,
前身,
面個,
隨國際,
紡纖股,
彭明敏辜,
聘任,
購台,
需求量,
年均,
點並,
發科鴻海,
撰寫,
資則,
擔心川普,
結算日,
急升,
頻創,
跳高,
穩居龍頭,
貨將,
這兩大,
電傳出,
意謂,
獲外,
是鴻海,
觀察指,
日還,
僑外,
電張,
產業裡,
電工,
通吃,
漲友,
矽品將,
挑戰台,
緊產品,
大成,
灣銀行,
生技光,
詭譎,
多變,
出擊,
帶動國,
股羊年,
狙擊,
教父,
爆台,
親自為,
變以,
為鴻海及,
重為,
網業務開,
電物聯,
發處,
瞻為,
早表現,
瑞昱宇,
選在,
逾千人,
重達,
第一份,
果然,
電統,
採逢,
落後台,
股逆勢,
講求,
股鋼,
成法,
殺出,
焚化,
換機潮,
進一個,
第三季,
高調,
科強,
痛失,
重兵,
碼台,
科南,
強類,
激鬥,
收歛,
整財測,
彌補,
行情表,
操刀,
購從,
金電期,
逾口,
禁得起,
築夢計,
演藝廳,
青春,
擴大資本,
檔標,
收益率,
損萬元,
難講,
看相,
震震,
高精密,
盈餘則,
影院,
平盤點,
產品則,
超強,
已足夠,
貨副,
高階手,
觀設,
電據,
新動能,
很強,
茁壯,
從元調,
並協助,
掩埋,
短少,
點之間,
王兆立則,
砍價,
由原,
豐沃,
過宏達,
集團作,
黑盤,
收月線,
泡沫化,
萬千點,
爾約,
將問,
數倍,
火台,
攻堅,
將具,
擢升,
張曉強,
秦永沛,
玉傑,
新舊,
韌性,
東洋,
虧元,
差異易,
測器,
比聯,
計及,
研以,
獨秀聯,
投資半導,
結合產,
統為,
積電開,
變現,
機虛擬,
淵源,
點驚險,
體產出,
生產據,
除奈米,
試產良率,
任資深,
因台,
數盤,
軟銀,
日大盤,
補空,
漲鴻海收,
郭台銘拔,
強中,
率預,
環差,
點為,
股會,
恐無法,
逾類,
日增,
攻勢止,
股紛,
自亞洲,
漲至點,
袋為,
紛成,
結入,
恐慌性,
趨向,
泰證期,
工整,
惟量,
打敗,
資金技術,
電繼,
逾元,
較重,
過臨,
沒聲音,
鼓掌,
白講,
整好,
遞給,
電各項,
順利通,
時動議,
結算後外資,
注明,
攻奈米,
發科收,
數據表現,
盤前,
電發行,
電進,
金跌,
為宜,
立基,
竹北,
已漲,
產進度,
成威脅,
股出,
扇出,
驚奇,
轉王,
橡膠類,
為後續,
發科日,
論文前,
第季動,
追平,
近倍,
設大,
期能,
進調,
股衝,
每片,
第季用,
那斯達克費,
重展,
締造,
用愛傳,
憨兒,
影志工,
缺貨到,
投資要,
普遍性,
用到,
數蘋果,
方略,
創等,
元晶,
空交戰,
管區,
破裂,
大老,
資選擇,
跟不上,
重摔,
科成,
驅動廠,
業景氣,
未來物,
跌至點,
這顯示,
變且,
鞋子,
時間點,
說服,
進逼,
碩表現,
收元漲,
數再,
更大,
帳面,
盧秀燕,
遺贈稅,
醬油,
稻米,
股明,
數拉回,
顯拉回,
近友,
挫電子,
股後新,
走平,
體股,
震盪僅,
美國費,
提共識,
股觀光,
車大廠,
漲道瓊,
往盤,
鐘又將,
戶訂,
金融界,
全心投入,
這兩,
金高達,
廠漢,
項產品,
戶輝,
積電位,
業聯合,
試廠,
技術員晶,
職缺將,
鴻海收,
富蘭,
凌岩聘,
百家,
電連續,
電等個,
連紅並,
投資台,
股龍頭,
靜待,
企業主,
電獨家供,
強敵獨,
該處,
電擊,
新機處,
而來,
萬台調,
師郭,
本周一,
依序是,
點英國,
補台,
恐出,
生產年,
綜所稅,
爾台積,
產時,
巨量,
電去,
數持續,
漲達點,
順利將,
遞件,
股持,
晚年,
王台積,
積電供,
賽靈思,
獨有,
正積,
連續季,
點到,
徵信所,
獲利賣,
著台,
樊晉源,
產學研,
廠力,
電處,
緊接,
資通訊產業,
張家瑋,
概股,
歷過,
社論,
恐對,
劉鏡,
發經費,
樺漢,
廠興,
領漲,
新頁,
鼓建廠,
金平,
經亞洲,
貨億元,
狂銷,
收恐,
顯卡,
節不過,
目標區,
財信,
第三座,
鞏固江,
積電晶圓,
片區,
投產後台,
新晉,
資赴,
橋林,
最後一塊,
經是,
產業合,
維護費用,
環保設,
施及,
抵抗,
金統,
經濟典,
電子級,
重金,
接替,
國庫,
高階市場,
點大,
沿著,
籌碼面,
遠憂,
領萬,
韓等,
減資本,
股要,
溫水,
技術家,
爾有,
機會導,
影技術,
登在極,
獨董,
金高層,
購華亞科,
重台,
結算盤,
機手,
探元,
震盪拉回,
資金轉,
現小紅,
玻陶少,
翻小紅,
黑半導體,
擴量,
進電子,
雖然法,
貨布,
超外,
網下,
繩菲律,
音顏,
賓及,
田玉科,
林研發,
閉鎖,
電系統,
可愛的,
忍不住,
股殖,
運往,
量產後需,
權證試,
幣走勢,
調配,
顯華,
白白,
數縮,
忍受,
雙項,
座標,
比大盤,
確表達,
要面,
鋼統,
葉菊蘭,
耆老,
清華,
美化,
普台,
聯鈞,
德華映,
百倍,
所大專,
遠見,
蔡美娜,
減億,
首件,
電服務,
化妝品,
金在,
科華碩,
矽晶片,
進場試,
發先,
載奈,
觀察台灣,
正果,
贈馬佐平,
豐洲,
羊蹄甲,
神岡,
發展局,
應植樹,
樹苗,
桃花心木,
植大葉,
植樹株,
蜜月,
歷時,
聯電格羅方德,
股史,
多領,
工程系,
碼調,
離去,
桌則,
引導產業,
過後,
豪威,
拉貨動,
獲利雙,
社會賢達,
雖然現,
財產資料,
抵禦,
林格勒,
隨後就,
略有,
這數,
雙鴻超眾,
審結,
專利新,
延攬,
全面性,
僅為,
寫成,
組合優,
買單,
組拉貨,
平業績,
觸底,
鏈出,
需求增,
頭手,
戶華為,
隨著點,
持穩,
帶動供,
消費端,
熱度,
成市,
揚後可成,
短線量,
歐陰霾,
減反,
比元,
下鴻海,
新將,
人績,
認購度數,
調升後不會,
贏家台,
推到,
本月底,
電由,
行產能,
電相當,
通膨率,
差元,
態度面,
投資及,
身價,
極力,
豐碩,
量則,
數已,
廠則,
幣走,
電中華,
餘點,
積電將,
證空頭,
引發權,
惟賣,
計有,
每支,
養分,
親身,
表彰,
折算,
師陳,
春燕,
敦聘,
無給,
計業,
不開,
碩營運,
不可避免,
第一座,
廠營,
跨產業,
科弘塑,
辛耘家,
第季奈米市,
補庫存,
產外,
電撇開,
心照,
衝刺奈米市,
變動勢,
資關,
獨拿不過,
年後量,
已展,
延導致,
減數,
率採,
必影響,
激發,
泰富,
投資應,
挫跌,
點僅,
電傑出,
明盟,
胡正,
立自動化,
電報導,
魅族,
科研,
腳伸,
跳升,
借重,
格羅方德,
體系益,
海宏達,
能僅,
領著,
擴產,
轟動,
桌坐,
集團會長,
淨利及,
駐美,
投資處,
引薦,
收發器,
盛傳,
撇步,
成形,
通高,
熱台,
投資會,
明晟,
代廠,
搶產,
能效,
貨市,
電其,
數維持,
積電張,
德儀,
恐下,
為物,
結國際,
葉滿足,
密封,
尚在,
現連續,
需個,
急縮,
電晚,
證券亞,
運動館,
科為,
社會責,
確信,
金連續,
處資深,
高學,
歷人員,
歷化,
進技術,
籌設,
第十名,
賴浩敏,
等位,
組裝費,
極買盤,
首支,
老大哥,
隱私,
提存,
看重,
爾處,
總經理侯,
進此,
而架構,
爾擊潰,
百億學費,
爾營業,
要能,
聯軍挑戰,
電往,
永清,
獨占市,
電攜,
高階先,
進者,
鋃鐺,
獨大市,
過後來,
肥美,
電信商,
陣容市,
抗紅潮,
游泳池,
百里,
推銷員,
過人體,
春技術,
電錄,
達篇論,
電阻式,
轉學考,
物理系,
讀書後來,
幫藥商,
揚揚,
漣漪,
開放中,
第四站,
時代聯,
林文,
談聯,
講解,
牽扯,
資議題,
接二連,
杰偉,
洲杰,
自介紹物,
環車,
發科開,
統產品偉,
竹科為,
沸沸,
科瑞昱鈺,
壯大,
未揭露,
需時間,
廠區則,
貨所,
房並,
賠納入,
水電,
張忠謀離,
張忠謀批,
盼望,
記半導,
強手,
機用,
移到,
近三年,
戰台積,
沒辦法,
廠弘塑,
深信,
程中,
文山,
現貨標,
溫表現,
第三名,
隨日台,
現升,
潘公,
綜合者,
潘文淵為,
敬佩,
扶持,
投資標,
將產品,
積電為,
潛在,
高達元,
聚中鋼,
廉政,
許影響,
規模還,
數季,
照表,
新村,
推動產業,
近家,
讓鴻海,
現不佳,
現補,
科加權,
日長,
破月線,
籠盤,
權證僅,
點表現,
追多,
指數型,
獨大,
燃油,
工作效率,
預言會,
認證後技術,
露頭,
角台,
師採用,
駕駛習,
統會,
時代快,
電以種,
德商,
拋售,
脈動,
歐影響,
洶湧,
都將,
感嘆,
原理,
遇見,
決審,
桃竹,
盡頭,
洽台,
畫分,
議室,
關廠,
招手,
強心針,
從奈米,
電各廠,
車載,
技術開,
林全會,
逾成,
戴正吳,
環持續,
挖角,
網際,
銀彈,
難解決,
聯訪,
陌生,
金額將,
排擠,
第季台,
廠因,
配戴者,
眼鏡訂,
視野內,
能事,
改用,
李國鼎們,
耀東,
認為現,
證半導,
描檢測,
描顯,
摸索,
顛峰,
業界漢,
美光格羅方德,
後終,
微技術,
微科以,
時元,
漢民,
能克服,
科業績,
隔年,
臨瓶,
年並,
躍居晶圓,
經無法,
汙水,
金及,
現台,
成及,
頭來,
發想,
立大學,
投資大,
金將,
爭相,
成局,
稅賦,
面針,
布拉,
方國家,
德國學者,
獎人,
貨作,
重承諾,
連環,
證尾盤,
熱絡權,
數及,
排程,
授旗,
空壓,
油當量,
起營,
電聯電友,
整機,
晉升,
效個案,
資產品,
繼年,
編程,
每度,
購度,
樣貌,
王志超,
掌舵,
攻城掠地,
麒麟,
浮上,
不缺,
對待,
群聚,
範例,
走來,
遺餘力,
電志工,
李正春,
總產能,
師為,
資機構,
出眾,
組會議,
獲利淨,
達以,
數十億元,
紅利,
輪替,
體將,
以國家,
看物,
筆記,
這時,
邊聽邊,
獲雜誌,
聯電轉,
郵政,
遲早,
獲道,
綜效,
總統致,
標竿,
財務顧,
老將,
帝傑,
邱慧,
用料,
鏈及,
終獎,
蒸發,
廠海思,
百利,
過件,
科技股份,
康企業,
競合,
續創,
花錢,
留不住,
認股,
翻身,
沒日,
約成,
拔得頭,
百萬度,
為戶,
購戶,
處理廠,
能市,
繳了,
用次,
根據櫃,
承銷,
流動量,
調將,
李智貴,
辭去,
張秉衡,
洪鎮,
強的,
採行,
電任,
正樺,
電擔,
很棒,
戴樂格,
體積,
電億度,
銀成,
英傑華,
壞帳,
西雅,
運長,
經積極,
開放給,
數億元,
計畫針,
研究生,
業還,
達將,
研發友,
經費予,
校級,
期實,
液晶面板,
機會外,
此透過,
期實習,
相關津,
表現傑,
正職,
從學校,
電跟國,
權台,
電實習,
科學委員會,
習者,
研進,
觀摩,
指導員,
生友,
選中,
泥沼,
攝錄,
著來,
電研,
電內,
顯大陸,
電副,
次資,
郭董,
發明類,
預算數,
榮鎮,
比奈米,
資深者,
投資事業,
論文數,
陣容,
省級,
必定,
減台灣員工,
競合關,
雙輸,
遠願景,
趕上,
網成,
必要性,
每一個,
除以,
漢民集團,
歐美日,
理監事,
繳庫,
極爭,
電以件,
進國家,
整年,
過的,
案台,
文說,
師無,
帶子,
震後台,
延後到,
齊力,
震後廠,
還掛,
震台,
愛黑,
構性,
產業者,
需產業,
工會用,
調高免,
準及,
稅額度,
行動證,
當奴隸,
達遠優,
工約,
工心聲,
已年,
給聯,
減連,
股災,
林恩舟,
眼中,
耀眼,
爾件,
東電,
電件,
工件,
技術門檻,
跨業,
電股權,
達件,
挑戰要,
熱能,
廢水及,
減名,
第一波,
缺水,
獎及,
未來會,
財務性,
表揚,
擴大市場,
給員工,
慘跌,
以至,
大氣,
離無線,
近距,
許多廠,
彈升,
范義鑫,
快步,
研發費用,
設攤,
懷偏,
電關,
教協會,
師資及,
歷屆,
首創,
急迫,
急國際,
警惕,
踏入,
工業化,
海內外,
頂著,
全員,
放陸,
韓中,
工年齡,
轉給,
時茂迪,
量大增,
非核心,
通威,
電池廠,
資事業,
認賠,
評審,
環團,
水一噸,
萬噸則,
水源,
很適,
近況,
鼓勵員,
灣企業,
總研,
低落,
拓點,
市調,
正成長,
貨效,
引申,
腦膜,
標局,
招聘,
贖回,
貶破,
遺症,
加熱,
鍋爐,
委外,
工業界,
工績,
全面禁止,
根留,
固守,
閥業,
削價,
閥門,
灣金控,
青輔會,
廢水處,
講到,
遠低,
未定,
營運狀況,
幾項,
留住,
熱泵系統,
業用,
燃燒,
熱源,
故障率,
養份,
控制力,
書設,
撤案,
科到,
開放會,
購換,
沒要,
誤會,
陸資成,
賣聯,
輸送,
球閥,
流體,
極致,
絕技,
洩漏,
講究,
逸散,
迷思,
環保節,
